ISO-10303-21;
HEADER;
FILE_DESCRIPTION(('Open CASCADE Model'),'2;1');
FILE_NAME('Open CASCADE Shape Model','2026-10-08T20:06:30',('Author'),(
    'Open CASCADE'),'Open CASCADE STEP processor 7.9','Open CASCADE 7.9'
  ,'Unknown');
FILE_SCHEMA(('AUTOMOTIVE_DESIGN { 1 0 10303 214 1 1 1 1 }'));
ENDSEC;
DATA;
#1 = APPLICATION_PROTOCOL_DEFINITION('international standard',
  'automotive_design',2000,#2);
#2 = APPLICATION_CONTEXT(
  'core data for automotive mechanical design processes');
#3 = SHAPE_DEFINITION_REPRESENTATION(#4,#10);
#4 = PRODUCT_DEFINITION_SHAPE('','',#5);
#5 = PRODUCT_DEFINITION('design','',#6,#9);
#6 = PRODUCT_DEFINITION_FORMATION('','',#7);
#7 = PRODUCT('S3_electronics_panel','S3_electronics_panel','',(#8));
#8 = PRODUCT_CONTEXT('',#2,'mechanical');
#9 = PRODUCT_DEFINITION_CONTEXT('part definition',#2,'design');
#10 = SHAPE_REPRESENTATION('',(#11,#15,#19,#23,#27,#31,#35,#39,#43,#47),
  #51);
#11 = AXIS2_PLACEMENT_3D('',#12,#13,#14);
#12 = CARTESIAN_POINT('',(0.,0.,0.));
#13 = DIRECTION('',(0.,0.,1.));
#14 = DIRECTION('',(1.,0.,-0.));
#15 = AXIS2_PLACEMENT_3D('',#16,#17,#18);
#16 = CARTESIAN_POINT('',(0.,0.,0.));
#17 = DIRECTION('',(0.,0.,1.));
#18 = DIRECTION('',(1.,0.,-0.));
#19 = AXIS2_PLACEMENT_3D('',#20,#21,#22);
#20 = CARTESIAN_POINT('',(0.,0.,0.));
#21 = DIRECTION('',(0.,0.,1.));
#22 = DIRECTION('',(1.,0.,-0.));
#23 = AXIS2_PLACEMENT_3D('',#24,#25,#26);
#24 = CARTESIAN_POINT('',(0.,0.,0.));
#25 = DIRECTION('',(0.,0.,1.));
#26 = DIRECTION('',(1.,0.,-0.));
#27 = AXIS2_PLACEMENT_3D('',#28,#29,#30);
#28 = CARTESIAN_POINT('',(0.,0.,0.));
#29 = DIRECTION('',(0.,0.,1.));
#30 = DIRECTION('',(1.,0.,-0.));
#31 = AXIS2_PLACEMENT_3D('',#32,#33,#34);
#32 = CARTESIAN_POINT('',(0.,0.,0.));
#33 = DIRECTION('',(0.,0.,1.));
#34 = DIRECTION('',(1.,0.,-0.));
#35 = AXIS2_PLACEMENT_3D('',#36,#37,#38);
#36 = CARTESIAN_POINT('',(0.,0.,0.));
#37 = DIRECTION('',(0.,0.,1.));
#38 = DIRECTION('',(1.,0.,-0.));
#39 = AXIS2_PLACEMENT_3D('',#40,#41,#42);
#40 = CARTESIAN_POINT('',(0.,0.,0.));
#41 = DIRECTION('',(0.,0.,1.));
#42 = DIRECTION('',(1.,0.,-0.));
#43 = AXIS2_PLACEMENT_3D('',#44,#45,#46);
#44 = CARTESIAN_POINT('',(0.,0.,0.));
#45 = DIRECTION('',(0.,0.,1.));
#46 = DIRECTION('',(1.,0.,-0.));
#47 = AXIS2_PLACEMENT_3D('',#48,#49,#50);
#48 = CARTESIAN_POINT('',(0.,0.,0.));
#49 = DIRECTION('',(0.,0.,1.));
#50 = DIRECTION('',(1.,0.,-0.));
#51 = ( GEOMETRIC_REPRESENTATION_CONTEXT(3) 
GLOBAL_UNCERTAINTY_ASSIGNED_CONTEXT((#55)) GLOBAL_UNIT_ASSIGNED_CONTEXT(
(#52,#53,#54)) REPRESENTATION_CONTEXT('Context #1',
  '3D Context with UNIT and UNCERTAINTY') );
#52 = ( LENGTH_UNIT() NAMED_UNIT(*) SI_UNIT(.MILLI.,.METRE.) );
#53 = ( NAMED_UNIT(*) PLANE_ANGLE_UNIT() SI_UNIT($,.RADIAN.) );
#54 = ( NAMED_UNIT(*) SI_UNIT($,.STERADIAN.) SOLID_ANGLE_UNIT() );
#55 = UNCERTAINTY_MEASURE_WITH_UNIT(LENGTH_MEASURE(1.E-07),#52,
  'distance_accuracy_value','confusion accuracy');
#56 = PRODUCT_RELATED_PRODUCT_CATEGORY('part',$,(#7));
#57 = SHAPE_DEFINITION_REPRESENTATION(#58,#64);
#58 = PRODUCT_DEFINITION_SHAPE('','',#59);
#59 = PRODUCT_DEFINITION('design','',#60,#63);
#60 = PRODUCT_DEFINITION_FORMATION('','',#61);
#61 = PRODUCT('E-001 panel 1/4in polycarbonate',
  'E-001 panel 1/4in polycarbonate','',(#62));
#62 = PRODUCT_CONTEXT('',#2,'mechanical');
#63 = PRODUCT_DEFINITION_CONTEXT('part definition',#2,'design');
#64 = ADVANCED_BREP_SHAPE_REPRESENTATION('',(#11,#65),#15247);
#65 = MANIFOLD_SOLID_BREP('',#66);
#66 = CLOSED_SHELL('',(#67,#187,#5724,#5773,#10388,#10415,#10422,#10469,
    #10496,#10523,#10548,#10573,#10580,#10607,#10634,#10661,#10688,
    #10715,#10742,#10769,#10796,#10823,#10850,#10877,#10904,#10951,
    #10978,#11005,#11012,#11039,#11066,#11093,#11120,#11147,#11174,
    #11201,#11228,#11255,#11282,#11309,#11336,#11363,#11390,#11417,
    #11444,#11471,#11498,#11525,#11552,#11579,#11606,#11633,#11660,
    #11687,#11714,#11741,#11768,#11795,#11822,#11849,#11876,#11903,
    #11930,#11957,#11984,#12011,#12038,#12065,#12092,#12119,#12146,
    #12173,#12200,#12227,#12254,#12281,#12308,#12335,#12362,#12389,
    #12416,#12443,#12470,#12497,#12524,#12551,#12578,#12605,#12632,
    #12659,#12686,#12713,#12740,#12767,#12794,#12821,#12848,#12875,
    #12902,#12929,#12956,#12983,#13010,#13037,#13064,#13091,#13118,
    #13145,#13172,#13199,#13226,#13253,#13280,#13307,#13334,#13361,
    #13388,#13415,#13442,#13469,#13496,#13523,#13550,#13577,#13604,
    #13631,#13658,#13685,#13712,#13739,#13766,#13793,#13820,#13847,
    #13874,#13901,#13928,#13955,#13982,#14009,#14036,#14063,#14090,
    #14117,#14144,#14171,#14218,#14245,#14272,#14299,#14324,#14349,
    #14376,#14403,#14430,#14437,#14464,#14491,#14518,#14545,#14572,
    #14599,#14626,#14653,#14680,#14707,#14734,#14761,#14788,#14815,
    #14842,#14869,#14896,#14923,#14950,#14977,#15004,#15031,#15058,
    #15085,#15112,#15139,#15166,#15193,#15220));
#67 = ADVANCED_FACE('',(#68),#82,.F.);
#68 = FACE_BOUND('',#69,.F.);
#69 = EDGE_LOOP('',(#70,#105,#133,#161));
#70 = ORIENTED_EDGE('',*,*,#71,.F.);
#71 = EDGE_CURVE('',#72,#74,#76,.T.);
#72 = VERTEX_POINT('',#73);
#73 = CARTESIAN_POINT('',(-304.8,-330.2,203.2));
#74 = VERTEX_POINT('',#75);
#75 = CARTESIAN_POINT('',(-304.8,-330.2,368.3));
#76 = SURFACE_CURVE('',#77,(#81,#93),.PCURVE_S1.);
#77 = LINE('',#78,#79);
#78 = CARTESIAN_POINT('',(-304.8,-330.2,203.2));
#79 = VECTOR('',#80,1.);
#80 = DIRECTION('',(0.,0.,1.));
#81 = PCURVE('',#82,#87);
#82 = PLANE('',#83);
#83 = AXIS2_PLACEMENT_3D('',#84,#85,#86);
#84 = CARTESIAN_POINT('',(-304.8,-330.2,203.2));
#85 = DIRECTION('',(1.,0.,-0.));
#86 = DIRECTION('',(0.,0.,1.));
#87 = DEFINITIONAL_REPRESENTATION('',(#88),#92);
#88 = LINE('',#89,#90);
#89 = CARTESIAN_POINT('',(0.,0.));
#90 = VECTOR('',#91,1.);
#91 = DIRECTION('',(1.,0.));
#92 = ( GEOMETRIC_REPRESENTATION_CONTEXT(2) 
PARAMETRIC_REPRESENTATION_CONTEXT() REPRESENTATION_CONTEXT('2D SPACE',''
  ) );
#93 = PCURVE('',#94,#99);
#94 = PLANE('',#95);
#95 = AXIS2_PLACEMENT_3D('',#96,#97,#98);
#96 = CARTESIAN_POINT('',(-304.8,-330.2,203.2));
#97 = DIRECTION('',(-0.,1.,0.));
#98 = DIRECTION('',(0.,0.,1.));
#99 = DEFINITIONAL_REPRESENTATION('',(#100),#104);
#100 = LINE('',#101,#102);
#101 = CARTESIAN_POINT('',(0.,0.));
#102 = VECTOR('',#103,1.);
#103 = DIRECTION('',(1.,0.));
#104 = ( GEOMETRIC_REPRESENTATION_CONTEXT(2) 
PARAMETRIC_REPRESENTATION_CONTEXT() REPRESENTATION_CONTEXT('2D SPACE',''
  ) );
#105 = ORIENTED_EDGE('',*,*,#106,.T.);
#106 = EDGE_CURVE('',#72,#107,#109,.T.);
#107 = VERTEX_POINT('',#108);
#108 = CARTESIAN_POINT('',(-304.8,-323.85,203.2));
#109 = SURFACE_CURVE('',#110,(#114,#121),.PCURVE_S1.);
#110 = LINE('',#111,#112);
#111 = CARTESIAN_POINT('',(-304.8,-330.2,203.2));
#112 = VECTOR('',#113,1.);
#113 = DIRECTION('',(-0.,1.,0.));
#114 = PCURVE('',#82,#115);
#115 = DEFINITIONAL_REPRESENTATION('',(#116),#120);
#116 = LINE('',#117,#118);
#117 = CARTESIAN_POINT('',(0.,0.));
#118 = VECTOR('',#119,1.);
#119 = DIRECTION('',(0.,-1.));
#120 = ( GEOMETRIC_REPRESENTATION_CONTEXT(2) 
PARAMETRIC_REPRESENTATION_CONTEXT() REPRESENTATION_CONTEXT('2D SPACE',''
  ) );
#121 = PCURVE('',#122,#127);
#122 = PLANE('',#123);
#123 = AXIS2_PLACEMENT_3D('',#124,#125,#126);
#124 = CARTESIAN_POINT('',(-304.8,-330.2,203.2));
#125 = DIRECTION('',(0.,0.,1.));
#126 = DIRECTION('',(1.,0.,-0.));
#127 = DEFINITIONAL_REPRESENTATION('',(#128),#132);
#128 = LINE('',#129,#130);
#129 = CARTESIAN_POINT('',(0.,0.));
#130 = VECTOR('',#131,1.);
#131 = DIRECTION('',(0.,1.));
#132 = ( GEOMETRIC_REPRESENTATION_CONTEXT(2) 
PARAMETRIC_REPRESENTATION_CONTEXT() REPRESENTATION_CONTEXT('2D SPACE',''
  ) );
#133 = ORIENTED_EDGE('',*,*,#134,.T.);
#134 = EDGE_CURVE('',#107,#135,#137,.T.);
#135 = VERTEX_POINT('',#136);
#136 = CARTESIAN_POINT('',(-304.8,-323.85,368.3));
#137 = SURFACE_CURVE('',#138,(#142,#149),.PCURVE_S1.);
#138 = LINE('',#139,#140);
#139 = CARTESIAN_POINT('',(-304.8,-323.85,203.2));
#140 = VECTOR('',#141,1.);
#141 = DIRECTION('',(0.,0.,1.));
#142 = PCURVE('',#82,#143);
#143 = DEFINITIONAL_REPRESENTATION('',(#144),#148);
#144 = LINE('',#145,#146);
#145 = CARTESIAN_POINT('',(0.,-6.35));
#146 = VECTOR('',#147,1.);
#147 = DIRECTION('',(1.,0.));
#148 = ( GEOMETRIC_REPRESENTATION_CONTEXT(2) 
PARAMETRIC_REPRESENTATION_CONTEXT() REPRESENTATION_CONTEXT('2D SPACE',''
  ) );
#149 = PCURVE('',#150,#155);
#150 = PLANE('',#151);
#151 = AXIS2_PLACEMENT_3D('',#152,#153,#154);
#152 = CARTESIAN_POINT('',(-304.8,-323.85,203.2));
#153 = DIRECTION('',(-0.,1.,0.));
#154 = DIRECTION('',(0.,0.,1.));
#155 = DEFINITIONAL_REPRESENTATION('',(#156),#160);
#156 = LINE('',#157,#158);
#157 = CARTESIAN_POINT('',(0.,0.));
#158 = VECTOR('',#159,1.);
#159 = DIRECTION('',(1.,0.));
#160 = ( GEOMETRIC_REPRESENTATION_CONTEXT(2) 
PARAMETRIC_REPRESENTATION_CONTEXT() REPRESENTATION_CONTEXT('2D SPACE',''
  ) );
#161 = ORIENTED_EDGE('',*,*,#162,.F.);
#162 = EDGE_CURVE('',#74,#135,#163,.T.);
#163 = SURFACE_CURVE('',#164,(#168,#175),.PCURVE_S1.);
#164 = LINE('',#165,#166);
#165 = CARTESIAN_POINT('',(-304.8,-330.2,368.3));
#166 = VECTOR('',#167,1.);
#167 = DIRECTION('',(-0.,1.,0.));
#168 = PCURVE('',#82,#169);
#169 = DEFINITIONAL_REPRESENTATION('',(#170),#174);
#170 = LINE('',#171,#172);
#171 = CARTESIAN_POINT('',(165.1,0.));
#172 = VECTOR('',#173,1.);
#173 = DIRECTION('',(0.,-1.));
#174 = ( GEOMETRIC_REPRESENTATION_CONTEXT(2) 
PARAMETRIC_REPRESENTATION_CONTEXT() REPRESENTATION_CONTEXT('2D SPACE',''
  ) );
#175 = PCURVE('',#176,#181);
#176 = PLANE('',#177);
#177 = AXIS2_PLACEMENT_3D('',#178,#179,#180);
#178 = CARTESIAN_POINT('',(-304.8,-330.2,368.3));
#179 = DIRECTION('',(0.,0.,1.));
#180 = DIRECTION('',(1.,0.,-0.));
#181 = DEFINITIONAL_REPRESENTATION('',(#182),#186);
#182 = LINE('',#183,#184);
#183 = CARTESIAN_POINT('',(0.,0.));
#184 = VECTOR('',#185,1.);
#185 = DIRECTION('',(0.,1.));
#186 = ( GEOMETRIC_REPRESENTATION_CONTEXT(2) 
PARAMETRIC_REPRESENTATION_CONTEXT() REPRESENTATION_CONTEXT('2D SPACE',''
  ) );
#187 = ADVANCED_FACE('',(#188,#263,#424,#455,#486,#517,#548,#579,#610,
    #641,#672,#703,#734,#765,#796,#902,#933,#964,#995,#1026,#1057,#1088,
    #1119,#1150,#1181,#1212,#1243,#1274,#1305,#1336,#1367,#1398,#1429,
    #1460,#1491,#1522,#1553,#1584,#1615,#1646,#1677,#1708,#1739,#1770,
    #1801,#1832,#1863,#1894,#1925,#1956,#1987,#2018,#2049,#2080,#2111,
    #2142,#2173,#2204,#2235,#2266,#2297,#2328,#2359,#2390,#2421,#2452,
    #2483,#2514,#2545,#2576,#2607,#2638,#2669,#2700,#2731,#2762,#2793,
    #2824,#2855,#2886,#2917,#2948,#2979,#3010,#3041,#3072,#3103,#3134,
    #3165,#3196,#3227,#3258,#3289,#3320,#3351,#3382,#3413,#3444,#3475,
    #3506,#3537,#3568,#3599,#3630,#3661,#3692,#3723,#3754,#3785,#3816,
    #3847,#3878,#3909,#3940,#3971,#4002,#4033,#4064,#4095,#4126,#4157,
    #4188,#4219,#4250,#4281,#4312,#4343,#4374,#4405,#4436,#4467,#4498,
    #4529,#4794,#4825,#4856,#4887,#4918,#4949,#4980,#5011,#5042,#5073,
    #5104,#5135,#5166,#5197,#5228,#5259,#5290,#5321,#5352,#5383,#5414,
    #5445,#5476,#5507,#5538,#5569,#5600,#5631,#5662,#5693),#94,.F.);
#188 = FACE_BOUND('',#189,.F.);
#189 = EDGE_LOOP('',(#190,#213,#214,#237));
#190 = ORIENTED_EDGE('',*,*,#191,.F.);
#191 = EDGE_CURVE('',#72,#192,#194,.T.);
#192 = VERTEX_POINT('',#193);
#193 = CARTESIAN_POINT('',(304.8,-330.2,203.2));
#194 = SURFACE_CURVE('',#195,(#199,#206),.PCURVE_S1.);
#195 = LINE('',#196,#197);
#196 = CARTESIAN_POINT('',(-304.8,-330.2,203.2));
#197 = VECTOR('',#198,1.);
#198 = DIRECTION('',(1.,0.,-0.));
#199 = PCURVE('',#94,#200);
#200 = DEFINITIONAL_REPRESENTATION('',(#201),#205);
#201 = LINE('',#202,#203);
#202 = CARTESIAN_POINT('',(0.,0.));
#203 = VECTOR('',#204,1.);
#204 = DIRECTION('',(0.,1.));
#205 = ( GEOMETRIC_REPRESENTATION_CONTEXT(2) 
PARAMETRIC_REPRESENTATION_CONTEXT() REPRESENTATION_CONTEXT('2D SPACE',''
  ) );
#206 = PCURVE('',#122,#207);
#207 = DEFINITIONAL_REPRESENTATION('',(#208),#212);
#208 = LINE('',#209,#210);
#209 = CARTESIAN_POINT('',(0.,0.));
#210 = VECTOR('',#211,1.);
#211 = DIRECTION('',(1.,0.));
#212 = ( GEOMETRIC_REPRESENTATION_CONTEXT(2) 
PARAMETRIC_REPRESENTATION_CONTEXT() REPRESENTATION_CONTEXT('2D SPACE',''
  ) );
#213 = ORIENTED_EDGE('',*,*,#71,.T.);
#214 = ORIENTED_EDGE('',*,*,#215,.T.);
#215 = EDGE_CURVE('',#74,#216,#218,.T.);
#216 = VERTEX_POINT('',#217);
#217 = CARTESIAN_POINT('',(304.8,-330.2,368.3));
#218 = SURFACE_CURVE('',#219,(#223,#230),.PCURVE_S1.);
#219 = LINE('',#220,#221);
#220 = CARTESIAN_POINT('',(-304.8,-330.2,368.3));
#221 = VECTOR('',#222,1.);
#222 = DIRECTION('',(1.,0.,-0.));
#223 = PCURVE('',#94,#224);
#224 = DEFINITIONAL_REPRESENTATION('',(#225),#229);
#225 = LINE('',#226,#227);
#226 = CARTESIAN_POINT('',(165.1,0.));
#227 = VECTOR('',#228,1.);
#228 = DIRECTION('',(0.,1.));
#229 = ( GEOMETRIC_REPRESENTATION_CONTEXT(2) 
PARAMETRIC_REPRESENTATION_CONTEXT() REPRESENTATION_CONTEXT('2D SPACE',''
  ) );
#230 = PCURVE('',#176,#231);
#231 = DEFINITIONAL_REPRESENTATION('',(#232),#236);
#232 = LINE('',#233,#234);
#233 = CARTESIAN_POINT('',(0.,0.));
#234 = VECTOR('',#235,1.);
#235 = DIRECTION('',(1.,0.));
#236 = ( GEOMETRIC_REPRESENTATION_CONTEXT(2) 
PARAMETRIC_REPRESENTATION_CONTEXT() REPRESENTATION_CONTEXT('2D SPACE',''
  ) );
#237 = ORIENTED_EDGE('',*,*,#238,.F.);
#238 = EDGE_CURVE('',#192,#216,#239,.T.);
#239 = SURFACE_CURVE('',#240,(#244,#251),.PCURVE_S1.);
#240 = LINE('',#241,#242);
#241 = CARTESIAN_POINT('',(304.8,-330.2,203.2));
#242 = VECTOR('',#243,1.);
#243 = DIRECTION('',(0.,0.,1.));
#244 = PCURVE('',#94,#245);
#245 = DEFINITIONAL_REPRESENTATION('',(#246),#250);
#246 = LINE('',#247,#248);
#247 = CARTESIAN_POINT('',(0.,609.6));
#248 = VECTOR('',#249,1.);
#249 = DIRECTION('',(1.,0.));
#250 = ( GEOMETRIC_REPRESENTATION_CONTEXT(2) 
PARAMETRIC_REPRESENTATION_CONTEXT() REPRESENTATION_CONTEXT('2D SPACE',''
  ) );
#251 = PCURVE('',#252,#257);
#252 = PLANE('',#253);
#253 = AXIS2_PLACEMENT_3D('',#254,#255,#256);
#254 = CARTESIAN_POINT('',(304.8,-330.2,203.2));
#255 = DIRECTION('',(1.,0.,-0.));
#256 = DIRECTION('',(0.,0.,1.));
#257 = DEFINITIONAL_REPRESENTATION('',(#258),#262);
#258 = LINE('',#259,#260);
#259 = CARTESIAN_POINT('',(0.,0.));
#260 = VECTOR('',#261,1.);
#261 = DIRECTION('',(1.,0.));
#262 = ( GEOMETRIC_REPRESENTATION_CONTEXT(2) 
PARAMETRIC_REPRESENTATION_CONTEXT() REPRESENTATION_CONTEXT('2D SPACE',''
  ) );
#263 = FACE_BOUND('',#264,.F.);
#264 = EDGE_LOOP('',(#265,#293,#319,#345,#374,#400));
#265 = ORIENTED_EDGE('',*,*,#266,.F.);
#266 = EDGE_CURVE('',#267,#269,#271,.T.);
#267 = VERTEX_POINT('',#268);
#268 = CARTESIAN_POINT('',(-228.6,-330.2,223.52));
#269 = VERTEX_POINT('',#270);
#270 = CARTESIAN_POINT('',(-177.8,-330.2,223.52));
#271 = SURFACE_CURVE('',#272,(#276,#282),.PCURVE_S1.);
#272 = LINE('',#273,#274);
#273 = CARTESIAN_POINT('',(-266.7,-330.2,223.52));
#274 = VECTOR('',#275,1.);
#275 = DIRECTION('',(1.,0.,-0.));
#276 = PCURVE('',#94,#277);
#277 = DEFINITIONAL_REPRESENTATION('',(#278),#281);
#278 = B_SPLINE_CURVE_WITH_KNOTS('',1,(#279,#280),.UNSPECIFIED.,.F.,.F.,
  (2,2),(38.1,88.9),.PIECEWISE_BEZIER_KNOTS.);
#279 = CARTESIAN_POINT('',(20.32,76.2));
#280 = CARTESIAN_POINT('',(20.32,127.));
#281 = ( GEOMETRIC_REPRESENTATION_CONTEXT(2) 
PARAMETRIC_REPRESENTATION_CONTEXT() REPRESENTATION_CONTEXT('2D SPACE',''
  ) );
#282 = PCURVE('',#283,#288);
#283 = PLANE('',#284);
#284 = AXIS2_PLACEMENT_3D('',#285,#286,#287);
#285 = CARTESIAN_POINT('',(-228.6,-332.74,223.52));
#286 = DIRECTION('',(0.,0.,1.));
#287 = DIRECTION('',(1.,0.,-0.));
#288 = DEFINITIONAL_REPRESENTATION('',(#289),#292);
#289 = B_SPLINE_CURVE_WITH_KNOTS('',1,(#290,#291),.UNSPECIFIED.,.F.,.F.,
  (2,2),(38.1,88.9),.PIECEWISE_BEZIER_KNOTS.);
#290 = CARTESIAN_POINT('',(0.,2.54));
#291 = CARTESIAN_POINT('',(50.8,2.54));
#292 = ( GEOMETRIC_REPRESENTATION_CONTEXT(2) 
PARAMETRIC_REPRESENTATION_CONTEXT() REPRESENTATION_CONTEXT('2D SPACE',''
  ) );
#293 = ORIENTED_EDGE('',*,*,#294,.T.);
#294 = EDGE_CURVE('',#267,#295,#297,.T.);
#295 = VERTEX_POINT('',#296);
#296 = CARTESIAN_POINT('',(-228.6,-330.2,210.82));
#297 = SURFACE_CURVE('',#298,(#302,#308),.PCURVE_S1.);
#298 = LINE('',#299,#300);
#299 = CARTESIAN_POINT('',(-228.6,-330.2,207.01));
#300 = VECTOR('',#301,1.);
#301 = DIRECTION('',(-0.,0.,-1.));
#302 = PCURVE('',#94,#303);
#303 = DEFINITIONAL_REPRESENTATION('',(#304),#307);
#304 = B_SPLINE_CURVE_WITH_KNOTS('',1,(#305,#306),.UNSPECIFIED.,.F.,.F.,
  (2,2),(-16.51,-3.81),.PIECEWISE_BEZIER_KNOTS.);
#305 = CARTESIAN_POINT('',(20.32,76.2));
#306 = CARTESIAN_POINT('',(7.62,76.2));
#307 = ( GEOMETRIC_REPRESENTATION_CONTEXT(2) 
PARAMETRIC_REPRESENTATION_CONTEXT() REPRESENTATION_CONTEXT('2D SPACE',''
  ) );
#308 = PCURVE('',#309,#314);
#309 = PLANE('',#310);
#310 = AXIS2_PLACEMENT_3D('',#311,#312,#313);
#311 = CARTESIAN_POINT('',(-228.6,-332.74,210.82));
#312 = DIRECTION('',(1.,0.,-0.));
#313 = DIRECTION('',(0.,0.,1.));
#314 = DEFINITIONAL_REPRESENTATION('',(#315),#318);
#315 = B_SPLINE_CURVE_WITH_KNOTS('',1,(#316,#317),.UNSPECIFIED.,.F.,.F.,
  (2,2),(-16.51,-3.81),.PIECEWISE_BEZIER_KNOTS.);
#316 = CARTESIAN_POINT('',(12.7,-2.54));
#317 = CARTESIAN_POINT('',(0.,-2.54));
#318 = ( GEOMETRIC_REPRESENTATION_CONTEXT(2) 
PARAMETRIC_REPRESENTATION_CONTEXT() REPRESENTATION_CONTEXT('2D SPACE',''
  ) );
#319 = ORIENTED_EDGE('',*,*,#320,.T.);
#320 = EDGE_CURVE('',#295,#321,#323,.T.);
#321 = VERTEX_POINT('',#322);
#322 = CARTESIAN_POINT('',(-190.5127,-330.2,210.82));
#323 = SURFACE_CURVE('',#324,(#328,#334),.PCURVE_S1.);
#324 = LINE('',#325,#326);
#325 = CARTESIAN_POINT('',(-266.7,-330.2,210.82));
#326 = VECTOR('',#327,1.);
#327 = DIRECTION('',(1.,0.,-0.));
#328 = PCURVE('',#94,#329);
#329 = DEFINITIONAL_REPRESENTATION('',(#330),#333);
#330 = B_SPLINE_CURVE_WITH_KNOTS('',1,(#331,#332),.UNSPECIFIED.,.F.,.F.,
  (2,2),(38.1,88.9),.PIECEWISE_BEZIER_KNOTS.);
#331 = CARTESIAN_POINT('',(7.62,76.2));
#332 = CARTESIAN_POINT('',(7.62,127.));
#333 = ( GEOMETRIC_REPRESENTATION_CONTEXT(2) 
PARAMETRIC_REPRESENTATION_CONTEXT() REPRESENTATION_CONTEXT('2D SPACE',''
  ) );
#334 = PCURVE('',#335,#340);
#335 = PLANE('',#336);
#336 = AXIS2_PLACEMENT_3D('',#337,#338,#339);
#337 = CARTESIAN_POINT('',(-228.6,-332.74,210.82));
#338 = DIRECTION('',(0.,0.,1.));
#339 = DIRECTION('',(1.,0.,-0.));
#340 = DEFINITIONAL_REPRESENTATION('',(#341),#344);
#341 = B_SPLINE_CURVE_WITH_KNOTS('',1,(#342,#343),.UNSPECIFIED.,.F.,.F.,
  (2,2),(38.1,88.9),.PIECEWISE_BEZIER_KNOTS.);
#342 = CARTESIAN_POINT('',(0.,2.54));
#343 = CARTESIAN_POINT('',(50.8,2.54));
#344 = ( GEOMETRIC_REPRESENTATION_CONTEXT(2) 
PARAMETRIC_REPRESENTATION_CONTEXT() REPRESENTATION_CONTEXT('2D SPACE',''
  ) );
#345 = ORIENTED_EDGE('',*,*,#346,.F.);
#346 = EDGE_CURVE('',#347,#321,#349,.T.);
#347 = VERTEX_POINT('',#348);
#348 = CARTESIAN_POINT('',(-185.4072999999,-330.2,210.82));
#349 = SURFACE_CURVE('',#350,(#355,#362),.PCURVE_S1.);
#350 = CIRCLE('',#351,2.5527);
#351 = AXIS2_PLACEMENT_3D('',#352,#353,#354);
#352 = CARTESIAN_POINT('',(-187.96,-330.2,210.82));
#353 = DIRECTION('',(0.,1.,0.));
#354 = DIRECTION('',(0.,-0.,1.));
#355 = PCURVE('',#94,#356);
#356 = DEFINITIONAL_REPRESENTATION('',(#357),#361);
#357 = CIRCLE('',#358,2.5527);
#358 = AXIS2_PLACEMENT_2D('',#359,#360);
#359 = CARTESIAN_POINT('',(7.62,116.84));
#360 = DIRECTION('',(1.,0.));
#361 = ( GEOMETRIC_REPRESENTATION_CONTEXT(2) 
PARAMETRIC_REPRESENTATION_CONTEXT() REPRESENTATION_CONTEXT('2D SPACE',''
  ) );
#362 = PCURVE('',#363,#368);
#363 = CYLINDRICAL_SURFACE('',#364,2.5527);
#364 = AXIS2_PLACEMENT_3D('',#365,#366,#367);
#365 = CARTESIAN_POINT('',(-187.96,-332.74,210.82));
#366 = DIRECTION('',(0.,1.,0.));
#367 = DIRECTION('',(0.,-0.,1.));
#368 = DEFINITIONAL_REPRESENTATION('',(#369),#373);
#369 = LINE('',#370,#371);
#370 = CARTESIAN_POINT('',(0.,2.54));
#371 = VECTOR('',#372,1.);
#372 = DIRECTION('',(1.,0.));
#373 = ( GEOMETRIC_REPRESENTATION_CONTEXT(2) 
PARAMETRIC_REPRESENTATION_CONTEXT() REPRESENTATION_CONTEXT('2D SPACE',''
  ) );
#374 = ORIENTED_EDGE('',*,*,#375,.T.);
#375 = EDGE_CURVE('',#347,#376,#378,.T.);
#376 = VERTEX_POINT('',#377);
#377 = CARTESIAN_POINT('',(-177.8,-330.2,210.82));
#378 = SURFACE_CURVE('',#379,(#383,#389),.PCURVE_S1.);
#379 = LINE('',#380,#381);
#380 = CARTESIAN_POINT('',(-266.7,-330.2,210.82));
#381 = VECTOR('',#382,1.);
#382 = DIRECTION('',(1.,0.,-0.));
#383 = PCURVE('',#94,#384);
#384 = DEFINITIONAL_REPRESENTATION('',(#385),#388);
#385 = B_SPLINE_CURVE_WITH_KNOTS('',1,(#386,#387),.UNSPECIFIED.,.F.,.F.,
  (2,2),(38.1,88.9),.PIECEWISE_BEZIER_KNOTS.);
#386 = CARTESIAN_POINT('',(7.62,76.2));
#387 = CARTESIAN_POINT('',(7.62,127.));
#388 = ( GEOMETRIC_REPRESENTATION_CONTEXT(2) 
PARAMETRIC_REPRESENTATION_CONTEXT() REPRESENTATION_CONTEXT('2D SPACE',''
  ) );
#389 = PCURVE('',#390,#395);
#390 = PLANE('',#391);
#391 = AXIS2_PLACEMENT_3D('',#392,#393,#394);
#392 = CARTESIAN_POINT('',(-228.6,-332.74,210.82));
#393 = DIRECTION('',(0.,0.,1.));
#394 = DIRECTION('',(1.,0.,-0.));
#395 = DEFINITIONAL_REPRESENTATION('',(#396),#399);
#396 = B_SPLINE_CURVE_WITH_KNOTS('',1,(#397,#398),.UNSPECIFIED.,.F.,.F.,
  (2,2),(38.1,88.9),.PIECEWISE_BEZIER_KNOTS.);
#397 = CARTESIAN_POINT('',(0.,2.54));
#398 = CARTESIAN_POINT('',(50.8,2.54));
#399 = ( GEOMETRIC_REPRESENTATION_CONTEXT(2) 
PARAMETRIC_REPRESENTATION_CONTEXT() REPRESENTATION_CONTEXT('2D SPACE',''
  ) );
#400 = ORIENTED_EDGE('',*,*,#401,.F.);
#401 = EDGE_CURVE('',#269,#376,#402,.T.);
#402 = SURFACE_CURVE('',#403,(#407,#413),.PCURVE_S1.);
#403 = LINE('',#404,#405);
#404 = CARTESIAN_POINT('',(-177.8,-330.2,207.01));
#405 = VECTOR('',#406,1.);
#406 = DIRECTION('',(-0.,0.,-1.));
#407 = PCURVE('',#94,#408);
#408 = DEFINITIONAL_REPRESENTATION('',(#409),#412);
#409 = B_SPLINE_CURVE_WITH_KNOTS('',1,(#410,#411),.UNSPECIFIED.,.F.,.F.,
  (2,2),(-16.51,-3.81),.PIECEWISE_BEZIER_KNOTS.);
#410 = CARTESIAN_POINT('',(20.32,127.));
#411 = CARTESIAN_POINT('',(7.62,127.));
#412 = ( GEOMETRIC_REPRESENTATION_CONTEXT(2) 
PARAMETRIC_REPRESENTATION_CONTEXT() REPRESENTATION_CONTEXT('2D SPACE',''
  ) );
#413 = PCURVE('',#414,#419);
#414 = PLANE('',#415);
#415 = AXIS2_PLACEMENT_3D('',#416,#417,#418);
#416 = CARTESIAN_POINT('',(-177.8,-332.74,210.82));
#417 = DIRECTION('',(1.,0.,-0.));
#418 = DIRECTION('',(0.,0.,1.));
#419 = DEFINITIONAL_REPRESENTATION('',(#420),#423);
#420 = B_SPLINE_CURVE_WITH_KNOTS('',1,(#421,#422),.UNSPECIFIED.,.F.,.F.,
  (2,2),(-16.51,-3.81),.PIECEWISE_BEZIER_KNOTS.);
#421 = CARTESIAN_POINT('',(12.7,-2.54));
#422 = CARTESIAN_POINT('',(0.,-2.54));
#423 = ( GEOMETRIC_REPRESENTATION_CONTEXT(2) 
PARAMETRIC_REPRESENTATION_CONTEXT() REPRESENTATION_CONTEXT('2D SPACE',''
  ) );
#424 = FACE_BOUND('',#425,.F.);
#425 = EDGE_LOOP('',(#426));
#426 = ORIENTED_EDGE('',*,*,#427,.F.);
#427 = EDGE_CURVE('',#428,#428,#430,.T.);
#428 = VERTEX_POINT('',#429);
#429 = CARTESIAN_POINT('',(-167.64,-330.2,213.3727));
#430 = SURFACE_CURVE('',#431,(#436,#443),.PCURVE_S1.);
#431 = CIRCLE('',#432,2.5527);
#432 = AXIS2_PLACEMENT_3D('',#433,#434,#435);
#433 = CARTESIAN_POINT('',(-167.64,-330.2,210.82));
#434 = DIRECTION('',(0.,1.,0.));
#435 = DIRECTION('',(0.,-0.,1.));
#436 = PCURVE('',#94,#437);
#437 = DEFINITIONAL_REPRESENTATION('',(#438),#442);
#438 = CIRCLE('',#439,2.5527);
#439 = AXIS2_PLACEMENT_2D('',#440,#441);
#440 = CARTESIAN_POINT('',(7.62,137.16));
#441 = DIRECTION('',(1.,0.));
#442 = ( GEOMETRIC_REPRESENTATION_CONTEXT(2) 
PARAMETRIC_REPRESENTATION_CONTEXT() REPRESENTATION_CONTEXT('2D SPACE',''
  ) );
#443 = PCURVE('',#444,#449);
#444 = CYLINDRICAL_SURFACE('',#445,2.5527);
#445 = AXIS2_PLACEMENT_3D('',#446,#447,#448);
#446 = CARTESIAN_POINT('',(-167.64,-332.74,210.82));
#447 = DIRECTION('',(0.,1.,0.));
#448 = DIRECTION('',(0.,-0.,1.));
#449 = DEFINITIONAL_REPRESENTATION('',(#450),#454);
#450 = LINE('',#451,#452);
#451 = CARTESIAN_POINT('',(0.,2.54));
#452 = VECTOR('',#453,1.);
#453 = DIRECTION('',(1.,0.));
#454 = ( GEOMETRIC_REPRESENTATION_CONTEXT(2) 
PARAMETRIC_REPRESENTATION_CONTEXT() REPRESENTATION_CONTEXT('2D SPACE',''
  ) );
#455 = FACE_BOUND('',#456,.F.);
#456 = EDGE_LOOP('',(#457));
#457 = ORIENTED_EDGE('',*,*,#458,.F.);
#458 = EDGE_CURVE('',#459,#459,#461,.T.);
#459 = VERTEX_POINT('',#460);
#460 = CARTESIAN_POINT('',(-101.6,-330.2,231.14));
#461 = SURFACE_CURVE('',#462,(#467,#474),.PCURVE_S1.);
#462 = CIRCLE('',#463,2.54);
#463 = AXIS2_PLACEMENT_3D('',#464,#465,#466);
#464 = CARTESIAN_POINT('',(-101.6,-330.2,228.6));
#465 = DIRECTION('',(0.,1.,0.));
#466 = DIRECTION('',(0.,-0.,1.));
#467 = PCURVE('',#94,#468);
#468 = DEFINITIONAL_REPRESENTATION('',(#469),#473);
#469 = CIRCLE('',#470,2.54);
#470 = AXIS2_PLACEMENT_2D('',#471,#472);
#471 = CARTESIAN_POINT('',(25.4,203.2));
#472 = DIRECTION('',(1.,0.));
#473 = ( GEOMETRIC_REPRESENTATION_CONTEXT(2) 
PARAMETRIC_REPRESENTATION_CONTEXT() REPRESENTATION_CONTEXT('2D SPACE',''
  ) );
#474 = PCURVE('',#475,#480);
#475 = CYLINDRICAL_SURFACE('',#476,2.54);
#476 = AXIS2_PLACEMENT_3D('',#477,#478,#479);
#477 = CARTESIAN_POINT('',(-101.6,-332.74,228.6));
#478 = DIRECTION('',(0.,1.,0.));
#479 = DIRECTION('',(0.,-0.,1.));
#480 = DEFINITIONAL_REPRESENTATION('',(#481),#485);
#481 = LINE('',#482,#483);
#482 = CARTESIAN_POINT('',(0.,2.54));
#483 = VECTOR('',#484,1.);
#484 = DIRECTION('',(1.,0.));
#485 = ( GEOMETRIC_REPRESENTATION_CONTEXT(2) 
PARAMETRIC_REPRESENTATION_CONTEXT() REPRESENTATION_CONTEXT('2D SPACE',''
  ) );
#486 = FACE_BOUND('',#487,.F.);
#487 = EDGE_LOOP('',(#488));
#488 = ORIENTED_EDGE('',*,*,#489,.F.);
#489 = EDGE_CURVE('',#490,#490,#492,.T.);
#490 = VERTEX_POINT('',#491);
#491 = CARTESIAN_POINT('',(-101.6,-330.2,243.84));
#492 = SURFACE_CURVE('',#493,(#498,#505),.PCURVE_S1.);
#493 = CIRCLE('',#494,2.54);
#494 = AXIS2_PLACEMENT_3D('',#495,#496,#497);
#495 = CARTESIAN_POINT('',(-101.6,-330.2,241.3));
#496 = DIRECTION('',(0.,1.,0.));
#497 = DIRECTION('',(0.,-0.,1.));
#498 = PCURVE('',#94,#499);
#499 = DEFINITIONAL_REPRESENTATION('',(#500),#504);
#500 = CIRCLE('',#501,2.54);
#501 = AXIS2_PLACEMENT_2D('',#502,#503);
#502 = CARTESIAN_POINT('',(38.1,203.2));
#503 = DIRECTION('',(1.,0.));
#504 = ( GEOMETRIC_REPRESENTATION_CONTEXT(2) 
PARAMETRIC_REPRESENTATION_CONTEXT() REPRESENTATION_CONTEXT('2D SPACE',''
  ) );
#505 = PCURVE('',#506,#511);
#506 = CYLINDRICAL_SURFACE('',#507,2.54);
#507 = AXIS2_PLACEMENT_3D('',#508,#509,#510);
#508 = CARTESIAN_POINT('',(-101.6,-332.74,241.3));
#509 = DIRECTION('',(0.,1.,0.));
#510 = DIRECTION('',(0.,-0.,1.));
#511 = DEFINITIONAL_REPRESENTATION('',(#512),#516);
#512 = LINE('',#513,#514);
#513 = CARTESIAN_POINT('',(0.,2.54));
#514 = VECTOR('',#515,1.);
#515 = DIRECTION('',(1.,0.));
#516 = ( GEOMETRIC_REPRESENTATION_CONTEXT(2) 
PARAMETRIC_REPRESENTATION_CONTEXT() REPRESENTATION_CONTEXT('2D SPACE',''
  ) );
#517 = FACE_BOUND('',#518,.F.);
#518 = EDGE_LOOP('',(#519));
#519 = ORIENTED_EDGE('',*,*,#520,.F.);
#520 = EDGE_CURVE('',#521,#521,#523,.T.);
#521 = VERTEX_POINT('',#522);
#522 = CARTESIAN_POINT('',(-101.6,-330.2,256.54));
#523 = SURFACE_CURVE('',#524,(#529,#536),.PCURVE_S1.);
#524 = CIRCLE('',#525,2.54);
#525 = AXIS2_PLACEMENT_3D('',#526,#527,#528);
#526 = CARTESIAN_POINT('',(-101.6,-330.2,254.));
#527 = DIRECTION('',(0.,1.,0.));
#528 = DIRECTION('',(0.,-0.,1.));
#529 = PCURVE('',#94,#530);
#530 = DEFINITIONAL_REPRESENTATION('',(#531),#535);
#531 = CIRCLE('',#532,2.54);
#532 = AXIS2_PLACEMENT_2D('',#533,#534);
#533 = CARTESIAN_POINT('',(50.8,203.2));
#534 = DIRECTION('',(1.,0.));
#535 = ( GEOMETRIC_REPRESENTATION_CONTEXT(2) 
PARAMETRIC_REPRESENTATION_CONTEXT() REPRESENTATION_CONTEXT('2D SPACE',''
  ) );
#536 = PCURVE('',#537,#542);
#537 = CYLINDRICAL_SURFACE('',#538,2.54);
#538 = AXIS2_PLACEMENT_3D('',#539,#540,#541);
#539 = CARTESIAN_POINT('',(-101.6,-332.74,254.));
#540 = DIRECTION('',(0.,1.,0.));
#541 = DIRECTION('',(0.,-0.,1.));
#542 = DEFINITIONAL_REPRESENTATION('',(#543),#547);
#543 = LINE('',#544,#545);
#544 = CARTESIAN_POINT('',(0.,2.54));
#545 = VECTOR('',#546,1.);
#546 = DIRECTION('',(1.,0.));
#547 = ( GEOMETRIC_REPRESENTATION_CONTEXT(2) 
PARAMETRIC_REPRESENTATION_CONTEXT() REPRESENTATION_CONTEXT('2D SPACE',''
  ) );
#548 = FACE_BOUND('',#549,.F.);
#549 = EDGE_LOOP('',(#550));
#550 = ORIENTED_EDGE('',*,*,#551,.F.);
#551 = EDGE_CURVE('',#552,#552,#554,.T.);
#552 = VERTEX_POINT('',#553);
#553 = CARTESIAN_POINT('',(-101.6,-330.2,269.24));
#554 = SURFACE_CURVE('',#555,(#560,#567),.PCURVE_S1.);
#555 = CIRCLE('',#556,2.54);
#556 = AXIS2_PLACEMENT_3D('',#557,#558,#559);
#557 = CARTESIAN_POINT('',(-101.6,-330.2,266.7));
#558 = DIRECTION('',(0.,1.,0.));
#559 = DIRECTION('',(0.,-0.,1.));
#560 = PCURVE('',#94,#561);
#561 = DEFINITIONAL_REPRESENTATION('',(#562),#566);
#562 = CIRCLE('',#563,2.54);
#563 = AXIS2_PLACEMENT_2D('',#564,#565);
#564 = CARTESIAN_POINT('',(63.5,203.2));
#565 = DIRECTION('',(1.,0.));
#566 = ( GEOMETRIC_REPRESENTATION_CONTEXT(2) 
PARAMETRIC_REPRESENTATION_CONTEXT() REPRESENTATION_CONTEXT('2D SPACE',''
  ) );
#567 = PCURVE('',#568,#573);
#568 = CYLINDRICAL_SURFACE('',#569,2.54);
#569 = AXIS2_PLACEMENT_3D('',#570,#571,#572);
#570 = CARTESIAN_POINT('',(-101.6,-332.74,266.7));
#571 = DIRECTION('',(0.,1.,0.));
#572 = DIRECTION('',(0.,-0.,1.));
#573 = DEFINITIONAL_REPRESENTATION('',(#574),#578);
#574 = LINE('',#575,#576);
#575 = CARTESIAN_POINT('',(0.,2.54));
#576 = VECTOR('',#577,1.);
#577 = DIRECTION('',(1.,0.));
#578 = ( GEOMETRIC_REPRESENTATION_CONTEXT(2) 
PARAMETRIC_REPRESENTATION_CONTEXT() REPRESENTATION_CONTEXT('2D SPACE',''
  ) );
#579 = FACE_BOUND('',#580,.F.);
#580 = EDGE_LOOP('',(#581));
#581 = ORIENTED_EDGE('',*,*,#582,.F.);
#582 = EDGE_CURVE('',#583,#583,#585,.T.);
#583 = VERTEX_POINT('',#584);
#584 = CARTESIAN_POINT('',(-73.66,-330.2,213.3727));
#585 = SURFACE_CURVE('',#586,(#591,#598),.PCURVE_S1.);
#586 = CIRCLE('',#587,2.5527);
#587 = AXIS2_PLACEMENT_3D('',#588,#589,#590);
#588 = CARTESIAN_POINT('',(-73.66,-330.2,210.82));
#589 = DIRECTION('',(0.,1.,0.));
#590 = DIRECTION('',(0.,-0.,1.));
#591 = PCURVE('',#94,#592);
#592 = DEFINITIONAL_REPRESENTATION('',(#593),#597);
#593 = CIRCLE('',#594,2.5527);
#594 = AXIS2_PLACEMENT_2D('',#595,#596);
#595 = CARTESIAN_POINT('',(7.62,231.14));
#596 = DIRECTION('',(1.,0.));
#597 = ( GEOMETRIC_REPRESENTATION_CONTEXT(2) 
PARAMETRIC_REPRESENTATION_CONTEXT() REPRESENTATION_CONTEXT('2D SPACE',''
  ) );
#598 = PCURVE('',#599,#604);
#599 = CYLINDRICAL_SURFACE('',#600,2.5527);
#600 = AXIS2_PLACEMENT_3D('',#601,#602,#603);
#601 = CARTESIAN_POINT('',(-73.66,-332.74,210.82));
#602 = DIRECTION('',(0.,1.,0.));
#603 = DIRECTION('',(0.,-0.,1.));
#604 = DEFINITIONAL_REPRESENTATION('',(#605),#609);
#605 = LINE('',#606,#607);
#606 = CARTESIAN_POINT('',(0.,2.54));
#607 = VECTOR('',#608,1.);
#608 = DIRECTION('',(1.,0.));
#609 = ( GEOMETRIC_REPRESENTATION_CONTEXT(2) 
PARAMETRIC_REPRESENTATION_CONTEXT() REPRESENTATION_CONTEXT('2D SPACE',''
  ) );
#610 = FACE_BOUND('',#611,.F.);
#611 = EDGE_LOOP('',(#612));
#612 = ORIENTED_EDGE('',*,*,#613,.F.);
#613 = EDGE_CURVE('',#614,#614,#616,.T.);
#614 = VERTEX_POINT('',#615);
#615 = CARTESIAN_POINT('',(-53.34,-330.2,213.3727));
#616 = SURFACE_CURVE('',#617,(#622,#629),.PCURVE_S1.);
#617 = CIRCLE('',#618,2.5527);
#618 = AXIS2_PLACEMENT_3D('',#619,#620,#621);
#619 = CARTESIAN_POINT('',(-53.34,-330.2,210.82));
#620 = DIRECTION('',(0.,1.,0.));
#621 = DIRECTION('',(0.,-0.,1.));
#622 = PCURVE('',#94,#623);
#623 = DEFINITIONAL_REPRESENTATION('',(#624),#628);
#624 = CIRCLE('',#625,2.5527);
#625 = AXIS2_PLACEMENT_2D('',#626,#627);
#626 = CARTESIAN_POINT('',(7.62,251.46));
#627 = DIRECTION('',(1.,0.));
#628 = ( GEOMETRIC_REPRESENTATION_CONTEXT(2) 
PARAMETRIC_REPRESENTATION_CONTEXT() REPRESENTATION_CONTEXT('2D SPACE',''
  ) );
#629 = PCURVE('',#630,#635);
#630 = CYLINDRICAL_SURFACE('',#631,2.5527);
#631 = AXIS2_PLACEMENT_3D('',#632,#633,#634);
#632 = CARTESIAN_POINT('',(-53.34,-332.74,210.82));
#633 = DIRECTION('',(0.,1.,0.));
#634 = DIRECTION('',(0.,-0.,1.));
#635 = DEFINITIONAL_REPRESENTATION('',(#636),#640);
#636 = LINE('',#637,#638);
#637 = CARTESIAN_POINT('',(0.,2.54));
#638 = VECTOR('',#639,1.);
#639 = DIRECTION('',(1.,0.));
#640 = ( GEOMETRIC_REPRESENTATION_CONTEXT(2) 
PARAMETRIC_REPRESENTATION_CONTEXT() REPRESENTATION_CONTEXT('2D SPACE',''
  ) );
#641 = FACE_BOUND('',#642,.F.);
#642 = EDGE_LOOP('',(#643));
#643 = ORIENTED_EDGE('',*,*,#644,.F.);
#644 = EDGE_CURVE('',#645,#645,#647,.T.);
#645 = VERTEX_POINT('',#646);
#646 = CARTESIAN_POINT('',(-88.9,-330.2,231.14));
#647 = SURFACE_CURVE('',#648,(#653,#660),.PCURVE_S1.);
#648 = CIRCLE('',#649,2.54);
#649 = AXIS2_PLACEMENT_3D('',#650,#651,#652);
#650 = CARTESIAN_POINT('',(-88.9,-330.2,228.6));
#651 = DIRECTION('',(0.,1.,0.));
#652 = DIRECTION('',(0.,-0.,1.));
#653 = PCURVE('',#94,#654);
#654 = DEFINITIONAL_REPRESENTATION('',(#655),#659);
#655 = CIRCLE('',#656,2.54);
#656 = AXIS2_PLACEMENT_2D('',#657,#658);
#657 = CARTESIAN_POINT('',(25.4,215.9));
#658 = DIRECTION('',(1.,0.));
#659 = ( GEOMETRIC_REPRESENTATION_CONTEXT(2) 
PARAMETRIC_REPRESENTATION_CONTEXT() REPRESENTATION_CONTEXT('2D SPACE',''
  ) );
#660 = PCURVE('',#661,#666);
#661 = CYLINDRICAL_SURFACE('',#662,2.54);
#662 = AXIS2_PLACEMENT_3D('',#663,#664,#665);
#663 = CARTESIAN_POINT('',(-88.9,-332.74,228.6));
#664 = DIRECTION('',(0.,1.,0.));
#665 = DIRECTION('',(0.,-0.,1.));
#666 = DEFINITIONAL_REPRESENTATION('',(#667),#671);
#667 = LINE('',#668,#669);
#668 = CARTESIAN_POINT('',(0.,2.54));
#669 = VECTOR('',#670,1.);
#670 = DIRECTION('',(1.,0.));
#671 = ( GEOMETRIC_REPRESENTATION_CONTEXT(2) 
PARAMETRIC_REPRESENTATION_CONTEXT() REPRESENTATION_CONTEXT('2D SPACE',''
  ) );
#672 = FACE_BOUND('',#673,.F.);
#673 = EDGE_LOOP('',(#674));
#674 = ORIENTED_EDGE('',*,*,#675,.F.);
#675 = EDGE_CURVE('',#676,#676,#678,.T.);
#676 = VERTEX_POINT('',#677);
#677 = CARTESIAN_POINT('',(-76.2,-330.2,231.14));
#678 = SURFACE_CURVE('',#679,(#684,#691),.PCURVE_S1.);
#679 = CIRCLE('',#680,2.54);
#680 = AXIS2_PLACEMENT_3D('',#681,#682,#683);
#681 = CARTESIAN_POINT('',(-76.2,-330.2,228.6));
#682 = DIRECTION('',(0.,1.,0.));
#683 = DIRECTION('',(0.,-0.,1.));
#684 = PCURVE('',#94,#685);
#685 = DEFINITIONAL_REPRESENTATION('',(#686),#690);
#686 = CIRCLE('',#687,2.54);
#687 = AXIS2_PLACEMENT_2D('',#688,#689);
#688 = CARTESIAN_POINT('',(25.4,228.6));
#689 = DIRECTION('',(1.,0.));
#690 = ( GEOMETRIC_REPRESENTATION_CONTEXT(2) 
PARAMETRIC_REPRESENTATION_CONTEXT() REPRESENTATION_CONTEXT('2D SPACE',''
  ) );
#691 = PCURVE('',#692,#697);
#692 = CYLINDRICAL_SURFACE('',#693,2.54);
#693 = AXIS2_PLACEMENT_3D('',#694,#695,#696);
#694 = CARTESIAN_POINT('',(-76.2,-332.74,228.6));
#695 = DIRECTION('',(0.,1.,0.));
#696 = DIRECTION('',(0.,-0.,1.));
#697 = DEFINITIONAL_REPRESENTATION('',(#698),#702);
#698 = LINE('',#699,#700);
#699 = CARTESIAN_POINT('',(0.,2.54));
#700 = VECTOR('',#701,1.);
#701 = DIRECTION('',(1.,0.));
#702 = ( GEOMETRIC_REPRESENTATION_CONTEXT(2) 
PARAMETRIC_REPRESENTATION_CONTEXT() REPRESENTATION_CONTEXT('2D SPACE',''
  ) );
#703 = FACE_BOUND('',#704,.F.);
#704 = EDGE_LOOP('',(#705));
#705 = ORIENTED_EDGE('',*,*,#706,.F.);
#706 = EDGE_CURVE('',#707,#707,#709,.T.);
#707 = VERTEX_POINT('',#708);
#708 = CARTESIAN_POINT('',(-63.5,-330.2,231.14));
#709 = SURFACE_CURVE('',#710,(#715,#722),.PCURVE_S1.);
#710 = CIRCLE('',#711,2.54);
#711 = AXIS2_PLACEMENT_3D('',#712,#713,#714);
#712 = CARTESIAN_POINT('',(-63.5,-330.2,228.6));
#713 = DIRECTION('',(0.,1.,0.));
#714 = DIRECTION('',(0.,-0.,1.));
#715 = PCURVE('',#94,#716);
#716 = DEFINITIONAL_REPRESENTATION('',(#717),#721);
#717 = CIRCLE('',#718,2.54);
#718 = AXIS2_PLACEMENT_2D('',#719,#720);
#719 = CARTESIAN_POINT('',(25.4,241.3));
#720 = DIRECTION('',(1.,0.));
#721 = ( GEOMETRIC_REPRESENTATION_CONTEXT(2) 
PARAMETRIC_REPRESENTATION_CONTEXT() REPRESENTATION_CONTEXT('2D SPACE',''
  ) );
#722 = PCURVE('',#723,#728);
#723 = CYLINDRICAL_SURFACE('',#724,2.54);
#724 = AXIS2_PLACEMENT_3D('',#725,#726,#727);
#725 = CARTESIAN_POINT('',(-63.5,-332.74,228.6));
#726 = DIRECTION('',(0.,1.,0.));
#727 = DIRECTION('',(0.,-0.,1.));
#728 = DEFINITIONAL_REPRESENTATION('',(#729),#733);
#729 = LINE('',#730,#731);
#730 = CARTESIAN_POINT('',(0.,2.54));
#731 = VECTOR('',#732,1.);
#732 = DIRECTION('',(1.,0.));
#733 = ( GEOMETRIC_REPRESENTATION_CONTEXT(2) 
PARAMETRIC_REPRESENTATION_CONTEXT() REPRESENTATION_CONTEXT('2D SPACE',''
  ) );
#734 = FACE_BOUND('',#735,.F.);
#735 = EDGE_LOOP('',(#736));
#736 = ORIENTED_EDGE('',*,*,#737,.F.);
#737 = EDGE_CURVE('',#738,#738,#740,.T.);
#738 = VERTEX_POINT('',#739);
#739 = CARTESIAN_POINT('',(-50.8,-330.2,231.14));
#740 = SURFACE_CURVE('',#741,(#746,#753),.PCURVE_S1.);
#741 = CIRCLE('',#742,2.54);
#742 = AXIS2_PLACEMENT_3D('',#743,#744,#745);
#743 = CARTESIAN_POINT('',(-50.8,-330.2,228.6));
#744 = DIRECTION('',(0.,1.,0.));
#745 = DIRECTION('',(0.,-0.,1.));
#746 = PCURVE('',#94,#747);
#747 = DEFINITIONAL_REPRESENTATION('',(#748),#752);
#748 = CIRCLE('',#749,2.54);
#749 = AXIS2_PLACEMENT_2D('',#750,#751);
#750 = CARTESIAN_POINT('',(25.4,254.));
#751 = DIRECTION('',(1.,0.));
#752 = ( GEOMETRIC_REPRESENTATION_CONTEXT(2) 
PARAMETRIC_REPRESENTATION_CONTEXT() REPRESENTATION_CONTEXT('2D SPACE',''
  ) );
#753 = PCURVE('',#754,#759);
#754 = CYLINDRICAL_SURFACE('',#755,2.54);
#755 = AXIS2_PLACEMENT_3D('',#756,#757,#758);
#756 = CARTESIAN_POINT('',(-50.8,-332.74,228.6));
#757 = DIRECTION('',(0.,1.,0.));
#758 = DIRECTION('',(0.,-0.,1.));
#759 = DEFINITIONAL_REPRESENTATION('',(#760),#764);
#760 = LINE('',#761,#762);
#761 = CARTESIAN_POINT('',(0.,2.54));
#762 = VECTOR('',#763,1.);
#763 = DIRECTION('',(1.,0.));
#764 = ( GEOMETRIC_REPRESENTATION_CONTEXT(2) 
PARAMETRIC_REPRESENTATION_CONTEXT() REPRESENTATION_CONTEXT('2D SPACE',''
  ) );
#765 = FACE_BOUND('',#766,.F.);
#766 = EDGE_LOOP('',(#767));
#767 = ORIENTED_EDGE('',*,*,#768,.F.);
#768 = EDGE_CURVE('',#769,#769,#771,.T.);
#769 = VERTEX_POINT('',#770);
#770 = CARTESIAN_POINT('',(-38.1,-330.2,231.14));
#771 = SURFACE_CURVE('',#772,(#777,#784),.PCURVE_S1.);
#772 = CIRCLE('',#773,2.54);
#773 = AXIS2_PLACEMENT_3D('',#774,#775,#776);
#774 = CARTESIAN_POINT('',(-38.1,-330.2,228.6));
#775 = DIRECTION('',(0.,1.,0.));
#776 = DIRECTION('',(0.,-0.,1.));
#777 = PCURVE('',#94,#778);
#778 = DEFINITIONAL_REPRESENTATION('',(#779),#783);
#779 = CIRCLE('',#780,2.54);
#780 = AXIS2_PLACEMENT_2D('',#781,#782);
#781 = CARTESIAN_POINT('',(25.4,266.7));
#782 = DIRECTION('',(1.,0.));
#783 = ( GEOMETRIC_REPRESENTATION_CONTEXT(2) 
PARAMETRIC_REPRESENTATION_CONTEXT() REPRESENTATION_CONTEXT('2D SPACE',''
  ) );
#784 = PCURVE('',#785,#790);
#785 = CYLINDRICAL_SURFACE('',#786,2.54);
#786 = AXIS2_PLACEMENT_3D('',#787,#788,#789);
#787 = CARTESIAN_POINT('',(-38.1,-332.74,228.6));
#788 = DIRECTION('',(0.,1.,0.));
#789 = DIRECTION('',(0.,-0.,1.));
#790 = DEFINITIONAL_REPRESENTATION('',(#791),#795);
#791 = LINE('',#792,#793);
#792 = CARTESIAN_POINT('',(0.,2.54));
#793 = VECTOR('',#794,1.);
#794 = DIRECTION('',(1.,0.));
#795 = ( GEOMETRIC_REPRESENTATION_CONTEXT(2) 
PARAMETRIC_REPRESENTATION_CONTEXT() REPRESENTATION_CONTEXT('2D SPACE',''
  ) );
#796 = FACE_BOUND('',#797,.F.);
#797 = EDGE_LOOP('',(#798,#826,#852,#878));
#798 = ORIENTED_EDGE('',*,*,#799,.F.);
#799 = EDGE_CURVE('',#800,#802,#804,.T.);
#800 = VERTEX_POINT('',#801);
#801 = CARTESIAN_POINT('',(-25.4,-330.2,223.52));
#802 = VERTEX_POINT('',#803);
#803 = CARTESIAN_POINT('',(25.4,-330.2,223.52));
#804 = SURFACE_CURVE('',#805,(#809,#815),.PCURVE_S1.);
#805 = LINE('',#806,#807);
#806 = CARTESIAN_POINT('',(-165.1,-330.2,223.52));
#807 = VECTOR('',#808,1.);
#808 = DIRECTION('',(1.,0.,-0.));
#809 = PCURVE('',#94,#810);
#810 = DEFINITIONAL_REPRESENTATION('',(#811),#814);
#811 = B_SPLINE_CURVE_WITH_KNOTS('',1,(#812,#813),.UNSPECIFIED.,.F.,.F.,
  (2,2),(139.7,190.5),.PIECEWISE_BEZIER_KNOTS.);
#812 = CARTESIAN_POINT('',(20.32,279.4));
#813 = CARTESIAN_POINT('',(20.32,330.2));
#814 = ( GEOMETRIC_REPRESENTATION_CONTEXT(2) 
PARAMETRIC_REPRESENTATION_CONTEXT() REPRESENTATION_CONTEXT('2D SPACE',''
  ) );
#815 = PCURVE('',#816,#821);
#816 = PLANE('',#817);
#817 = AXIS2_PLACEMENT_3D('',#818,#819,#820);
#818 = CARTESIAN_POINT('',(-25.4,-332.74,223.52));
#819 = DIRECTION('',(0.,0.,1.));
#820 = DIRECTION('',(1.,0.,-0.));
#821 = DEFINITIONAL_REPRESENTATION('',(#822),#825);
#822 = B_SPLINE_CURVE_WITH_KNOTS('',1,(#823,#824),.UNSPECIFIED.,.F.,.F.,
  (2,2),(139.7,190.5),.PIECEWISE_BEZIER_KNOTS.);
#823 = CARTESIAN_POINT('',(0.,2.54));
#824 = CARTESIAN_POINT('',(50.8,2.54));
#825 = ( GEOMETRIC_REPRESENTATION_CONTEXT(2) 
PARAMETRIC_REPRESENTATION_CONTEXT() REPRESENTATION_CONTEXT('2D SPACE',''
  ) );
#826 = ORIENTED_EDGE('',*,*,#827,.T.);
#827 = EDGE_CURVE('',#800,#828,#830,.T.);
#828 = VERTEX_POINT('',#829);
#829 = CARTESIAN_POINT('',(-25.4,-330.2,210.82));
#830 = SURFACE_CURVE('',#831,(#835,#841),.PCURVE_S1.);
#831 = LINE('',#832,#833);
#832 = CARTESIAN_POINT('',(-25.4,-330.2,207.01));
#833 = VECTOR('',#834,1.);
#834 = DIRECTION('',(-0.,0.,-1.));
#835 = PCURVE('',#94,#836);
#836 = DEFINITIONAL_REPRESENTATION('',(#837),#840);
#837 = B_SPLINE_CURVE_WITH_KNOTS('',1,(#838,#839),.UNSPECIFIED.,.F.,.F.,
  (2,2),(-16.51,-3.81),.PIECEWISE_BEZIER_KNOTS.);
#838 = CARTESIAN_POINT('',(20.32,279.4));
#839 = CARTESIAN_POINT('',(7.62,279.4));
#840 = ( GEOMETRIC_REPRESENTATION_CONTEXT(2) 
PARAMETRIC_REPRESENTATION_CONTEXT() REPRESENTATION_CONTEXT('2D SPACE',''
  ) );
#841 = PCURVE('',#842,#847);
#842 = PLANE('',#843);
#843 = AXIS2_PLACEMENT_3D('',#844,#845,#846);
#844 = CARTESIAN_POINT('',(-25.4,-332.74,210.82));
#845 = DIRECTION('',(1.,0.,-0.));
#846 = DIRECTION('',(0.,0.,1.));
#847 = DEFINITIONAL_REPRESENTATION('',(#848),#851);
#848 = B_SPLINE_CURVE_WITH_KNOTS('',1,(#849,#850),.UNSPECIFIED.,.F.,.F.,
  (2,2),(-16.51,-3.81),.PIECEWISE_BEZIER_KNOTS.);
#849 = CARTESIAN_POINT('',(12.7,-2.54));
#850 = CARTESIAN_POINT('',(0.,-2.54));
#851 = ( GEOMETRIC_REPRESENTATION_CONTEXT(2) 
PARAMETRIC_REPRESENTATION_CONTEXT() REPRESENTATION_CONTEXT('2D SPACE',''
  ) );
#852 = ORIENTED_EDGE('',*,*,#853,.T.);
#853 = EDGE_CURVE('',#828,#854,#856,.T.);
#854 = VERTEX_POINT('',#855);
#855 = CARTESIAN_POINT('',(25.4,-330.2,210.82));
#856 = SURFACE_CURVE('',#857,(#861,#867),.PCURVE_S1.);
#857 = LINE('',#858,#859);
#858 = CARTESIAN_POINT('',(-165.1,-330.2,210.82));
#859 = VECTOR('',#860,1.);
#860 = DIRECTION('',(1.,0.,-0.));
#861 = PCURVE('',#94,#862);
#862 = DEFINITIONAL_REPRESENTATION('',(#863),#866);
#863 = B_SPLINE_CURVE_WITH_KNOTS('',1,(#864,#865),.UNSPECIFIED.,.F.,.F.,
  (2,2),(139.7,190.5),.PIECEWISE_BEZIER_KNOTS.);
#864 = CARTESIAN_POINT('',(7.62,279.4));
#865 = CARTESIAN_POINT('',(7.62,330.2));
#866 = ( GEOMETRIC_REPRESENTATION_CONTEXT(2) 
PARAMETRIC_REPRESENTATION_CONTEXT() REPRESENTATION_CONTEXT('2D SPACE',''
  ) );
#867 = PCURVE('',#868,#873);
#868 = PLANE('',#869);
#869 = AXIS2_PLACEMENT_3D('',#870,#871,#872);
#870 = CARTESIAN_POINT('',(-25.4,-332.74,210.82));
#871 = DIRECTION('',(0.,0.,1.));
#872 = DIRECTION('',(1.,0.,-0.));
#873 = DEFINITIONAL_REPRESENTATION('',(#874),#877);
#874 = B_SPLINE_CURVE_WITH_KNOTS('',1,(#875,#876),.UNSPECIFIED.,.F.,.F.,
  (2,2),(139.7,190.5),.PIECEWISE_BEZIER_KNOTS.);
#875 = CARTESIAN_POINT('',(0.,2.54));
#876 = CARTESIAN_POINT('',(50.8,2.54));
#877 = ( GEOMETRIC_REPRESENTATION_CONTEXT(2) 
PARAMETRIC_REPRESENTATION_CONTEXT() REPRESENTATION_CONTEXT('2D SPACE',''
  ) );
#878 = ORIENTED_EDGE('',*,*,#879,.F.);
#879 = EDGE_CURVE('',#802,#854,#880,.T.);
#880 = SURFACE_CURVE('',#881,(#885,#891),.PCURVE_S1.);
#881 = LINE('',#882,#883);
#882 = CARTESIAN_POINT('',(25.4,-330.2,207.01));
#883 = VECTOR('',#884,1.);
#884 = DIRECTION('',(-0.,0.,-1.));
#885 = PCURVE('',#94,#886);
#886 = DEFINITIONAL_REPRESENTATION('',(#887),#890);
#887 = B_SPLINE_CURVE_WITH_KNOTS('',1,(#888,#889),.UNSPECIFIED.,.F.,.F.,
  (2,2),(-16.51,-3.81),.PIECEWISE_BEZIER_KNOTS.);
#888 = CARTESIAN_POINT('',(20.32,330.2));
#889 = CARTESIAN_POINT('',(7.62,330.2));
#890 = ( GEOMETRIC_REPRESENTATION_CONTEXT(2) 
PARAMETRIC_REPRESENTATION_CONTEXT() REPRESENTATION_CONTEXT('2D SPACE',''
  ) );
#891 = PCURVE('',#892,#897);
#892 = PLANE('',#893);
#893 = AXIS2_PLACEMENT_3D('',#894,#895,#896);
#894 = CARTESIAN_POINT('',(25.4,-332.74,210.82));
#895 = DIRECTION('',(1.,0.,-0.));
#896 = DIRECTION('',(0.,0.,1.));
#897 = DEFINITIONAL_REPRESENTATION('',(#898),#901);
#898 = B_SPLINE_CURVE_WITH_KNOTS('',1,(#899,#900),.UNSPECIFIED.,.F.,.F.,
  (2,2),(-16.51,-3.81),.PIECEWISE_BEZIER_KNOTS.);
#899 = CARTESIAN_POINT('',(12.7,-2.54));
#900 = CARTESIAN_POINT('',(0.,-2.54));
#901 = ( GEOMETRIC_REPRESENTATION_CONTEXT(2) 
PARAMETRIC_REPRESENTATION_CONTEXT() REPRESENTATION_CONTEXT('2D SPACE',''
  ) );
#902 = FACE_BOUND('',#903,.F.);
#903 = EDGE_LOOP('',(#904));
#904 = ORIENTED_EDGE('',*,*,#905,.F.);
#905 = EDGE_CURVE('',#906,#906,#908,.T.);
#906 = VERTEX_POINT('',#907);
#907 = CARTESIAN_POINT('',(-25.4,-330.2,231.14));
#908 = SURFACE_CURVE('',#909,(#914,#921),.PCURVE_S1.);
#909 = CIRCLE('',#910,2.54);
#910 = AXIS2_PLACEMENT_3D('',#911,#912,#913);
#911 = CARTESIAN_POINT('',(-25.4,-330.2,228.6));
#912 = DIRECTION('',(0.,1.,0.));
#913 = DIRECTION('',(0.,-0.,1.));
#914 = PCURVE('',#94,#915);
#915 = DEFINITIONAL_REPRESENTATION('',(#916),#920);
#916 = CIRCLE('',#917,2.54);
#917 = AXIS2_PLACEMENT_2D('',#918,#919);
#918 = CARTESIAN_POINT('',(25.4,279.4));
#919 = DIRECTION('',(1.,0.));
#920 = ( GEOMETRIC_REPRESENTATION_CONTEXT(2) 
PARAMETRIC_REPRESENTATION_CONTEXT() REPRESENTATION_CONTEXT('2D SPACE',''
  ) );
#921 = PCURVE('',#922,#927);
#922 = CYLINDRICAL_SURFACE('',#923,2.54);
#923 = AXIS2_PLACEMENT_3D('',#924,#925,#926);
#924 = CARTESIAN_POINT('',(-25.4,-332.74,228.6));
#925 = DIRECTION('',(0.,1.,0.));
#926 = DIRECTION('',(0.,-0.,1.));
#927 = DEFINITIONAL_REPRESENTATION('',(#928),#932);
#928 = LINE('',#929,#930);
#929 = CARTESIAN_POINT('',(0.,2.54));
#930 = VECTOR('',#931,1.);
#931 = DIRECTION('',(1.,0.));
#932 = ( GEOMETRIC_REPRESENTATION_CONTEXT(2) 
PARAMETRIC_REPRESENTATION_CONTEXT() REPRESENTATION_CONTEXT('2D SPACE',''
  ) );
#933 = FACE_BOUND('',#934,.F.);
#934 = EDGE_LOOP('',(#935));
#935 = ORIENTED_EDGE('',*,*,#936,.F.);
#936 = EDGE_CURVE('',#937,#937,#939,.T.);
#937 = VERTEX_POINT('',#938);
#938 = CARTESIAN_POINT('',(-12.7,-330.2,231.14));
#939 = SURFACE_CURVE('',#940,(#945,#952),.PCURVE_S1.);
#940 = CIRCLE('',#941,2.54);
#941 = AXIS2_PLACEMENT_3D('',#942,#943,#944);
#942 = CARTESIAN_POINT('',(-12.7,-330.2,228.6));
#943 = DIRECTION('',(0.,1.,0.));
#944 = DIRECTION('',(0.,-0.,1.));
#945 = PCURVE('',#94,#946);
#946 = DEFINITIONAL_REPRESENTATION('',(#947),#951);
#947 = CIRCLE('',#948,2.54);
#948 = AXIS2_PLACEMENT_2D('',#949,#950);
#949 = CARTESIAN_POINT('',(25.4,292.1));
#950 = DIRECTION('',(1.,0.));
#951 = ( GEOMETRIC_REPRESENTATION_CONTEXT(2) 
PARAMETRIC_REPRESENTATION_CONTEXT() REPRESENTATION_CONTEXT('2D SPACE',''
  ) );
#952 = PCURVE('',#953,#958);
#953 = CYLINDRICAL_SURFACE('',#954,2.54);
#954 = AXIS2_PLACEMENT_3D('',#955,#956,#957);
#955 = CARTESIAN_POINT('',(-12.7,-332.74,228.6));
#956 = DIRECTION('',(0.,1.,0.));
#957 = DIRECTION('',(0.,-0.,1.));
#958 = DEFINITIONAL_REPRESENTATION('',(#959),#963);
#959 = LINE('',#960,#961);
#960 = CARTESIAN_POINT('',(0.,2.54));
#961 = VECTOR('',#962,1.);
#962 = DIRECTION('',(1.,0.));
#963 = ( GEOMETRIC_REPRESENTATION_CONTEXT(2) 
PARAMETRIC_REPRESENTATION_CONTEXT() REPRESENTATION_CONTEXT('2D SPACE',''
  ) );
#964 = FACE_BOUND('',#965,.F.);
#965 = EDGE_LOOP('',(#966));
#966 = ORIENTED_EDGE('',*,*,#967,.F.);
#967 = EDGE_CURVE('',#968,#968,#970,.T.);
#968 = VERTEX_POINT('',#969);
#969 = CARTESIAN_POINT('',(-6.221205739669E-16,-330.2,231.14));
#970 = SURFACE_CURVE('',#971,(#976,#983),.PCURVE_S1.);
#971 = CIRCLE('',#972,2.54);
#972 = AXIS2_PLACEMENT_3D('',#973,#974,#975);
#973 = CARTESIAN_POINT('',(0.,-330.2,228.6));
#974 = DIRECTION('',(0.,1.,0.));
#975 = DIRECTION('',(0.,-0.,1.));
#976 = PCURVE('',#94,#977);
#977 = DEFINITIONAL_REPRESENTATION('',(#978),#982);
#978 = CIRCLE('',#979,2.54);
#979 = AXIS2_PLACEMENT_2D('',#980,#981);
#980 = CARTESIAN_POINT('',(25.4,304.8));
#981 = DIRECTION('',(1.,0.));
#982 = ( GEOMETRIC_REPRESENTATION_CONTEXT(2) 
PARAMETRIC_REPRESENTATION_CONTEXT() REPRESENTATION_CONTEXT('2D SPACE',''
  ) );
#983 = PCURVE('',#984,#989);
#984 = CYLINDRICAL_SURFACE('',#985,2.54);
#985 = AXIS2_PLACEMENT_3D('',#986,#987,#988);
#986 = CARTESIAN_POINT('',(0.,-332.74,228.6));
#987 = DIRECTION('',(0.,1.,0.));
#988 = DIRECTION('',(0.,-0.,1.));
#989 = DEFINITIONAL_REPRESENTATION('',(#990),#994);
#990 = LINE('',#991,#992);
#991 = CARTESIAN_POINT('',(0.,2.54));
#992 = VECTOR('',#993,1.);
#993 = DIRECTION('',(1.,0.));
#994 = ( GEOMETRIC_REPRESENTATION_CONTEXT(2) 
PARAMETRIC_REPRESENTATION_CONTEXT() REPRESENTATION_CONTEXT('2D SPACE',''
  ) );
#995 = FACE_BOUND('',#996,.F.);
#996 = EDGE_LOOP('',(#997));
#997 = ORIENTED_EDGE('',*,*,#998,.F.);
#998 = EDGE_CURVE('',#999,#999,#1001,.T.);
#999 = VERTEX_POINT('',#1000);
#1000 = CARTESIAN_POINT('',(12.7,-330.2,231.14));
#1001 = SURFACE_CURVE('',#1002,(#1007,#1014),.PCURVE_S1.);
#1002 = CIRCLE('',#1003,2.54);
#1003 = AXIS2_PLACEMENT_3D('',#1004,#1005,#1006);
#1004 = CARTESIAN_POINT('',(12.7,-330.2,228.6));
#1005 = DIRECTION('',(0.,1.,0.));
#1006 = DIRECTION('',(0.,-0.,1.));
#1007 = PCURVE('',#94,#1008);
#1008 = DEFINITIONAL_REPRESENTATION('',(#1009),#1013);
#1009 = CIRCLE('',#1010,2.54);
#1010 = AXIS2_PLACEMENT_2D('',#1011,#1012);
#1011 = CARTESIAN_POINT('',(25.4,317.5));
#1012 = DIRECTION('',(1.,0.));
#1013 = ( GEOMETRIC_REPRESENTATION_CONTEXT(2) 
PARAMETRIC_REPRESENTATION_CONTEXT() REPRESENTATION_CONTEXT('2D SPACE',''
  ) );
#1014 = PCURVE('',#1015,#1020);
#1015 = CYLINDRICAL_SURFACE('',#1016,2.54);
#1016 = AXIS2_PLACEMENT_3D('',#1017,#1018,#1019);
#1017 = CARTESIAN_POINT('',(12.7,-332.74,228.6));
#1018 = DIRECTION('',(0.,1.,0.));
#1019 = DIRECTION('',(0.,-0.,1.));
#1020 = DEFINITIONAL_REPRESENTATION('',(#1021),#1025);
#1021 = LINE('',#1022,#1023);
#1022 = CARTESIAN_POINT('',(0.,2.54));
#1023 = VECTOR('',#1024,1.);
#1024 = DIRECTION('',(1.,0.));
#1025 = ( GEOMETRIC_REPRESENTATION_CONTEXT(2) 
PARAMETRIC_REPRESENTATION_CONTEXT() REPRESENTATION_CONTEXT('2D SPACE',''
  ) );
#1026 = FACE_BOUND('',#1027,.F.);
#1027 = EDGE_LOOP('',(#1028));
#1028 = ORIENTED_EDGE('',*,*,#1029,.F.);
#1029 = EDGE_CURVE('',#1030,#1030,#1032,.T.);
#1030 = VERTEX_POINT('',#1031);
#1031 = CARTESIAN_POINT('',(25.4,-330.2,231.14));
#1032 = SURFACE_CURVE('',#1033,(#1038,#1045),.PCURVE_S1.);
#1033 = CIRCLE('',#1034,2.54);
#1034 = AXIS2_PLACEMENT_3D('',#1035,#1036,#1037);
#1035 = CARTESIAN_POINT('',(25.4,-330.2,228.6));
#1036 = DIRECTION('',(0.,1.,0.));
#1037 = DIRECTION('',(0.,-0.,1.));
#1038 = PCURVE('',#94,#1039);
#1039 = DEFINITIONAL_REPRESENTATION('',(#1040),#1044);
#1040 = CIRCLE('',#1041,2.54);
#1041 = AXIS2_PLACEMENT_2D('',#1042,#1043);
#1042 = CARTESIAN_POINT('',(25.4,330.2));
#1043 = DIRECTION('',(1.,0.));
#1044 = ( GEOMETRIC_REPRESENTATION_CONTEXT(2) 
PARAMETRIC_REPRESENTATION_CONTEXT() REPRESENTATION_CONTEXT('2D SPACE',''
  ) );
#1045 = PCURVE('',#1046,#1051);
#1046 = CYLINDRICAL_SURFACE('',#1047,2.54);
#1047 = AXIS2_PLACEMENT_3D('',#1048,#1049,#1050);
#1048 = CARTESIAN_POINT('',(25.4,-332.74,228.6));
#1049 = DIRECTION('',(0.,1.,0.));
#1050 = DIRECTION('',(0.,-0.,1.));
#1051 = DEFINITIONAL_REPRESENTATION('',(#1052),#1056);
#1052 = LINE('',#1053,#1054);
#1053 = CARTESIAN_POINT('',(0.,2.54));
#1054 = VECTOR('',#1055,1.);
#1055 = DIRECTION('',(1.,0.));
#1056 = ( GEOMETRIC_REPRESENTATION_CONTEXT(2) 
PARAMETRIC_REPRESENTATION_CONTEXT() REPRESENTATION_CONTEXT('2D SPACE',''
  ) );
#1057 = FACE_BOUND('',#1058,.F.);
#1058 = EDGE_LOOP('',(#1059));
#1059 = ORIENTED_EDGE('',*,*,#1060,.F.);
#1060 = EDGE_CURVE('',#1061,#1061,#1063,.T.);
#1061 = VERTEX_POINT('',#1062);
#1062 = CARTESIAN_POINT('',(-88.9,-330.2,243.84));
#1063 = SURFACE_CURVE('',#1064,(#1069,#1076),.PCURVE_S1.);
#1064 = CIRCLE('',#1065,2.54);
#1065 = AXIS2_PLACEMENT_3D('',#1066,#1067,#1068);
#1066 = CARTESIAN_POINT('',(-88.9,-330.2,241.3));
#1067 = DIRECTION('',(0.,1.,0.));
#1068 = DIRECTION('',(0.,-0.,1.));
#1069 = PCURVE('',#94,#1070);
#1070 = DEFINITIONAL_REPRESENTATION('',(#1071),#1075);
#1071 = CIRCLE('',#1072,2.54);
#1072 = AXIS2_PLACEMENT_2D('',#1073,#1074);
#1073 = CARTESIAN_POINT('',(38.1,215.9));
#1074 = DIRECTION('',(1.,0.));
#1075 = ( GEOMETRIC_REPRESENTATION_CONTEXT(2) 
PARAMETRIC_REPRESENTATION_CONTEXT() REPRESENTATION_CONTEXT('2D SPACE',''
  ) );
#1076 = PCURVE('',#1077,#1082);
#1077 = CYLINDRICAL_SURFACE('',#1078,2.54);
#1078 = AXIS2_PLACEMENT_3D('',#1079,#1080,#1081);
#1079 = CARTESIAN_POINT('',(-88.9,-332.74,241.3));
#1080 = DIRECTION('',(0.,1.,0.));
#1081 = DIRECTION('',(0.,-0.,1.));
#1082 = DEFINITIONAL_REPRESENTATION('',(#1083),#1087);
#1083 = LINE('',#1084,#1085);
#1084 = CARTESIAN_POINT('',(0.,2.54));
#1085 = VECTOR('',#1086,1.);
#1086 = DIRECTION('',(1.,0.));
#1087 = ( GEOMETRIC_REPRESENTATION_CONTEXT(2) 
PARAMETRIC_REPRESENTATION_CONTEXT() REPRESENTATION_CONTEXT('2D SPACE',''
  ) );
#1088 = FACE_BOUND('',#1089,.F.);
#1089 = EDGE_LOOP('',(#1090));
#1090 = ORIENTED_EDGE('',*,*,#1091,.F.);
#1091 = EDGE_CURVE('',#1092,#1092,#1094,.T.);
#1092 = VERTEX_POINT('',#1093);
#1093 = CARTESIAN_POINT('',(-76.2,-330.2,243.84));
#1094 = SURFACE_CURVE('',#1095,(#1100,#1107),.PCURVE_S1.);
#1095 = CIRCLE('',#1096,2.54);
#1096 = AXIS2_PLACEMENT_3D('',#1097,#1098,#1099);
#1097 = CARTESIAN_POINT('',(-76.2,-330.2,241.3));
#1098 = DIRECTION('',(0.,1.,0.));
#1099 = DIRECTION('',(0.,-0.,1.));
#1100 = PCURVE('',#94,#1101);
#1101 = DEFINITIONAL_REPRESENTATION('',(#1102),#1106);
#1102 = CIRCLE('',#1103,2.54);
#1103 = AXIS2_PLACEMENT_2D('',#1104,#1105);
#1104 = CARTESIAN_POINT('',(38.1,228.6));
#1105 = DIRECTION('',(1.,0.));
#1106 = ( GEOMETRIC_REPRESENTATION_CONTEXT(2) 
PARAMETRIC_REPRESENTATION_CONTEXT() REPRESENTATION_CONTEXT('2D SPACE',''
  ) );
#1107 = PCURVE('',#1108,#1113);
#1108 = CYLINDRICAL_SURFACE('',#1109,2.54);
#1109 = AXIS2_PLACEMENT_3D('',#1110,#1111,#1112);
#1110 = CARTESIAN_POINT('',(-76.2,-332.74,241.3));
#1111 = DIRECTION('',(0.,1.,0.));
#1112 = DIRECTION('',(0.,-0.,1.));
#1113 = DEFINITIONAL_REPRESENTATION('',(#1114),#1118);
#1114 = LINE('',#1115,#1116);
#1115 = CARTESIAN_POINT('',(0.,2.54));
#1116 = VECTOR('',#1117,1.);
#1117 = DIRECTION('',(1.,0.));
#1118 = ( GEOMETRIC_REPRESENTATION_CONTEXT(2) 
PARAMETRIC_REPRESENTATION_CONTEXT() REPRESENTATION_CONTEXT('2D SPACE',''
  ) );
#1119 = FACE_BOUND('',#1120,.F.);
#1120 = EDGE_LOOP('',(#1121));
#1121 = ORIENTED_EDGE('',*,*,#1122,.F.);
#1122 = EDGE_CURVE('',#1123,#1123,#1125,.T.);
#1123 = VERTEX_POINT('',#1124);
#1124 = CARTESIAN_POINT('',(-88.9,-330.2,256.54));
#1125 = SURFACE_CURVE('',#1126,(#1131,#1138),.PCURVE_S1.);
#1126 = CIRCLE('',#1127,2.54);
#1127 = AXIS2_PLACEMENT_3D('',#1128,#1129,#1130);
#1128 = CARTESIAN_POINT('',(-88.9,-330.2,254.));
#1129 = DIRECTION('',(0.,1.,0.));
#1130 = DIRECTION('',(0.,-0.,1.));
#1131 = PCURVE('',#94,#1132);
#1132 = DEFINITIONAL_REPRESENTATION('',(#1133),#1137);
#1133 = CIRCLE('',#1134,2.54);
#1134 = AXIS2_PLACEMENT_2D('',#1135,#1136);
#1135 = CARTESIAN_POINT('',(50.8,215.9));
#1136 = DIRECTION('',(1.,0.));
#1137 = ( GEOMETRIC_REPRESENTATION_CONTEXT(2) 
PARAMETRIC_REPRESENTATION_CONTEXT() REPRESENTATION_CONTEXT('2D SPACE',''
  ) );
#1138 = PCURVE('',#1139,#1144);
#1139 = CYLINDRICAL_SURFACE('',#1140,2.54);
#1140 = AXIS2_PLACEMENT_3D('',#1141,#1142,#1143);
#1141 = CARTESIAN_POINT('',(-88.9,-332.74,254.));
#1142 = DIRECTION('',(0.,1.,0.));
#1143 = DIRECTION('',(0.,-0.,1.));
#1144 = DEFINITIONAL_REPRESENTATION('',(#1145),#1149);
#1145 = LINE('',#1146,#1147);
#1146 = CARTESIAN_POINT('',(0.,2.54));
#1147 = VECTOR('',#1148,1.);
#1148 = DIRECTION('',(1.,0.));
#1149 = ( GEOMETRIC_REPRESENTATION_CONTEXT(2) 
PARAMETRIC_REPRESENTATION_CONTEXT() REPRESENTATION_CONTEXT('2D SPACE',''
  ) );
#1150 = FACE_BOUND('',#1151,.F.);
#1151 = EDGE_LOOP('',(#1152));
#1152 = ORIENTED_EDGE('',*,*,#1153,.F.);
#1153 = EDGE_CURVE('',#1154,#1154,#1156,.T.);
#1154 = VERTEX_POINT('',#1155);
#1155 = CARTESIAN_POINT('',(-76.2,-330.2,256.54));
#1156 = SURFACE_CURVE('',#1157,(#1162,#1169),.PCURVE_S1.);
#1157 = CIRCLE('',#1158,2.54);
#1158 = AXIS2_PLACEMENT_3D('',#1159,#1160,#1161);
#1159 = CARTESIAN_POINT('',(-76.2,-330.2,254.));
#1160 = DIRECTION('',(0.,1.,0.));
#1161 = DIRECTION('',(0.,-0.,1.));
#1162 = PCURVE('',#94,#1163);
#1163 = DEFINITIONAL_REPRESENTATION('',(#1164),#1168);
#1164 = CIRCLE('',#1165,2.54);
#1165 = AXIS2_PLACEMENT_2D('',#1166,#1167);
#1166 = CARTESIAN_POINT('',(50.8,228.6));
#1167 = DIRECTION('',(1.,0.));
#1168 = ( GEOMETRIC_REPRESENTATION_CONTEXT(2) 
PARAMETRIC_REPRESENTATION_CONTEXT() REPRESENTATION_CONTEXT('2D SPACE',''
  ) );
#1169 = PCURVE('',#1170,#1175);
#1170 = CYLINDRICAL_SURFACE('',#1171,2.54);
#1171 = AXIS2_PLACEMENT_3D('',#1172,#1173,#1174);
#1172 = CARTESIAN_POINT('',(-76.2,-332.74,254.));
#1173 = DIRECTION('',(0.,1.,0.));
#1174 = DIRECTION('',(0.,-0.,1.));
#1175 = DEFINITIONAL_REPRESENTATION('',(#1176),#1180);
#1176 = LINE('',#1177,#1178);
#1177 = CARTESIAN_POINT('',(0.,2.54));
#1178 = VECTOR('',#1179,1.);
#1179 = DIRECTION('',(1.,0.));
#1180 = ( GEOMETRIC_REPRESENTATION_CONTEXT(2) 
PARAMETRIC_REPRESENTATION_CONTEXT() REPRESENTATION_CONTEXT('2D SPACE',''
  ) );
#1181 = FACE_BOUND('',#1182,.F.);
#1182 = EDGE_LOOP('',(#1183));
#1183 = ORIENTED_EDGE('',*,*,#1184,.F.);
#1184 = EDGE_CURVE('',#1185,#1185,#1187,.T.);
#1185 = VERTEX_POINT('',#1186);
#1186 = CARTESIAN_POINT('',(-63.5,-330.2,243.84));
#1187 = SURFACE_CURVE('',#1188,(#1193,#1200),.PCURVE_S1.);
#1188 = CIRCLE('',#1189,2.54);
#1189 = AXIS2_PLACEMENT_3D('',#1190,#1191,#1192);
#1190 = CARTESIAN_POINT('',(-63.5,-330.2,241.3));
#1191 = DIRECTION('',(0.,1.,0.));
#1192 = DIRECTION('',(0.,-0.,1.));
#1193 = PCURVE('',#94,#1194);
#1194 = DEFINITIONAL_REPRESENTATION('',(#1195),#1199);
#1195 = CIRCLE('',#1196,2.54);
#1196 = AXIS2_PLACEMENT_2D('',#1197,#1198);
#1197 = CARTESIAN_POINT('',(38.1,241.3));
#1198 = DIRECTION('',(1.,0.));
#1199 = ( GEOMETRIC_REPRESENTATION_CONTEXT(2) 
PARAMETRIC_REPRESENTATION_CONTEXT() REPRESENTATION_CONTEXT('2D SPACE',''
  ) );
#1200 = PCURVE('',#1201,#1206);
#1201 = CYLINDRICAL_SURFACE('',#1202,2.54);
#1202 = AXIS2_PLACEMENT_3D('',#1203,#1204,#1205);
#1203 = CARTESIAN_POINT('',(-63.5,-332.74,241.3));
#1204 = DIRECTION('',(0.,1.,0.));
#1205 = DIRECTION('',(0.,-0.,1.));
#1206 = DEFINITIONAL_REPRESENTATION('',(#1207),#1211);
#1207 = LINE('',#1208,#1209);
#1208 = CARTESIAN_POINT('',(0.,2.54));
#1209 = VECTOR('',#1210,1.);
#1210 = DIRECTION('',(1.,0.));
#1211 = ( GEOMETRIC_REPRESENTATION_CONTEXT(2) 
PARAMETRIC_REPRESENTATION_CONTEXT() REPRESENTATION_CONTEXT('2D SPACE',''
  ) );
#1212 = FACE_BOUND('',#1213,.F.);
#1213 = EDGE_LOOP('',(#1214));
#1214 = ORIENTED_EDGE('',*,*,#1215,.F.);
#1215 = EDGE_CURVE('',#1216,#1216,#1218,.T.);
#1216 = VERTEX_POINT('',#1217);
#1217 = CARTESIAN_POINT('',(-50.8,-330.2,243.84));
#1218 = SURFACE_CURVE('',#1219,(#1224,#1231),.PCURVE_S1.);
#1219 = CIRCLE('',#1220,2.54);
#1220 = AXIS2_PLACEMENT_3D('',#1221,#1222,#1223);
#1221 = CARTESIAN_POINT('',(-50.8,-330.2,241.3));
#1222 = DIRECTION('',(0.,1.,0.));
#1223 = DIRECTION('',(0.,-0.,1.));
#1224 = PCURVE('',#94,#1225);
#1225 = DEFINITIONAL_REPRESENTATION('',(#1226),#1230);
#1226 = CIRCLE('',#1227,2.54);
#1227 = AXIS2_PLACEMENT_2D('',#1228,#1229);
#1228 = CARTESIAN_POINT('',(38.1,254.));
#1229 = DIRECTION('',(1.,0.));
#1230 = ( GEOMETRIC_REPRESENTATION_CONTEXT(2) 
PARAMETRIC_REPRESENTATION_CONTEXT() REPRESENTATION_CONTEXT('2D SPACE',''
  ) );
#1231 = PCURVE('',#1232,#1237);
#1232 = CYLINDRICAL_SURFACE('',#1233,2.54);
#1233 = AXIS2_PLACEMENT_3D('',#1234,#1235,#1236);
#1234 = CARTESIAN_POINT('',(-50.8,-332.74,241.3));
#1235 = DIRECTION('',(0.,1.,0.));
#1236 = DIRECTION('',(0.,-0.,1.));
#1237 = DEFINITIONAL_REPRESENTATION('',(#1238),#1242);
#1238 = LINE('',#1239,#1240);
#1239 = CARTESIAN_POINT('',(0.,2.54));
#1240 = VECTOR('',#1241,1.);
#1241 = DIRECTION('',(1.,0.));
#1242 = ( GEOMETRIC_REPRESENTATION_CONTEXT(2) 
PARAMETRIC_REPRESENTATION_CONTEXT() REPRESENTATION_CONTEXT('2D SPACE',''
  ) );
#1243 = FACE_BOUND('',#1244,.F.);
#1244 = EDGE_LOOP('',(#1245));
#1245 = ORIENTED_EDGE('',*,*,#1246,.F.);
#1246 = EDGE_CURVE('',#1247,#1247,#1249,.T.);
#1247 = VERTEX_POINT('',#1248);
#1248 = CARTESIAN_POINT('',(-38.1,-330.2,243.84));
#1249 = SURFACE_CURVE('',#1250,(#1255,#1262),.PCURVE_S1.);
#1250 = CIRCLE('',#1251,2.54);
#1251 = AXIS2_PLACEMENT_3D('',#1252,#1253,#1254);
#1252 = CARTESIAN_POINT('',(-38.1,-330.2,241.3));
#1253 = DIRECTION('',(0.,1.,0.));
#1254 = DIRECTION('',(0.,-0.,1.));
#1255 = PCURVE('',#94,#1256);
#1256 = DEFINITIONAL_REPRESENTATION('',(#1257),#1261);
#1257 = CIRCLE('',#1258,2.54);
#1258 = AXIS2_PLACEMENT_2D('',#1259,#1260);
#1259 = CARTESIAN_POINT('',(38.1,266.7));
#1260 = DIRECTION('',(1.,0.));
#1261 = ( GEOMETRIC_REPRESENTATION_CONTEXT(2) 
PARAMETRIC_REPRESENTATION_CONTEXT() REPRESENTATION_CONTEXT('2D SPACE',''
  ) );
#1262 = PCURVE('',#1263,#1268);
#1263 = CYLINDRICAL_SURFACE('',#1264,2.54);
#1264 = AXIS2_PLACEMENT_3D('',#1265,#1266,#1267);
#1265 = CARTESIAN_POINT('',(-38.1,-332.74,241.3));
#1266 = DIRECTION('',(0.,1.,0.));
#1267 = DIRECTION('',(0.,-0.,1.));
#1268 = DEFINITIONAL_REPRESENTATION('',(#1269),#1273);
#1269 = LINE('',#1270,#1271);
#1270 = CARTESIAN_POINT('',(0.,2.54));
#1271 = VECTOR('',#1272,1.);
#1272 = DIRECTION('',(1.,0.));
#1273 = ( GEOMETRIC_REPRESENTATION_CONTEXT(2) 
PARAMETRIC_REPRESENTATION_CONTEXT() REPRESENTATION_CONTEXT('2D SPACE',''
  ) );
#1274 = FACE_BOUND('',#1275,.F.);
#1275 = EDGE_LOOP('',(#1276));
#1276 = ORIENTED_EDGE('',*,*,#1277,.F.);
#1277 = EDGE_CURVE('',#1278,#1278,#1280,.T.);
#1278 = VERTEX_POINT('',#1279);
#1279 = CARTESIAN_POINT('',(-63.5,-330.2,256.54));
#1280 = SURFACE_CURVE('',#1281,(#1286,#1293),.PCURVE_S1.);
#1281 = CIRCLE('',#1282,2.54);
#1282 = AXIS2_PLACEMENT_3D('',#1283,#1284,#1285);
#1283 = CARTESIAN_POINT('',(-63.5,-330.2,254.));
#1284 = DIRECTION('',(0.,1.,0.));
#1285 = DIRECTION('',(0.,-0.,1.));
#1286 = PCURVE('',#94,#1287);
#1287 = DEFINITIONAL_REPRESENTATION('',(#1288),#1292);
#1288 = CIRCLE('',#1289,2.54);
#1289 = AXIS2_PLACEMENT_2D('',#1290,#1291);
#1290 = CARTESIAN_POINT('',(50.8,241.3));
#1291 = DIRECTION('',(1.,0.));
#1292 = ( GEOMETRIC_REPRESENTATION_CONTEXT(2) 
PARAMETRIC_REPRESENTATION_CONTEXT() REPRESENTATION_CONTEXT('2D SPACE',''
  ) );
#1293 = PCURVE('',#1294,#1299);
#1294 = CYLINDRICAL_SURFACE('',#1295,2.54);
#1295 = AXIS2_PLACEMENT_3D('',#1296,#1297,#1298);
#1296 = CARTESIAN_POINT('',(-63.5,-332.74,254.));
#1297 = DIRECTION('',(0.,1.,0.));
#1298 = DIRECTION('',(0.,-0.,1.));
#1299 = DEFINITIONAL_REPRESENTATION('',(#1300),#1304);
#1300 = LINE('',#1301,#1302);
#1301 = CARTESIAN_POINT('',(0.,2.54));
#1302 = VECTOR('',#1303,1.);
#1303 = DIRECTION('',(1.,0.));
#1304 = ( GEOMETRIC_REPRESENTATION_CONTEXT(2) 
PARAMETRIC_REPRESENTATION_CONTEXT() REPRESENTATION_CONTEXT('2D SPACE',''
  ) );
#1305 = FACE_BOUND('',#1306,.F.);
#1306 = EDGE_LOOP('',(#1307));
#1307 = ORIENTED_EDGE('',*,*,#1308,.F.);
#1308 = EDGE_CURVE('',#1309,#1309,#1311,.T.);
#1309 = VERTEX_POINT('',#1310);
#1310 = CARTESIAN_POINT('',(-50.8,-330.2,256.54));
#1311 = SURFACE_CURVE('',#1312,(#1317,#1324),.PCURVE_S1.);
#1312 = CIRCLE('',#1313,2.54);
#1313 = AXIS2_PLACEMENT_3D('',#1314,#1315,#1316);
#1314 = CARTESIAN_POINT('',(-50.8,-330.2,254.));
#1315 = DIRECTION('',(0.,1.,0.));
#1316 = DIRECTION('',(0.,-0.,1.));
#1317 = PCURVE('',#94,#1318);
#1318 = DEFINITIONAL_REPRESENTATION('',(#1319),#1323);
#1319 = CIRCLE('',#1320,2.54);
#1320 = AXIS2_PLACEMENT_2D('',#1321,#1322);
#1321 = CARTESIAN_POINT('',(50.8,254.));
#1322 = DIRECTION('',(1.,0.));
#1323 = ( GEOMETRIC_REPRESENTATION_CONTEXT(2) 
PARAMETRIC_REPRESENTATION_CONTEXT() REPRESENTATION_CONTEXT('2D SPACE',''
  ) );
#1324 = PCURVE('',#1325,#1330);
#1325 = CYLINDRICAL_SURFACE('',#1326,2.54);
#1326 = AXIS2_PLACEMENT_3D('',#1327,#1328,#1329);
#1327 = CARTESIAN_POINT('',(-50.8,-332.74,254.));
#1328 = DIRECTION('',(0.,1.,0.));
#1329 = DIRECTION('',(0.,-0.,1.));
#1330 = DEFINITIONAL_REPRESENTATION('',(#1331),#1335);
#1331 = LINE('',#1332,#1333);
#1332 = CARTESIAN_POINT('',(0.,2.54));
#1333 = VECTOR('',#1334,1.);
#1334 = DIRECTION('',(1.,0.));
#1335 = ( GEOMETRIC_REPRESENTATION_CONTEXT(2) 
PARAMETRIC_REPRESENTATION_CONTEXT() REPRESENTATION_CONTEXT('2D SPACE',''
  ) );
#1336 = FACE_BOUND('',#1337,.F.);
#1337 = EDGE_LOOP('',(#1338));
#1338 = ORIENTED_EDGE('',*,*,#1339,.F.);
#1339 = EDGE_CURVE('',#1340,#1340,#1342,.T.);
#1340 = VERTEX_POINT('',#1341);
#1341 = CARTESIAN_POINT('',(-38.1,-330.2,256.54));
#1342 = SURFACE_CURVE('',#1343,(#1348,#1355),.PCURVE_S1.);
#1343 = CIRCLE('',#1344,2.54);
#1344 = AXIS2_PLACEMENT_3D('',#1345,#1346,#1347);
#1345 = CARTESIAN_POINT('',(-38.1,-330.2,254.));
#1346 = DIRECTION('',(0.,1.,0.));
#1347 = DIRECTION('',(0.,-0.,1.));
#1348 = PCURVE('',#94,#1349);
#1349 = DEFINITIONAL_REPRESENTATION('',(#1350),#1354);
#1350 = CIRCLE('',#1351,2.54);
#1351 = AXIS2_PLACEMENT_2D('',#1352,#1353);
#1352 = CARTESIAN_POINT('',(50.8,266.7));
#1353 = DIRECTION('',(1.,0.));
#1354 = ( GEOMETRIC_REPRESENTATION_CONTEXT(2) 
PARAMETRIC_REPRESENTATION_CONTEXT() REPRESENTATION_CONTEXT('2D SPACE',''
  ) );
#1355 = PCURVE('',#1356,#1361);
#1356 = CYLINDRICAL_SURFACE('',#1357,2.54);
#1357 = AXIS2_PLACEMENT_3D('',#1358,#1359,#1360);
#1358 = CARTESIAN_POINT('',(-38.1,-332.74,254.));
#1359 = DIRECTION('',(0.,1.,0.));
#1360 = DIRECTION('',(0.,-0.,1.));
#1361 = DEFINITIONAL_REPRESENTATION('',(#1362),#1366);
#1362 = LINE('',#1363,#1364);
#1363 = CARTESIAN_POINT('',(0.,2.54));
#1364 = VECTOR('',#1365,1.);
#1365 = DIRECTION('',(1.,0.));
#1366 = ( GEOMETRIC_REPRESENTATION_CONTEXT(2) 
PARAMETRIC_REPRESENTATION_CONTEXT() REPRESENTATION_CONTEXT('2D SPACE',''
  ) );
#1367 = FACE_BOUND('',#1368,.F.);
#1368 = EDGE_LOOP('',(#1369));
#1369 = ORIENTED_EDGE('',*,*,#1370,.F.);
#1370 = EDGE_CURVE('',#1371,#1371,#1373,.T.);
#1371 = VERTEX_POINT('',#1372);
#1372 = CARTESIAN_POINT('',(-88.9,-330.2,269.24));
#1373 = SURFACE_CURVE('',#1374,(#1379,#1386),.PCURVE_S1.);
#1374 = CIRCLE('',#1375,2.54);
#1375 = AXIS2_PLACEMENT_3D('',#1376,#1377,#1378);
#1376 = CARTESIAN_POINT('',(-88.9,-330.2,266.7));
#1377 = DIRECTION('',(0.,1.,0.));
#1378 = DIRECTION('',(0.,-0.,1.));
#1379 = PCURVE('',#94,#1380);
#1380 = DEFINITIONAL_REPRESENTATION('',(#1381),#1385);
#1381 = CIRCLE('',#1382,2.54);
#1382 = AXIS2_PLACEMENT_2D('',#1383,#1384);
#1383 = CARTESIAN_POINT('',(63.5,215.9));
#1384 = DIRECTION('',(1.,0.));
#1385 = ( GEOMETRIC_REPRESENTATION_CONTEXT(2) 
PARAMETRIC_REPRESENTATION_CONTEXT() REPRESENTATION_CONTEXT('2D SPACE',''
  ) );
#1386 = PCURVE('',#1387,#1392);
#1387 = CYLINDRICAL_SURFACE('',#1388,2.54);
#1388 = AXIS2_PLACEMENT_3D('',#1389,#1390,#1391);
#1389 = CARTESIAN_POINT('',(-88.9,-332.74,266.7));
#1390 = DIRECTION('',(0.,1.,0.));
#1391 = DIRECTION('',(0.,-0.,1.));
#1392 = DEFINITIONAL_REPRESENTATION('',(#1393),#1397);
#1393 = LINE('',#1394,#1395);
#1394 = CARTESIAN_POINT('',(0.,2.54));
#1395 = VECTOR('',#1396,1.);
#1396 = DIRECTION('',(1.,0.));
#1397 = ( GEOMETRIC_REPRESENTATION_CONTEXT(2) 
PARAMETRIC_REPRESENTATION_CONTEXT() REPRESENTATION_CONTEXT('2D SPACE',''
  ) );
#1398 = FACE_BOUND('',#1399,.F.);
#1399 = EDGE_LOOP('',(#1400));
#1400 = ORIENTED_EDGE('',*,*,#1401,.F.);
#1401 = EDGE_CURVE('',#1402,#1402,#1404,.T.);
#1402 = VERTEX_POINT('',#1403);
#1403 = CARTESIAN_POINT('',(-76.2,-330.2,269.24));
#1404 = SURFACE_CURVE('',#1405,(#1410,#1417),.PCURVE_S1.);
#1405 = CIRCLE('',#1406,2.54);
#1406 = AXIS2_PLACEMENT_3D('',#1407,#1408,#1409);
#1407 = CARTESIAN_POINT('',(-76.2,-330.2,266.7));
#1408 = DIRECTION('',(0.,1.,0.));
#1409 = DIRECTION('',(0.,-0.,1.));
#1410 = PCURVE('',#94,#1411);
#1411 = DEFINITIONAL_REPRESENTATION('',(#1412),#1416);
#1412 = CIRCLE('',#1413,2.54);
#1413 = AXIS2_PLACEMENT_2D('',#1414,#1415);
#1414 = CARTESIAN_POINT('',(63.5,228.6));
#1415 = DIRECTION('',(1.,0.));
#1416 = ( GEOMETRIC_REPRESENTATION_CONTEXT(2) 
PARAMETRIC_REPRESENTATION_CONTEXT() REPRESENTATION_CONTEXT('2D SPACE',''
  ) );
#1417 = PCURVE('',#1418,#1423);
#1418 = CYLINDRICAL_SURFACE('',#1419,2.54);
#1419 = AXIS2_PLACEMENT_3D('',#1420,#1421,#1422);
#1420 = CARTESIAN_POINT('',(-76.2,-332.74,266.7));
#1421 = DIRECTION('',(0.,1.,0.));
#1422 = DIRECTION('',(0.,-0.,1.));
#1423 = DEFINITIONAL_REPRESENTATION('',(#1424),#1428);
#1424 = LINE('',#1425,#1426);
#1425 = CARTESIAN_POINT('',(0.,2.54));
#1426 = VECTOR('',#1427,1.);
#1427 = DIRECTION('',(1.,0.));
#1428 = ( GEOMETRIC_REPRESENTATION_CONTEXT(2) 
PARAMETRIC_REPRESENTATION_CONTEXT() REPRESENTATION_CONTEXT('2D SPACE',''
  ) );
#1429 = FACE_BOUND('',#1430,.F.);
#1430 = EDGE_LOOP('',(#1431));
#1431 = ORIENTED_EDGE('',*,*,#1432,.F.);
#1432 = EDGE_CURVE('',#1433,#1433,#1435,.T.);
#1433 = VERTEX_POINT('',#1434);
#1434 = CARTESIAN_POINT('',(-63.5,-330.2,269.24));
#1435 = SURFACE_CURVE('',#1436,(#1441,#1448),.PCURVE_S1.);
#1436 = CIRCLE('',#1437,2.54);
#1437 = AXIS2_PLACEMENT_3D('',#1438,#1439,#1440);
#1438 = CARTESIAN_POINT('',(-63.5,-330.2,266.7));
#1439 = DIRECTION('',(0.,1.,0.));
#1440 = DIRECTION('',(0.,-0.,1.));
#1441 = PCURVE('',#94,#1442);
#1442 = DEFINITIONAL_REPRESENTATION('',(#1443),#1447);
#1443 = CIRCLE('',#1444,2.54);
#1444 = AXIS2_PLACEMENT_2D('',#1445,#1446);
#1445 = CARTESIAN_POINT('',(63.5,241.3));
#1446 = DIRECTION('',(1.,0.));
#1447 = ( GEOMETRIC_REPRESENTATION_CONTEXT(2) 
PARAMETRIC_REPRESENTATION_CONTEXT() REPRESENTATION_CONTEXT('2D SPACE',''
  ) );
#1448 = PCURVE('',#1449,#1454);
#1449 = CYLINDRICAL_SURFACE('',#1450,2.54);
#1450 = AXIS2_PLACEMENT_3D('',#1451,#1452,#1453);
#1451 = CARTESIAN_POINT('',(-63.5,-332.74,266.7));
#1452 = DIRECTION('',(0.,1.,0.));
#1453 = DIRECTION('',(0.,-0.,1.));
#1454 = DEFINITIONAL_REPRESENTATION('',(#1455),#1459);
#1455 = LINE('',#1456,#1457);
#1456 = CARTESIAN_POINT('',(0.,2.54));
#1457 = VECTOR('',#1458,1.);
#1458 = DIRECTION('',(1.,0.));
#1459 = ( GEOMETRIC_REPRESENTATION_CONTEXT(2) 
PARAMETRIC_REPRESENTATION_CONTEXT() REPRESENTATION_CONTEXT('2D SPACE',''
  ) );
#1460 = FACE_BOUND('',#1461,.F.);
#1461 = EDGE_LOOP('',(#1462));
#1462 = ORIENTED_EDGE('',*,*,#1463,.F.);
#1463 = EDGE_CURVE('',#1464,#1464,#1466,.T.);
#1464 = VERTEX_POINT('',#1465);
#1465 = CARTESIAN_POINT('',(-50.8,-330.2,269.24));
#1466 = SURFACE_CURVE('',#1467,(#1472,#1479),.PCURVE_S1.);
#1467 = CIRCLE('',#1468,2.54);
#1468 = AXIS2_PLACEMENT_3D('',#1469,#1470,#1471);
#1469 = CARTESIAN_POINT('',(-50.8,-330.2,266.7));
#1470 = DIRECTION('',(0.,1.,0.));
#1471 = DIRECTION('',(0.,-0.,1.));
#1472 = PCURVE('',#94,#1473);
#1473 = DEFINITIONAL_REPRESENTATION('',(#1474),#1478);
#1474 = CIRCLE('',#1475,2.54);
#1475 = AXIS2_PLACEMENT_2D('',#1476,#1477);
#1476 = CARTESIAN_POINT('',(63.5,254.));
#1477 = DIRECTION('',(1.,0.));
#1478 = ( GEOMETRIC_REPRESENTATION_CONTEXT(2) 
PARAMETRIC_REPRESENTATION_CONTEXT() REPRESENTATION_CONTEXT('2D SPACE',''
  ) );
#1479 = PCURVE('',#1480,#1485);
#1480 = CYLINDRICAL_SURFACE('',#1481,2.54);
#1481 = AXIS2_PLACEMENT_3D('',#1482,#1483,#1484);
#1482 = CARTESIAN_POINT('',(-50.8,-332.74,266.7));
#1483 = DIRECTION('',(0.,1.,0.));
#1484 = DIRECTION('',(0.,-0.,1.));
#1485 = DEFINITIONAL_REPRESENTATION('',(#1486),#1490);
#1486 = LINE('',#1487,#1488);
#1487 = CARTESIAN_POINT('',(0.,2.54));
#1488 = VECTOR('',#1489,1.);
#1489 = DIRECTION('',(1.,0.));
#1490 = ( GEOMETRIC_REPRESENTATION_CONTEXT(2) 
PARAMETRIC_REPRESENTATION_CONTEXT() REPRESENTATION_CONTEXT('2D SPACE',''
  ) );
#1491 = FACE_BOUND('',#1492,.F.);
#1492 = EDGE_LOOP('',(#1493));
#1493 = ORIENTED_EDGE('',*,*,#1494,.F.);
#1494 = EDGE_CURVE('',#1495,#1495,#1497,.T.);
#1495 = VERTEX_POINT('',#1496);
#1496 = CARTESIAN_POINT('',(-38.1,-330.2,269.24));
#1497 = SURFACE_CURVE('',#1498,(#1503,#1510),.PCURVE_S1.);
#1498 = CIRCLE('',#1499,2.54);
#1499 = AXIS2_PLACEMENT_3D('',#1500,#1501,#1502);
#1500 = CARTESIAN_POINT('',(-38.1,-330.2,266.7));
#1501 = DIRECTION('',(0.,1.,0.));
#1502 = DIRECTION('',(0.,-0.,1.));
#1503 = PCURVE('',#94,#1504);
#1504 = DEFINITIONAL_REPRESENTATION('',(#1505),#1509);
#1505 = CIRCLE('',#1506,2.54);
#1506 = AXIS2_PLACEMENT_2D('',#1507,#1508);
#1507 = CARTESIAN_POINT('',(63.5,266.7));
#1508 = DIRECTION('',(1.,0.));
#1509 = ( GEOMETRIC_REPRESENTATION_CONTEXT(2) 
PARAMETRIC_REPRESENTATION_CONTEXT() REPRESENTATION_CONTEXT('2D SPACE',''
  ) );
#1510 = PCURVE('',#1511,#1516);
#1511 = CYLINDRICAL_SURFACE('',#1512,2.54);
#1512 = AXIS2_PLACEMENT_3D('',#1513,#1514,#1515);
#1513 = CARTESIAN_POINT('',(-38.1,-332.74,266.7));
#1514 = DIRECTION('',(0.,1.,0.));
#1515 = DIRECTION('',(0.,-0.,1.));
#1516 = DEFINITIONAL_REPRESENTATION('',(#1517),#1521);
#1517 = LINE('',#1518,#1519);
#1518 = CARTESIAN_POINT('',(0.,2.54));
#1519 = VECTOR('',#1520,1.);
#1520 = DIRECTION('',(1.,0.));
#1521 = ( GEOMETRIC_REPRESENTATION_CONTEXT(2) 
PARAMETRIC_REPRESENTATION_CONTEXT() REPRESENTATION_CONTEXT('2D SPACE',''
  ) );
#1522 = FACE_BOUND('',#1523,.F.);
#1523 = EDGE_LOOP('',(#1524));
#1524 = ORIENTED_EDGE('',*,*,#1525,.F.);
#1525 = EDGE_CURVE('',#1526,#1526,#1528,.T.);
#1526 = VERTEX_POINT('',#1527);
#1527 = CARTESIAN_POINT('',(-25.4,-330.2,243.84));
#1528 = SURFACE_CURVE('',#1529,(#1534,#1541),.PCURVE_S1.);
#1529 = CIRCLE('',#1530,2.54);
#1530 = AXIS2_PLACEMENT_3D('',#1531,#1532,#1533);
#1531 = CARTESIAN_POINT('',(-25.4,-330.2,241.3));
#1532 = DIRECTION('',(0.,1.,0.));
#1533 = DIRECTION('',(0.,-0.,1.));
#1534 = PCURVE('',#94,#1535);
#1535 = DEFINITIONAL_REPRESENTATION('',(#1536),#1540);
#1536 = CIRCLE('',#1537,2.54);
#1537 = AXIS2_PLACEMENT_2D('',#1538,#1539);
#1538 = CARTESIAN_POINT('',(38.1,279.4));
#1539 = DIRECTION('',(1.,0.));
#1540 = ( GEOMETRIC_REPRESENTATION_CONTEXT(2) 
PARAMETRIC_REPRESENTATION_CONTEXT() REPRESENTATION_CONTEXT('2D SPACE',''
  ) );
#1541 = PCURVE('',#1542,#1547);
#1542 = CYLINDRICAL_SURFACE('',#1543,2.54);
#1543 = AXIS2_PLACEMENT_3D('',#1544,#1545,#1546);
#1544 = CARTESIAN_POINT('',(-25.4,-332.74,241.3));
#1545 = DIRECTION('',(0.,1.,0.));
#1546 = DIRECTION('',(0.,-0.,1.));
#1547 = DEFINITIONAL_REPRESENTATION('',(#1548),#1552);
#1548 = LINE('',#1549,#1550);
#1549 = CARTESIAN_POINT('',(0.,2.54));
#1550 = VECTOR('',#1551,1.);
#1551 = DIRECTION('',(1.,0.));
#1552 = ( GEOMETRIC_REPRESENTATION_CONTEXT(2) 
PARAMETRIC_REPRESENTATION_CONTEXT() REPRESENTATION_CONTEXT('2D SPACE',''
  ) );
#1553 = FACE_BOUND('',#1554,.F.);
#1554 = EDGE_LOOP('',(#1555));
#1555 = ORIENTED_EDGE('',*,*,#1556,.F.);
#1556 = EDGE_CURVE('',#1557,#1557,#1559,.T.);
#1557 = VERTEX_POINT('',#1558);
#1558 = CARTESIAN_POINT('',(-12.7,-330.2,243.84));
#1559 = SURFACE_CURVE('',#1560,(#1565,#1572),.PCURVE_S1.);
#1560 = CIRCLE('',#1561,2.54);
#1561 = AXIS2_PLACEMENT_3D('',#1562,#1563,#1564);
#1562 = CARTESIAN_POINT('',(-12.7,-330.2,241.3));
#1563 = DIRECTION('',(0.,1.,0.));
#1564 = DIRECTION('',(0.,-0.,1.));
#1565 = PCURVE('',#94,#1566);
#1566 = DEFINITIONAL_REPRESENTATION('',(#1567),#1571);
#1567 = CIRCLE('',#1568,2.54);
#1568 = AXIS2_PLACEMENT_2D('',#1569,#1570);
#1569 = CARTESIAN_POINT('',(38.1,292.1));
#1570 = DIRECTION('',(1.,0.));
#1571 = ( GEOMETRIC_REPRESENTATION_CONTEXT(2) 
PARAMETRIC_REPRESENTATION_CONTEXT() REPRESENTATION_CONTEXT('2D SPACE',''
  ) );
#1572 = PCURVE('',#1573,#1578);
#1573 = CYLINDRICAL_SURFACE('',#1574,2.54);
#1574 = AXIS2_PLACEMENT_3D('',#1575,#1576,#1577);
#1575 = CARTESIAN_POINT('',(-12.7,-332.74,241.3));
#1576 = DIRECTION('',(0.,1.,0.));
#1577 = DIRECTION('',(0.,-0.,1.));
#1578 = DEFINITIONAL_REPRESENTATION('',(#1579),#1583);
#1579 = LINE('',#1580,#1581);
#1580 = CARTESIAN_POINT('',(0.,2.54));
#1581 = VECTOR('',#1582,1.);
#1582 = DIRECTION('',(1.,0.));
#1583 = ( GEOMETRIC_REPRESENTATION_CONTEXT(2) 
PARAMETRIC_REPRESENTATION_CONTEXT() REPRESENTATION_CONTEXT('2D SPACE',''
  ) );
#1584 = FACE_BOUND('',#1585,.F.);
#1585 = EDGE_LOOP('',(#1586));
#1586 = ORIENTED_EDGE('',*,*,#1587,.F.);
#1587 = EDGE_CURVE('',#1588,#1588,#1590,.T.);
#1588 = VERTEX_POINT('',#1589);
#1589 = CARTESIAN_POINT('',(-6.221205739669E-16,-330.2,243.84));
#1590 = SURFACE_CURVE('',#1591,(#1596,#1603),.PCURVE_S1.);
#1591 = CIRCLE('',#1592,2.54);
#1592 = AXIS2_PLACEMENT_3D('',#1593,#1594,#1595);
#1593 = CARTESIAN_POINT('',(0.,-330.2,241.3));
#1594 = DIRECTION('',(0.,1.,0.));
#1595 = DIRECTION('',(0.,-0.,1.));
#1596 = PCURVE('',#94,#1597);
#1597 = DEFINITIONAL_REPRESENTATION('',(#1598),#1602);
#1598 = CIRCLE('',#1599,2.54);
#1599 = AXIS2_PLACEMENT_2D('',#1600,#1601);
#1600 = CARTESIAN_POINT('',(38.1,304.8));
#1601 = DIRECTION('',(1.,0.));
#1602 = ( GEOMETRIC_REPRESENTATION_CONTEXT(2) 
PARAMETRIC_REPRESENTATION_CONTEXT() REPRESENTATION_CONTEXT('2D SPACE',''
  ) );
#1603 = PCURVE('',#1604,#1609);
#1604 = CYLINDRICAL_SURFACE('',#1605,2.54);
#1605 = AXIS2_PLACEMENT_3D('',#1606,#1607,#1608);
#1606 = CARTESIAN_POINT('',(0.,-332.74,241.3));
#1607 = DIRECTION('',(0.,1.,0.));
#1608 = DIRECTION('',(0.,-0.,1.));
#1609 = DEFINITIONAL_REPRESENTATION('',(#1610),#1614);
#1610 = LINE('',#1611,#1612);
#1611 = CARTESIAN_POINT('',(0.,2.54));
#1612 = VECTOR('',#1613,1.);
#1613 = DIRECTION('',(1.,0.));
#1614 = ( GEOMETRIC_REPRESENTATION_CONTEXT(2) 
PARAMETRIC_REPRESENTATION_CONTEXT() REPRESENTATION_CONTEXT('2D SPACE',''
  ) );
#1615 = FACE_BOUND('',#1616,.F.);
#1616 = EDGE_LOOP('',(#1617));
#1617 = ORIENTED_EDGE('',*,*,#1618,.F.);
#1618 = EDGE_CURVE('',#1619,#1619,#1621,.T.);
#1619 = VERTEX_POINT('',#1620);
#1620 = CARTESIAN_POINT('',(-25.4,-330.2,256.54));
#1621 = SURFACE_CURVE('',#1622,(#1627,#1634),.PCURVE_S1.);
#1622 = CIRCLE('',#1623,2.54);
#1623 = AXIS2_PLACEMENT_3D('',#1624,#1625,#1626);
#1624 = CARTESIAN_POINT('',(-25.4,-330.2,254.));
#1625 = DIRECTION('',(0.,1.,0.));
#1626 = DIRECTION('',(0.,-0.,1.));
#1627 = PCURVE('',#94,#1628);
#1628 = DEFINITIONAL_REPRESENTATION('',(#1629),#1633);
#1629 = CIRCLE('',#1630,2.54);
#1630 = AXIS2_PLACEMENT_2D('',#1631,#1632);
#1631 = CARTESIAN_POINT('',(50.8,279.4));
#1632 = DIRECTION('',(1.,0.));
#1633 = ( GEOMETRIC_REPRESENTATION_CONTEXT(2) 
PARAMETRIC_REPRESENTATION_CONTEXT() REPRESENTATION_CONTEXT('2D SPACE',''
  ) );
#1634 = PCURVE('',#1635,#1640);
#1635 = CYLINDRICAL_SURFACE('',#1636,2.54);
#1636 = AXIS2_PLACEMENT_3D('',#1637,#1638,#1639);
#1637 = CARTESIAN_POINT('',(-25.4,-332.74,254.));
#1638 = DIRECTION('',(0.,1.,0.));
#1639 = DIRECTION('',(0.,-0.,1.));
#1640 = DEFINITIONAL_REPRESENTATION('',(#1641),#1645);
#1641 = LINE('',#1642,#1643);
#1642 = CARTESIAN_POINT('',(0.,2.54));
#1643 = VECTOR('',#1644,1.);
#1644 = DIRECTION('',(1.,0.));
#1645 = ( GEOMETRIC_REPRESENTATION_CONTEXT(2) 
PARAMETRIC_REPRESENTATION_CONTEXT() REPRESENTATION_CONTEXT('2D SPACE',''
  ) );
#1646 = FACE_BOUND('',#1647,.F.);
#1647 = EDGE_LOOP('',(#1648));
#1648 = ORIENTED_EDGE('',*,*,#1649,.F.);
#1649 = EDGE_CURVE('',#1650,#1650,#1652,.T.);
#1650 = VERTEX_POINT('',#1651);
#1651 = CARTESIAN_POINT('',(-12.7,-330.2,256.54));
#1652 = SURFACE_CURVE('',#1653,(#1658,#1665),.PCURVE_S1.);
#1653 = CIRCLE('',#1654,2.54);
#1654 = AXIS2_PLACEMENT_3D('',#1655,#1656,#1657);
#1655 = CARTESIAN_POINT('',(-12.7,-330.2,254.));
#1656 = DIRECTION('',(0.,1.,0.));
#1657 = DIRECTION('',(0.,-0.,1.));
#1658 = PCURVE('',#94,#1659);
#1659 = DEFINITIONAL_REPRESENTATION('',(#1660),#1664);
#1660 = CIRCLE('',#1661,2.54);
#1661 = AXIS2_PLACEMENT_2D('',#1662,#1663);
#1662 = CARTESIAN_POINT('',(50.8,292.1));
#1663 = DIRECTION('',(1.,0.));
#1664 = ( GEOMETRIC_REPRESENTATION_CONTEXT(2) 
PARAMETRIC_REPRESENTATION_CONTEXT() REPRESENTATION_CONTEXT('2D SPACE',''
  ) );
#1665 = PCURVE('',#1666,#1671);
#1666 = CYLINDRICAL_SURFACE('',#1667,2.54);
#1667 = AXIS2_PLACEMENT_3D('',#1668,#1669,#1670);
#1668 = CARTESIAN_POINT('',(-12.7,-332.74,254.));
#1669 = DIRECTION('',(0.,1.,0.));
#1670 = DIRECTION('',(0.,-0.,1.));
#1671 = DEFINITIONAL_REPRESENTATION('',(#1672),#1676);
#1672 = LINE('',#1673,#1674);
#1673 = CARTESIAN_POINT('',(0.,2.54));
#1674 = VECTOR('',#1675,1.);
#1675 = DIRECTION('',(1.,0.));
#1676 = ( GEOMETRIC_REPRESENTATION_CONTEXT(2) 
PARAMETRIC_REPRESENTATION_CONTEXT() REPRESENTATION_CONTEXT('2D SPACE',''
  ) );
#1677 = FACE_BOUND('',#1678,.F.);
#1678 = EDGE_LOOP('',(#1679));
#1679 = ORIENTED_EDGE('',*,*,#1680,.F.);
#1680 = EDGE_CURVE('',#1681,#1681,#1683,.T.);
#1681 = VERTEX_POINT('',#1682);
#1682 = CARTESIAN_POINT('',(-6.221205739669E-16,-330.2,256.54));
#1683 = SURFACE_CURVE('',#1684,(#1689,#1696),.PCURVE_S1.);
#1684 = CIRCLE('',#1685,2.54);
#1685 = AXIS2_PLACEMENT_3D('',#1686,#1687,#1688);
#1686 = CARTESIAN_POINT('',(0.,-330.2,254.));
#1687 = DIRECTION('',(0.,1.,0.));
#1688 = DIRECTION('',(0.,-0.,1.));
#1689 = PCURVE('',#94,#1690);
#1690 = DEFINITIONAL_REPRESENTATION('',(#1691),#1695);
#1691 = CIRCLE('',#1692,2.54);
#1692 = AXIS2_PLACEMENT_2D('',#1693,#1694);
#1693 = CARTESIAN_POINT('',(50.8,304.8));
#1694 = DIRECTION('',(1.,0.));
#1695 = ( GEOMETRIC_REPRESENTATION_CONTEXT(2) 
PARAMETRIC_REPRESENTATION_CONTEXT() REPRESENTATION_CONTEXT('2D SPACE',''
  ) );
#1696 = PCURVE('',#1697,#1702);
#1697 = CYLINDRICAL_SURFACE('',#1698,2.54);
#1698 = AXIS2_PLACEMENT_3D('',#1699,#1700,#1701);
#1699 = CARTESIAN_POINT('',(0.,-332.74,254.));
#1700 = DIRECTION('',(0.,1.,0.));
#1701 = DIRECTION('',(0.,-0.,1.));
#1702 = DEFINITIONAL_REPRESENTATION('',(#1703),#1707);
#1703 = LINE('',#1704,#1705);
#1704 = CARTESIAN_POINT('',(0.,2.54));
#1705 = VECTOR('',#1706,1.);
#1706 = DIRECTION('',(1.,0.));
#1707 = ( GEOMETRIC_REPRESENTATION_CONTEXT(2) 
PARAMETRIC_REPRESENTATION_CONTEXT() REPRESENTATION_CONTEXT('2D SPACE',''
  ) );
#1708 = FACE_BOUND('',#1709,.F.);
#1709 = EDGE_LOOP('',(#1710));
#1710 = ORIENTED_EDGE('',*,*,#1711,.F.);
#1711 = EDGE_CURVE('',#1712,#1712,#1714,.T.);
#1712 = VERTEX_POINT('',#1713);
#1713 = CARTESIAN_POINT('',(12.7,-330.2,243.84));
#1714 = SURFACE_CURVE('',#1715,(#1720,#1727),.PCURVE_S1.);
#1715 = CIRCLE('',#1716,2.54);
#1716 = AXIS2_PLACEMENT_3D('',#1717,#1718,#1719);
#1717 = CARTESIAN_POINT('',(12.7,-330.2,241.3));
#1718 = DIRECTION('',(0.,1.,0.));
#1719 = DIRECTION('',(0.,-0.,1.));
#1720 = PCURVE('',#94,#1721);
#1721 = DEFINITIONAL_REPRESENTATION('',(#1722),#1726);
#1722 = CIRCLE('',#1723,2.54);
#1723 = AXIS2_PLACEMENT_2D('',#1724,#1725);
#1724 = CARTESIAN_POINT('',(38.1,317.5));
#1725 = DIRECTION('',(1.,0.));
#1726 = ( GEOMETRIC_REPRESENTATION_CONTEXT(2) 
PARAMETRIC_REPRESENTATION_CONTEXT() REPRESENTATION_CONTEXT('2D SPACE',''
  ) );
#1727 = PCURVE('',#1728,#1733);
#1728 = CYLINDRICAL_SURFACE('',#1729,2.54);
#1729 = AXIS2_PLACEMENT_3D('',#1730,#1731,#1732);
#1730 = CARTESIAN_POINT('',(12.7,-332.74,241.3));
#1731 = DIRECTION('',(0.,1.,0.));
#1732 = DIRECTION('',(0.,-0.,1.));
#1733 = DEFINITIONAL_REPRESENTATION('',(#1734),#1738);
#1734 = LINE('',#1735,#1736);
#1735 = CARTESIAN_POINT('',(0.,2.54));
#1736 = VECTOR('',#1737,1.);
#1737 = DIRECTION('',(1.,0.));
#1738 = ( GEOMETRIC_REPRESENTATION_CONTEXT(2) 
PARAMETRIC_REPRESENTATION_CONTEXT() REPRESENTATION_CONTEXT('2D SPACE',''
  ) );
#1739 = FACE_BOUND('',#1740,.F.);
#1740 = EDGE_LOOP('',(#1741));
#1741 = ORIENTED_EDGE('',*,*,#1742,.F.);
#1742 = EDGE_CURVE('',#1743,#1743,#1745,.T.);
#1743 = VERTEX_POINT('',#1744);
#1744 = CARTESIAN_POINT('',(25.4,-330.2,243.84));
#1745 = SURFACE_CURVE('',#1746,(#1751,#1758),.PCURVE_S1.);
#1746 = CIRCLE('',#1747,2.54);
#1747 = AXIS2_PLACEMENT_3D('',#1748,#1749,#1750);
#1748 = CARTESIAN_POINT('',(25.4,-330.2,241.3));
#1749 = DIRECTION('',(0.,1.,0.));
#1750 = DIRECTION('',(0.,-0.,1.));
#1751 = PCURVE('',#94,#1752);
#1752 = DEFINITIONAL_REPRESENTATION('',(#1753),#1757);
#1753 = CIRCLE('',#1754,2.54);
#1754 = AXIS2_PLACEMENT_2D('',#1755,#1756);
#1755 = CARTESIAN_POINT('',(38.1,330.2));
#1756 = DIRECTION('',(1.,0.));
#1757 = ( GEOMETRIC_REPRESENTATION_CONTEXT(2) 
PARAMETRIC_REPRESENTATION_CONTEXT() REPRESENTATION_CONTEXT('2D SPACE',''
  ) );
#1758 = PCURVE('',#1759,#1764);
#1759 = CYLINDRICAL_SURFACE('',#1760,2.54);
#1760 = AXIS2_PLACEMENT_3D('',#1761,#1762,#1763);
#1761 = CARTESIAN_POINT('',(25.4,-332.74,241.3));
#1762 = DIRECTION('',(0.,1.,0.));
#1763 = DIRECTION('',(0.,-0.,1.));
#1764 = DEFINITIONAL_REPRESENTATION('',(#1765),#1769);
#1765 = LINE('',#1766,#1767);
#1766 = CARTESIAN_POINT('',(0.,2.54));
#1767 = VECTOR('',#1768,1.);
#1768 = DIRECTION('',(1.,0.));
#1769 = ( GEOMETRIC_REPRESENTATION_CONTEXT(2) 
PARAMETRIC_REPRESENTATION_CONTEXT() REPRESENTATION_CONTEXT('2D SPACE',''
  ) );
#1770 = FACE_BOUND('',#1771,.F.);
#1771 = EDGE_LOOP('',(#1772));
#1772 = ORIENTED_EDGE('',*,*,#1773,.F.);
#1773 = EDGE_CURVE('',#1774,#1774,#1776,.T.);
#1774 = VERTEX_POINT('',#1775);
#1775 = CARTESIAN_POINT('',(12.7,-330.2,256.54));
#1776 = SURFACE_CURVE('',#1777,(#1782,#1789),.PCURVE_S1.);
#1777 = CIRCLE('',#1778,2.54);
#1778 = AXIS2_PLACEMENT_3D('',#1779,#1780,#1781);
#1779 = CARTESIAN_POINT('',(12.7,-330.2,254.));
#1780 = DIRECTION('',(0.,1.,0.));
#1781 = DIRECTION('',(0.,-0.,1.));
#1782 = PCURVE('',#94,#1783);
#1783 = DEFINITIONAL_REPRESENTATION('',(#1784),#1788);
#1784 = CIRCLE('',#1785,2.54);
#1785 = AXIS2_PLACEMENT_2D('',#1786,#1787);
#1786 = CARTESIAN_POINT('',(50.8,317.5));
#1787 = DIRECTION('',(1.,0.));
#1788 = ( GEOMETRIC_REPRESENTATION_CONTEXT(2) 
PARAMETRIC_REPRESENTATION_CONTEXT() REPRESENTATION_CONTEXT('2D SPACE',''
  ) );
#1789 = PCURVE('',#1790,#1795);
#1790 = CYLINDRICAL_SURFACE('',#1791,2.54);
#1791 = AXIS2_PLACEMENT_3D('',#1792,#1793,#1794);
#1792 = CARTESIAN_POINT('',(12.7,-332.74,254.));
#1793 = DIRECTION('',(0.,1.,0.));
#1794 = DIRECTION('',(0.,-0.,1.));
#1795 = DEFINITIONAL_REPRESENTATION('',(#1796),#1800);
#1796 = LINE('',#1797,#1798);
#1797 = CARTESIAN_POINT('',(0.,2.54));
#1798 = VECTOR('',#1799,1.);
#1799 = DIRECTION('',(1.,0.));
#1800 = ( GEOMETRIC_REPRESENTATION_CONTEXT(2) 
PARAMETRIC_REPRESENTATION_CONTEXT() REPRESENTATION_CONTEXT('2D SPACE',''
  ) );
#1801 = FACE_BOUND('',#1802,.F.);
#1802 = EDGE_LOOP('',(#1803));
#1803 = ORIENTED_EDGE('',*,*,#1804,.F.);
#1804 = EDGE_CURVE('',#1805,#1805,#1807,.T.);
#1805 = VERTEX_POINT('',#1806);
#1806 = CARTESIAN_POINT('',(25.4,-330.2,256.54));
#1807 = SURFACE_CURVE('',#1808,(#1813,#1820),.PCURVE_S1.);
#1808 = CIRCLE('',#1809,2.54);
#1809 = AXIS2_PLACEMENT_3D('',#1810,#1811,#1812);
#1810 = CARTESIAN_POINT('',(25.4,-330.2,254.));
#1811 = DIRECTION('',(0.,1.,0.));
#1812 = DIRECTION('',(0.,-0.,1.));
#1813 = PCURVE('',#94,#1814);
#1814 = DEFINITIONAL_REPRESENTATION('',(#1815),#1819);
#1815 = CIRCLE('',#1816,2.54);
#1816 = AXIS2_PLACEMENT_2D('',#1817,#1818);
#1817 = CARTESIAN_POINT('',(50.8,330.2));
#1818 = DIRECTION('',(1.,0.));
#1819 = ( GEOMETRIC_REPRESENTATION_CONTEXT(2) 
PARAMETRIC_REPRESENTATION_CONTEXT() REPRESENTATION_CONTEXT('2D SPACE',''
  ) );
#1820 = PCURVE('',#1821,#1826);
#1821 = CYLINDRICAL_SURFACE('',#1822,2.54);
#1822 = AXIS2_PLACEMENT_3D('',#1823,#1824,#1825);
#1823 = CARTESIAN_POINT('',(25.4,-332.74,254.));
#1824 = DIRECTION('',(0.,1.,0.));
#1825 = DIRECTION('',(0.,-0.,1.));
#1826 = DEFINITIONAL_REPRESENTATION('',(#1827),#1831);
#1827 = LINE('',#1828,#1829);
#1828 = CARTESIAN_POINT('',(0.,2.54));
#1829 = VECTOR('',#1830,1.);
#1830 = DIRECTION('',(1.,0.));
#1831 = ( GEOMETRIC_REPRESENTATION_CONTEXT(2) 
PARAMETRIC_REPRESENTATION_CONTEXT() REPRESENTATION_CONTEXT('2D SPACE',''
  ) );
#1832 = FACE_BOUND('',#1833,.F.);
#1833 = EDGE_LOOP('',(#1834));
#1834 = ORIENTED_EDGE('',*,*,#1835,.F.);
#1835 = EDGE_CURVE('',#1836,#1836,#1838,.T.);
#1836 = VERTEX_POINT('',#1837);
#1837 = CARTESIAN_POINT('',(-25.4,-330.2,269.24));
#1838 = SURFACE_CURVE('',#1839,(#1844,#1851),.PCURVE_S1.);
#1839 = CIRCLE('',#1840,2.54);
#1840 = AXIS2_PLACEMENT_3D('',#1841,#1842,#1843);
#1841 = CARTESIAN_POINT('',(-25.4,-330.2,266.7));
#1842 = DIRECTION('',(0.,1.,0.));
#1843 = DIRECTION('',(0.,-0.,1.));
#1844 = PCURVE('',#94,#1845);
#1845 = DEFINITIONAL_REPRESENTATION('',(#1846),#1850);
#1846 = CIRCLE('',#1847,2.54);
#1847 = AXIS2_PLACEMENT_2D('',#1848,#1849);
#1848 = CARTESIAN_POINT('',(63.5,279.4));
#1849 = DIRECTION('',(1.,0.));
#1850 = ( GEOMETRIC_REPRESENTATION_CONTEXT(2) 
PARAMETRIC_REPRESENTATION_CONTEXT() REPRESENTATION_CONTEXT('2D SPACE',''
  ) );
#1851 = PCURVE('',#1852,#1857);
#1852 = CYLINDRICAL_SURFACE('',#1853,2.54);
#1853 = AXIS2_PLACEMENT_3D('',#1854,#1855,#1856);
#1854 = CARTESIAN_POINT('',(-25.4,-332.74,266.7));
#1855 = DIRECTION('',(0.,1.,0.));
#1856 = DIRECTION('',(0.,-0.,1.));
#1857 = DEFINITIONAL_REPRESENTATION('',(#1858),#1862);
#1858 = LINE('',#1859,#1860);
#1859 = CARTESIAN_POINT('',(0.,2.54));
#1860 = VECTOR('',#1861,1.);
#1861 = DIRECTION('',(1.,0.));
#1862 = ( GEOMETRIC_REPRESENTATION_CONTEXT(2) 
PARAMETRIC_REPRESENTATION_CONTEXT() REPRESENTATION_CONTEXT('2D SPACE',''
  ) );
#1863 = FACE_BOUND('',#1864,.F.);
#1864 = EDGE_LOOP('',(#1865));
#1865 = ORIENTED_EDGE('',*,*,#1866,.F.);
#1866 = EDGE_CURVE('',#1867,#1867,#1869,.T.);
#1867 = VERTEX_POINT('',#1868);
#1868 = CARTESIAN_POINT('',(-12.7,-330.2,269.24));
#1869 = SURFACE_CURVE('',#1870,(#1875,#1882),.PCURVE_S1.);
#1870 = CIRCLE('',#1871,2.54);
#1871 = AXIS2_PLACEMENT_3D('',#1872,#1873,#1874);
#1872 = CARTESIAN_POINT('',(-12.7,-330.2,266.7));
#1873 = DIRECTION('',(0.,1.,0.));
#1874 = DIRECTION('',(0.,-0.,1.));
#1875 = PCURVE('',#94,#1876);
#1876 = DEFINITIONAL_REPRESENTATION('',(#1877),#1881);
#1877 = CIRCLE('',#1878,2.54);
#1878 = AXIS2_PLACEMENT_2D('',#1879,#1880);
#1879 = CARTESIAN_POINT('',(63.5,292.1));
#1880 = DIRECTION('',(1.,0.));
#1881 = ( GEOMETRIC_REPRESENTATION_CONTEXT(2) 
PARAMETRIC_REPRESENTATION_CONTEXT() REPRESENTATION_CONTEXT('2D SPACE',''
  ) );
#1882 = PCURVE('',#1883,#1888);
#1883 = CYLINDRICAL_SURFACE('',#1884,2.54);
#1884 = AXIS2_PLACEMENT_3D('',#1885,#1886,#1887);
#1885 = CARTESIAN_POINT('',(-12.7,-332.74,266.7));
#1886 = DIRECTION('',(0.,1.,0.));
#1887 = DIRECTION('',(0.,-0.,1.));
#1888 = DEFINITIONAL_REPRESENTATION('',(#1889),#1893);
#1889 = LINE('',#1890,#1891);
#1890 = CARTESIAN_POINT('',(0.,2.54));
#1891 = VECTOR('',#1892,1.);
#1892 = DIRECTION('',(1.,0.));
#1893 = ( GEOMETRIC_REPRESENTATION_CONTEXT(2) 
PARAMETRIC_REPRESENTATION_CONTEXT() REPRESENTATION_CONTEXT('2D SPACE',''
  ) );
#1894 = FACE_BOUND('',#1895,.F.);
#1895 = EDGE_LOOP('',(#1896));
#1896 = ORIENTED_EDGE('',*,*,#1897,.F.);
#1897 = EDGE_CURVE('',#1898,#1898,#1900,.T.);
#1898 = VERTEX_POINT('',#1899);
#1899 = CARTESIAN_POINT('',(-6.221205739669E-16,-330.2,269.24));
#1900 = SURFACE_CURVE('',#1901,(#1906,#1913),.PCURVE_S1.);
#1901 = CIRCLE('',#1902,2.54);
#1902 = AXIS2_PLACEMENT_3D('',#1903,#1904,#1905);
#1903 = CARTESIAN_POINT('',(0.,-330.2,266.7));
#1904 = DIRECTION('',(0.,1.,0.));
#1905 = DIRECTION('',(0.,-0.,1.));
#1906 = PCURVE('',#94,#1907);
#1907 = DEFINITIONAL_REPRESENTATION('',(#1908),#1912);
#1908 = CIRCLE('',#1909,2.54);
#1909 = AXIS2_PLACEMENT_2D('',#1910,#1911);
#1910 = CARTESIAN_POINT('',(63.5,304.8));
#1911 = DIRECTION('',(1.,0.));
#1912 = ( GEOMETRIC_REPRESENTATION_CONTEXT(2) 
PARAMETRIC_REPRESENTATION_CONTEXT() REPRESENTATION_CONTEXT('2D SPACE',''
  ) );
#1913 = PCURVE('',#1914,#1919);
#1914 = CYLINDRICAL_SURFACE('',#1915,2.54);
#1915 = AXIS2_PLACEMENT_3D('',#1916,#1917,#1918);
#1916 = CARTESIAN_POINT('',(0.,-332.74,266.7));
#1917 = DIRECTION('',(0.,1.,0.));
#1918 = DIRECTION('',(0.,-0.,1.));
#1919 = DEFINITIONAL_REPRESENTATION('',(#1920),#1924);
#1920 = LINE('',#1921,#1922);
#1921 = CARTESIAN_POINT('',(0.,2.54));
#1922 = VECTOR('',#1923,1.);
#1923 = DIRECTION('',(1.,0.));
#1924 = ( GEOMETRIC_REPRESENTATION_CONTEXT(2) 
PARAMETRIC_REPRESENTATION_CONTEXT() REPRESENTATION_CONTEXT('2D SPACE',''
  ) );
#1925 = FACE_BOUND('',#1926,.F.);
#1926 = EDGE_LOOP('',(#1927));
#1927 = ORIENTED_EDGE('',*,*,#1928,.F.);
#1928 = EDGE_CURVE('',#1929,#1929,#1931,.T.);
#1929 = VERTEX_POINT('',#1930);
#1930 = CARTESIAN_POINT('',(12.7,-330.2,269.24));
#1931 = SURFACE_CURVE('',#1932,(#1937,#1944),.PCURVE_S1.);
#1932 = CIRCLE('',#1933,2.54);
#1933 = AXIS2_PLACEMENT_3D('',#1934,#1935,#1936);
#1934 = CARTESIAN_POINT('',(12.7,-330.2,266.7));
#1935 = DIRECTION('',(0.,1.,0.));
#1936 = DIRECTION('',(0.,-0.,1.));
#1937 = PCURVE('',#94,#1938);
#1938 = DEFINITIONAL_REPRESENTATION('',(#1939),#1943);
#1939 = CIRCLE('',#1940,2.54);
#1940 = AXIS2_PLACEMENT_2D('',#1941,#1942);
#1941 = CARTESIAN_POINT('',(63.5,317.5));
#1942 = DIRECTION('',(1.,0.));
#1943 = ( GEOMETRIC_REPRESENTATION_CONTEXT(2) 
PARAMETRIC_REPRESENTATION_CONTEXT() REPRESENTATION_CONTEXT('2D SPACE',''
  ) );
#1944 = PCURVE('',#1945,#1950);
#1945 = CYLINDRICAL_SURFACE('',#1946,2.54);
#1946 = AXIS2_PLACEMENT_3D('',#1947,#1948,#1949);
#1947 = CARTESIAN_POINT('',(12.7,-332.74,266.7));
#1948 = DIRECTION('',(0.,1.,0.));
#1949 = DIRECTION('',(0.,-0.,1.));
#1950 = DEFINITIONAL_REPRESENTATION('',(#1951),#1955);
#1951 = LINE('',#1952,#1953);
#1952 = CARTESIAN_POINT('',(0.,2.54));
#1953 = VECTOR('',#1954,1.);
#1954 = DIRECTION('',(1.,0.));
#1955 = ( GEOMETRIC_REPRESENTATION_CONTEXT(2) 
PARAMETRIC_REPRESENTATION_CONTEXT() REPRESENTATION_CONTEXT('2D SPACE',''
  ) );
#1956 = FACE_BOUND('',#1957,.F.);
#1957 = EDGE_LOOP('',(#1958));
#1958 = ORIENTED_EDGE('',*,*,#1959,.F.);
#1959 = EDGE_CURVE('',#1960,#1960,#1962,.T.);
#1960 = VERTEX_POINT('',#1961);
#1961 = CARTESIAN_POINT('',(25.4,-330.2,269.24));
#1962 = SURFACE_CURVE('',#1963,(#1968,#1975),.PCURVE_S1.);
#1963 = CIRCLE('',#1964,2.54);
#1964 = AXIS2_PLACEMENT_3D('',#1965,#1966,#1967);
#1965 = CARTESIAN_POINT('',(25.4,-330.2,266.7));
#1966 = DIRECTION('',(0.,1.,0.));
#1967 = DIRECTION('',(0.,-0.,1.));
#1968 = PCURVE('',#94,#1969);
#1969 = DEFINITIONAL_REPRESENTATION('',(#1970),#1974);
#1970 = CIRCLE('',#1971,2.54);
#1971 = AXIS2_PLACEMENT_2D('',#1972,#1973);
#1972 = CARTESIAN_POINT('',(63.5,330.2));
#1973 = DIRECTION('',(1.,0.));
#1974 = ( GEOMETRIC_REPRESENTATION_CONTEXT(2) 
PARAMETRIC_REPRESENTATION_CONTEXT() REPRESENTATION_CONTEXT('2D SPACE',''
  ) );
#1975 = PCURVE('',#1976,#1981);
#1976 = CYLINDRICAL_SURFACE('',#1977,2.54);
#1977 = AXIS2_PLACEMENT_3D('',#1978,#1979,#1980);
#1978 = CARTESIAN_POINT('',(25.4,-332.74,266.7));
#1979 = DIRECTION('',(0.,1.,0.));
#1980 = DIRECTION('',(0.,-0.,1.));
#1981 = DEFINITIONAL_REPRESENTATION('',(#1982),#1986);
#1982 = LINE('',#1983,#1984);
#1983 = CARTESIAN_POINT('',(0.,2.54));
#1984 = VECTOR('',#1985,1.);
#1985 = DIRECTION('',(1.,0.));
#1986 = ( GEOMETRIC_REPRESENTATION_CONTEXT(2) 
PARAMETRIC_REPRESENTATION_CONTEXT() REPRESENTATION_CONTEXT('2D SPACE',''
  ) );
#1987 = FACE_BOUND('',#1988,.F.);
#1988 = EDGE_LOOP('',(#1989));
#1989 = ORIENTED_EDGE('',*,*,#1990,.F.);
#1990 = EDGE_CURVE('',#1991,#1991,#1993,.T.);
#1991 = VERTEX_POINT('',#1992);
#1992 = CARTESIAN_POINT('',(-101.6,-330.2,281.94));
#1993 = SURFACE_CURVE('',#1994,(#1999,#2006),.PCURVE_S1.);
#1994 = CIRCLE('',#1995,2.54);
#1995 = AXIS2_PLACEMENT_3D('',#1996,#1997,#1998);
#1996 = CARTESIAN_POINT('',(-101.6,-330.2,279.4));
#1997 = DIRECTION('',(0.,1.,0.));
#1998 = DIRECTION('',(0.,-0.,1.));
#1999 = PCURVE('',#94,#2000);
#2000 = DEFINITIONAL_REPRESENTATION('',(#2001),#2005);
#2001 = CIRCLE('',#2002,2.54);
#2002 = AXIS2_PLACEMENT_2D('',#2003,#2004);
#2003 = CARTESIAN_POINT('',(76.2,203.2));
#2004 = DIRECTION('',(1.,0.));
#2005 = ( GEOMETRIC_REPRESENTATION_CONTEXT(2) 
PARAMETRIC_REPRESENTATION_CONTEXT() REPRESENTATION_CONTEXT('2D SPACE',''
  ) );
#2006 = PCURVE('',#2007,#2012);
#2007 = CYLINDRICAL_SURFACE('',#2008,2.54);
#2008 = AXIS2_PLACEMENT_3D('',#2009,#2010,#2011);
#2009 = CARTESIAN_POINT('',(-101.6,-332.74,279.4));
#2010 = DIRECTION('',(0.,1.,0.));
#2011 = DIRECTION('',(0.,-0.,1.));
#2012 = DEFINITIONAL_REPRESENTATION('',(#2013),#2017);
#2013 = LINE('',#2014,#2015);
#2014 = CARTESIAN_POINT('',(0.,2.54));
#2015 = VECTOR('',#2016,1.);
#2016 = DIRECTION('',(1.,0.));
#2017 = ( GEOMETRIC_REPRESENTATION_CONTEXT(2) 
PARAMETRIC_REPRESENTATION_CONTEXT() REPRESENTATION_CONTEXT('2D SPACE',''
  ) );
#2018 = FACE_BOUND('',#2019,.F.);
#2019 = EDGE_LOOP('',(#2020));
#2020 = ORIENTED_EDGE('',*,*,#2021,.F.);
#2021 = EDGE_CURVE('',#2022,#2022,#2024,.T.);
#2022 = VERTEX_POINT('',#2023);
#2023 = CARTESIAN_POINT('',(-101.6,-330.2,294.64));
#2024 = SURFACE_CURVE('',#2025,(#2030,#2037),.PCURVE_S1.);
#2025 = CIRCLE('',#2026,2.54);
#2026 = AXIS2_PLACEMENT_3D('',#2027,#2028,#2029);
#2027 = CARTESIAN_POINT('',(-101.6,-330.2,292.1));
#2028 = DIRECTION('',(0.,1.,0.));
#2029 = DIRECTION('',(0.,-0.,1.));
#2030 = PCURVE('',#94,#2031);
#2031 = DEFINITIONAL_REPRESENTATION('',(#2032),#2036);
#2032 = CIRCLE('',#2033,2.54);
#2033 = AXIS2_PLACEMENT_2D('',#2034,#2035);
#2034 = CARTESIAN_POINT('',(88.9,203.2));
#2035 = DIRECTION('',(1.,0.));
#2036 = ( GEOMETRIC_REPRESENTATION_CONTEXT(2) 
PARAMETRIC_REPRESENTATION_CONTEXT() REPRESENTATION_CONTEXT('2D SPACE',''
  ) );
#2037 = PCURVE('',#2038,#2043);
#2038 = CYLINDRICAL_SURFACE('',#2039,2.54);
#2039 = AXIS2_PLACEMENT_3D('',#2040,#2041,#2042);
#2040 = CARTESIAN_POINT('',(-101.6,-332.74,292.1));
#2041 = DIRECTION('',(0.,1.,0.));
#2042 = DIRECTION('',(0.,-0.,1.));
#2043 = DEFINITIONAL_REPRESENTATION('',(#2044),#2048);
#2044 = LINE('',#2045,#2046);
#2045 = CARTESIAN_POINT('',(0.,2.54));
#2046 = VECTOR('',#2047,1.);
#2047 = DIRECTION('',(1.,0.));
#2048 = ( GEOMETRIC_REPRESENTATION_CONTEXT(2) 
PARAMETRIC_REPRESENTATION_CONTEXT() REPRESENTATION_CONTEXT('2D SPACE',''
  ) );
#2049 = FACE_BOUND('',#2050,.F.);
#2050 = EDGE_LOOP('',(#2051));
#2051 = ORIENTED_EDGE('',*,*,#2052,.F.);
#2052 = EDGE_CURVE('',#2053,#2053,#2055,.T.);
#2053 = VERTEX_POINT('',#2054);
#2054 = CARTESIAN_POINT('',(-101.6,-330.2,307.34));
#2055 = SURFACE_CURVE('',#2056,(#2061,#2068),.PCURVE_S1.);
#2056 = CIRCLE('',#2057,2.54);
#2057 = AXIS2_PLACEMENT_3D('',#2058,#2059,#2060);
#2058 = CARTESIAN_POINT('',(-101.6,-330.2,304.8));
#2059 = DIRECTION('',(0.,1.,0.));
#2060 = DIRECTION('',(0.,-0.,1.));
#2061 = PCURVE('',#94,#2062);
#2062 = DEFINITIONAL_REPRESENTATION('',(#2063),#2067);
#2063 = CIRCLE('',#2064,2.54);
#2064 = AXIS2_PLACEMENT_2D('',#2065,#2066);
#2065 = CARTESIAN_POINT('',(101.6,203.2));
#2066 = DIRECTION('',(1.,0.));
#2067 = ( GEOMETRIC_REPRESENTATION_CONTEXT(2) 
PARAMETRIC_REPRESENTATION_CONTEXT() REPRESENTATION_CONTEXT('2D SPACE',''
  ) );
#2068 = PCURVE('',#2069,#2074);
#2069 = CYLINDRICAL_SURFACE('',#2070,2.54);
#2070 = AXIS2_PLACEMENT_3D('',#2071,#2072,#2073);
#2071 = CARTESIAN_POINT('',(-101.6,-332.74,304.8));
#2072 = DIRECTION('',(0.,1.,0.));
#2073 = DIRECTION('',(0.,-0.,1.));
#2074 = DEFINITIONAL_REPRESENTATION('',(#2075),#2079);
#2075 = LINE('',#2076,#2077);
#2076 = CARTESIAN_POINT('',(0.,2.54));
#2077 = VECTOR('',#2078,1.);
#2078 = DIRECTION('',(1.,0.));
#2079 = ( GEOMETRIC_REPRESENTATION_CONTEXT(2) 
PARAMETRIC_REPRESENTATION_CONTEXT() REPRESENTATION_CONTEXT('2D SPACE',''
  ) );
#2080 = FACE_BOUND('',#2081,.F.);
#2081 = EDGE_LOOP('',(#2082));
#2082 = ORIENTED_EDGE('',*,*,#2083,.F.);
#2083 = EDGE_CURVE('',#2084,#2084,#2086,.T.);
#2084 = VERTEX_POINT('',#2085);
#2085 = CARTESIAN_POINT('',(-101.6,-330.2,320.04));
#2086 = SURFACE_CURVE('',#2087,(#2092,#2099),.PCURVE_S1.);
#2087 = CIRCLE('',#2088,2.54);
#2088 = AXIS2_PLACEMENT_3D('',#2089,#2090,#2091);
#2089 = CARTESIAN_POINT('',(-101.6,-330.2,317.5));
#2090 = DIRECTION('',(0.,1.,0.));
#2091 = DIRECTION('',(0.,-0.,1.));
#2092 = PCURVE('',#94,#2093);
#2093 = DEFINITIONAL_REPRESENTATION('',(#2094),#2098);
#2094 = CIRCLE('',#2095,2.54);
#2095 = AXIS2_PLACEMENT_2D('',#2096,#2097);
#2096 = CARTESIAN_POINT('',(114.3,203.2));
#2097 = DIRECTION('',(1.,0.));
#2098 = ( GEOMETRIC_REPRESENTATION_CONTEXT(2) 
PARAMETRIC_REPRESENTATION_CONTEXT() REPRESENTATION_CONTEXT('2D SPACE',''
  ) );
#2099 = PCURVE('',#2100,#2105);
#2100 = CYLINDRICAL_SURFACE('',#2101,2.54);
#2101 = AXIS2_PLACEMENT_3D('',#2102,#2103,#2104);
#2102 = CARTESIAN_POINT('',(-101.6,-332.74,317.5));
#2103 = DIRECTION('',(0.,1.,0.));
#2104 = DIRECTION('',(0.,-0.,1.));
#2105 = DEFINITIONAL_REPRESENTATION('',(#2106),#2110);
#2106 = LINE('',#2107,#2108);
#2107 = CARTESIAN_POINT('',(0.,2.54));
#2108 = VECTOR('',#2109,1.);
#2109 = DIRECTION('',(1.,0.));
#2110 = ( GEOMETRIC_REPRESENTATION_CONTEXT(2) 
PARAMETRIC_REPRESENTATION_CONTEXT() REPRESENTATION_CONTEXT('2D SPACE',''
  ) );
#2111 = FACE_BOUND('',#2112,.F.);
#2112 = EDGE_LOOP('',(#2113));
#2113 = ORIENTED_EDGE('',*,*,#2114,.F.);
#2114 = EDGE_CURVE('',#2115,#2115,#2117,.T.);
#2115 = VERTEX_POINT('',#2116);
#2116 = CARTESIAN_POINT('',(-101.6,-330.2,332.74));
#2117 = SURFACE_CURVE('',#2118,(#2123,#2130),.PCURVE_S1.);
#2118 = CIRCLE('',#2119,2.54);
#2119 = AXIS2_PLACEMENT_3D('',#2120,#2121,#2122);
#2120 = CARTESIAN_POINT('',(-101.6,-330.2,330.2));
#2121 = DIRECTION('',(0.,1.,0.));
#2122 = DIRECTION('',(0.,-0.,1.));
#2123 = PCURVE('',#94,#2124);
#2124 = DEFINITIONAL_REPRESENTATION('',(#2125),#2129);
#2125 = CIRCLE('',#2126,2.54);
#2126 = AXIS2_PLACEMENT_2D('',#2127,#2128);
#2127 = CARTESIAN_POINT('',(127.,203.2));
#2128 = DIRECTION('',(1.,0.));
#2129 = ( GEOMETRIC_REPRESENTATION_CONTEXT(2) 
PARAMETRIC_REPRESENTATION_CONTEXT() REPRESENTATION_CONTEXT('2D SPACE',''
  ) );
#2130 = PCURVE('',#2131,#2136);
#2131 = CYLINDRICAL_SURFACE('',#2132,2.54);
#2132 = AXIS2_PLACEMENT_3D('',#2133,#2134,#2135);
#2133 = CARTESIAN_POINT('',(-101.6,-332.74,330.2));
#2134 = DIRECTION('',(0.,1.,0.));
#2135 = DIRECTION('',(0.,-0.,1.));
#2136 = DEFINITIONAL_REPRESENTATION('',(#2137),#2141);
#2137 = LINE('',#2138,#2139);
#2138 = CARTESIAN_POINT('',(0.,2.54));
#2139 = VECTOR('',#2140,1.);
#2140 = DIRECTION('',(1.,0.));
#2141 = ( GEOMETRIC_REPRESENTATION_CONTEXT(2) 
PARAMETRIC_REPRESENTATION_CONTEXT() REPRESENTATION_CONTEXT('2D SPACE',''
  ) );
#2142 = FACE_BOUND('',#2143,.F.);
#2143 = EDGE_LOOP('',(#2144));
#2144 = ORIENTED_EDGE('',*,*,#2145,.F.);
#2145 = EDGE_CURVE('',#2146,#2146,#2148,.T.);
#2146 = VERTEX_POINT('',#2147);
#2147 = CARTESIAN_POINT('',(-88.9,-330.2,281.94));
#2148 = SURFACE_CURVE('',#2149,(#2154,#2161),.PCURVE_S1.);
#2149 = CIRCLE('',#2150,2.54);
#2150 = AXIS2_PLACEMENT_3D('',#2151,#2152,#2153);
#2151 = CARTESIAN_POINT('',(-88.9,-330.2,279.4));
#2152 = DIRECTION('',(0.,1.,0.));
#2153 = DIRECTION('',(0.,-0.,1.));
#2154 = PCURVE('',#94,#2155);
#2155 = DEFINITIONAL_REPRESENTATION('',(#2156),#2160);
#2156 = CIRCLE('',#2157,2.54);
#2157 = AXIS2_PLACEMENT_2D('',#2158,#2159);
#2158 = CARTESIAN_POINT('',(76.2,215.9));
#2159 = DIRECTION('',(1.,0.));
#2160 = ( GEOMETRIC_REPRESENTATION_CONTEXT(2) 
PARAMETRIC_REPRESENTATION_CONTEXT() REPRESENTATION_CONTEXT('2D SPACE',''
  ) );
#2161 = PCURVE('',#2162,#2167);
#2162 = CYLINDRICAL_SURFACE('',#2163,2.54);
#2163 = AXIS2_PLACEMENT_3D('',#2164,#2165,#2166);
#2164 = CARTESIAN_POINT('',(-88.9,-332.74,279.4));
#2165 = DIRECTION('',(0.,1.,0.));
#2166 = DIRECTION('',(0.,-0.,1.));
#2167 = DEFINITIONAL_REPRESENTATION('',(#2168),#2172);
#2168 = LINE('',#2169,#2170);
#2169 = CARTESIAN_POINT('',(0.,2.54));
#2170 = VECTOR('',#2171,1.);
#2171 = DIRECTION('',(1.,0.));
#2172 = ( GEOMETRIC_REPRESENTATION_CONTEXT(2) 
PARAMETRIC_REPRESENTATION_CONTEXT() REPRESENTATION_CONTEXT('2D SPACE',''
  ) );
#2173 = FACE_BOUND('',#2174,.F.);
#2174 = EDGE_LOOP('',(#2175));
#2175 = ORIENTED_EDGE('',*,*,#2176,.F.);
#2176 = EDGE_CURVE('',#2177,#2177,#2179,.T.);
#2177 = VERTEX_POINT('',#2178);
#2178 = CARTESIAN_POINT('',(-76.2,-330.2,281.94));
#2179 = SURFACE_CURVE('',#2180,(#2185,#2192),.PCURVE_S1.);
#2180 = CIRCLE('',#2181,2.54);
#2181 = AXIS2_PLACEMENT_3D('',#2182,#2183,#2184);
#2182 = CARTESIAN_POINT('',(-76.2,-330.2,279.4));
#2183 = DIRECTION('',(0.,1.,0.));
#2184 = DIRECTION('',(0.,-0.,1.));
#2185 = PCURVE('',#94,#2186);
#2186 = DEFINITIONAL_REPRESENTATION('',(#2187),#2191);
#2187 = CIRCLE('',#2188,2.54);
#2188 = AXIS2_PLACEMENT_2D('',#2189,#2190);
#2189 = CARTESIAN_POINT('',(76.2,228.6));
#2190 = DIRECTION('',(1.,0.));
#2191 = ( GEOMETRIC_REPRESENTATION_CONTEXT(2) 
PARAMETRIC_REPRESENTATION_CONTEXT() REPRESENTATION_CONTEXT('2D SPACE',''
  ) );
#2192 = PCURVE('',#2193,#2198);
#2193 = CYLINDRICAL_SURFACE('',#2194,2.54);
#2194 = AXIS2_PLACEMENT_3D('',#2195,#2196,#2197);
#2195 = CARTESIAN_POINT('',(-76.2,-332.74,279.4));
#2196 = DIRECTION('',(0.,1.,0.));
#2197 = DIRECTION('',(0.,-0.,1.));
#2198 = DEFINITIONAL_REPRESENTATION('',(#2199),#2203);
#2199 = LINE('',#2200,#2201);
#2200 = CARTESIAN_POINT('',(0.,2.54));
#2201 = VECTOR('',#2202,1.);
#2202 = DIRECTION('',(1.,0.));
#2203 = ( GEOMETRIC_REPRESENTATION_CONTEXT(2) 
PARAMETRIC_REPRESENTATION_CONTEXT() REPRESENTATION_CONTEXT('2D SPACE',''
  ) );
#2204 = FACE_BOUND('',#2205,.F.);
#2205 = EDGE_LOOP('',(#2206));
#2206 = ORIENTED_EDGE('',*,*,#2207,.F.);
#2207 = EDGE_CURVE('',#2208,#2208,#2210,.T.);
#2208 = VERTEX_POINT('',#2209);
#2209 = CARTESIAN_POINT('',(-63.5,-330.2,281.94));
#2210 = SURFACE_CURVE('',#2211,(#2216,#2223),.PCURVE_S1.);
#2211 = CIRCLE('',#2212,2.54);
#2212 = AXIS2_PLACEMENT_3D('',#2213,#2214,#2215);
#2213 = CARTESIAN_POINT('',(-63.5,-330.2,279.4));
#2214 = DIRECTION('',(0.,1.,0.));
#2215 = DIRECTION('',(0.,-0.,1.));
#2216 = PCURVE('',#94,#2217);
#2217 = DEFINITIONAL_REPRESENTATION('',(#2218),#2222);
#2218 = CIRCLE('',#2219,2.54);
#2219 = AXIS2_PLACEMENT_2D('',#2220,#2221);
#2220 = CARTESIAN_POINT('',(76.2,241.3));
#2221 = DIRECTION('',(1.,0.));
#2222 = ( GEOMETRIC_REPRESENTATION_CONTEXT(2) 
PARAMETRIC_REPRESENTATION_CONTEXT() REPRESENTATION_CONTEXT('2D SPACE',''
  ) );
#2223 = PCURVE('',#2224,#2229);
#2224 = CYLINDRICAL_SURFACE('',#2225,2.54);
#2225 = AXIS2_PLACEMENT_3D('',#2226,#2227,#2228);
#2226 = CARTESIAN_POINT('',(-63.5,-332.74,279.4));
#2227 = DIRECTION('',(0.,1.,0.));
#2228 = DIRECTION('',(0.,-0.,1.));
#2229 = DEFINITIONAL_REPRESENTATION('',(#2230),#2234);
#2230 = LINE('',#2231,#2232);
#2231 = CARTESIAN_POINT('',(0.,2.54));
#2232 = VECTOR('',#2233,1.);
#2233 = DIRECTION('',(1.,0.));
#2234 = ( GEOMETRIC_REPRESENTATION_CONTEXT(2) 
PARAMETRIC_REPRESENTATION_CONTEXT() REPRESENTATION_CONTEXT('2D SPACE',''
  ) );
#2235 = FACE_BOUND('',#2236,.F.);
#2236 = EDGE_LOOP('',(#2237));
#2237 = ORIENTED_EDGE('',*,*,#2238,.F.);
#2238 = EDGE_CURVE('',#2239,#2239,#2241,.T.);
#2239 = VERTEX_POINT('',#2240);
#2240 = CARTESIAN_POINT('',(-50.8,-330.2,281.94));
#2241 = SURFACE_CURVE('',#2242,(#2247,#2254),.PCURVE_S1.);
#2242 = CIRCLE('',#2243,2.54);
#2243 = AXIS2_PLACEMENT_3D('',#2244,#2245,#2246);
#2244 = CARTESIAN_POINT('',(-50.8,-330.2,279.4));
#2245 = DIRECTION('',(0.,1.,0.));
#2246 = DIRECTION('',(0.,-0.,1.));
#2247 = PCURVE('',#94,#2248);
#2248 = DEFINITIONAL_REPRESENTATION('',(#2249),#2253);
#2249 = CIRCLE('',#2250,2.54);
#2250 = AXIS2_PLACEMENT_2D('',#2251,#2252);
#2251 = CARTESIAN_POINT('',(76.2,254.));
#2252 = DIRECTION('',(1.,0.));
#2253 = ( GEOMETRIC_REPRESENTATION_CONTEXT(2) 
PARAMETRIC_REPRESENTATION_CONTEXT() REPRESENTATION_CONTEXT('2D SPACE',''
  ) );
#2254 = PCURVE('',#2255,#2260);
#2255 = CYLINDRICAL_SURFACE('',#2256,2.54);
#2256 = AXIS2_PLACEMENT_3D('',#2257,#2258,#2259);
#2257 = CARTESIAN_POINT('',(-50.8,-332.74,279.4));
#2258 = DIRECTION('',(0.,1.,0.));
#2259 = DIRECTION('',(0.,-0.,1.));
#2260 = DEFINITIONAL_REPRESENTATION('',(#2261),#2265);
#2261 = LINE('',#2262,#2263);
#2262 = CARTESIAN_POINT('',(0.,2.54));
#2263 = VECTOR('',#2264,1.);
#2264 = DIRECTION('',(1.,0.));
#2265 = ( GEOMETRIC_REPRESENTATION_CONTEXT(2) 
PARAMETRIC_REPRESENTATION_CONTEXT() REPRESENTATION_CONTEXT('2D SPACE',''
  ) );
#2266 = FACE_BOUND('',#2267,.F.);
#2267 = EDGE_LOOP('',(#2268));
#2268 = ORIENTED_EDGE('',*,*,#2269,.F.);
#2269 = EDGE_CURVE('',#2270,#2270,#2272,.T.);
#2270 = VERTEX_POINT('',#2271);
#2271 = CARTESIAN_POINT('',(-38.1,-330.2,281.94));
#2272 = SURFACE_CURVE('',#2273,(#2278,#2285),.PCURVE_S1.);
#2273 = CIRCLE('',#2274,2.54);
#2274 = AXIS2_PLACEMENT_3D('',#2275,#2276,#2277);
#2275 = CARTESIAN_POINT('',(-38.1,-330.2,279.4));
#2276 = DIRECTION('',(0.,1.,0.));
#2277 = DIRECTION('',(0.,-0.,1.));
#2278 = PCURVE('',#94,#2279);
#2279 = DEFINITIONAL_REPRESENTATION('',(#2280),#2284);
#2280 = CIRCLE('',#2281,2.54);
#2281 = AXIS2_PLACEMENT_2D('',#2282,#2283);
#2282 = CARTESIAN_POINT('',(76.2,266.7));
#2283 = DIRECTION('',(1.,0.));
#2284 = ( GEOMETRIC_REPRESENTATION_CONTEXT(2) 
PARAMETRIC_REPRESENTATION_CONTEXT() REPRESENTATION_CONTEXT('2D SPACE',''
  ) );
#2285 = PCURVE('',#2286,#2291);
#2286 = CYLINDRICAL_SURFACE('',#2287,2.54);
#2287 = AXIS2_PLACEMENT_3D('',#2288,#2289,#2290);
#2288 = CARTESIAN_POINT('',(-38.1,-332.74,279.4));
#2289 = DIRECTION('',(0.,1.,0.));
#2290 = DIRECTION('',(0.,-0.,1.));
#2291 = DEFINITIONAL_REPRESENTATION('',(#2292),#2296);
#2292 = LINE('',#2293,#2294);
#2293 = CARTESIAN_POINT('',(0.,2.54));
#2294 = VECTOR('',#2295,1.);
#2295 = DIRECTION('',(1.,0.));
#2296 = ( GEOMETRIC_REPRESENTATION_CONTEXT(2) 
PARAMETRIC_REPRESENTATION_CONTEXT() REPRESENTATION_CONTEXT('2D SPACE',''
  ) );
#2297 = FACE_BOUND('',#2298,.F.);
#2298 = EDGE_LOOP('',(#2299));
#2299 = ORIENTED_EDGE('',*,*,#2300,.F.);
#2300 = EDGE_CURVE('',#2301,#2301,#2303,.T.);
#2301 = VERTEX_POINT('',#2302);
#2302 = CARTESIAN_POINT('',(-88.9,-330.2,294.64));
#2303 = SURFACE_CURVE('',#2304,(#2309,#2316),.PCURVE_S1.);
#2304 = CIRCLE('',#2305,2.54);
#2305 = AXIS2_PLACEMENT_3D('',#2306,#2307,#2308);
#2306 = CARTESIAN_POINT('',(-88.9,-330.2,292.1));
#2307 = DIRECTION('',(0.,1.,0.));
#2308 = DIRECTION('',(0.,-0.,1.));
#2309 = PCURVE('',#94,#2310);
#2310 = DEFINITIONAL_REPRESENTATION('',(#2311),#2315);
#2311 = CIRCLE('',#2312,2.54);
#2312 = AXIS2_PLACEMENT_2D('',#2313,#2314);
#2313 = CARTESIAN_POINT('',(88.9,215.9));
#2314 = DIRECTION('',(1.,0.));
#2315 = ( GEOMETRIC_REPRESENTATION_CONTEXT(2) 
PARAMETRIC_REPRESENTATION_CONTEXT() REPRESENTATION_CONTEXT('2D SPACE',''
  ) );
#2316 = PCURVE('',#2317,#2322);
#2317 = CYLINDRICAL_SURFACE('',#2318,2.54);
#2318 = AXIS2_PLACEMENT_3D('',#2319,#2320,#2321);
#2319 = CARTESIAN_POINT('',(-88.9,-332.74,292.1));
#2320 = DIRECTION('',(0.,1.,0.));
#2321 = DIRECTION('',(0.,-0.,1.));
#2322 = DEFINITIONAL_REPRESENTATION('',(#2323),#2327);
#2323 = LINE('',#2324,#2325);
#2324 = CARTESIAN_POINT('',(0.,2.54));
#2325 = VECTOR('',#2326,1.);
#2326 = DIRECTION('',(1.,0.));
#2327 = ( GEOMETRIC_REPRESENTATION_CONTEXT(2) 
PARAMETRIC_REPRESENTATION_CONTEXT() REPRESENTATION_CONTEXT('2D SPACE',''
  ) );
#2328 = FACE_BOUND('',#2329,.F.);
#2329 = EDGE_LOOP('',(#2330));
#2330 = ORIENTED_EDGE('',*,*,#2331,.F.);
#2331 = EDGE_CURVE('',#2332,#2332,#2334,.T.);
#2332 = VERTEX_POINT('',#2333);
#2333 = CARTESIAN_POINT('',(-76.2,-330.2,294.64));
#2334 = SURFACE_CURVE('',#2335,(#2340,#2347),.PCURVE_S1.);
#2335 = CIRCLE('',#2336,2.54);
#2336 = AXIS2_PLACEMENT_3D('',#2337,#2338,#2339);
#2337 = CARTESIAN_POINT('',(-76.2,-330.2,292.1));
#2338 = DIRECTION('',(0.,1.,0.));
#2339 = DIRECTION('',(0.,-0.,1.));
#2340 = PCURVE('',#94,#2341);
#2341 = DEFINITIONAL_REPRESENTATION('',(#2342),#2346);
#2342 = CIRCLE('',#2343,2.54);
#2343 = AXIS2_PLACEMENT_2D('',#2344,#2345);
#2344 = CARTESIAN_POINT('',(88.9,228.6));
#2345 = DIRECTION('',(1.,0.));
#2346 = ( GEOMETRIC_REPRESENTATION_CONTEXT(2) 
PARAMETRIC_REPRESENTATION_CONTEXT() REPRESENTATION_CONTEXT('2D SPACE',''
  ) );
#2347 = PCURVE('',#2348,#2353);
#2348 = CYLINDRICAL_SURFACE('',#2349,2.54);
#2349 = AXIS2_PLACEMENT_3D('',#2350,#2351,#2352);
#2350 = CARTESIAN_POINT('',(-76.2,-332.74,292.1));
#2351 = DIRECTION('',(0.,1.,0.));
#2352 = DIRECTION('',(0.,-0.,1.));
#2353 = DEFINITIONAL_REPRESENTATION('',(#2354),#2358);
#2354 = LINE('',#2355,#2356);
#2355 = CARTESIAN_POINT('',(0.,2.54));
#2356 = VECTOR('',#2357,1.);
#2357 = DIRECTION('',(1.,0.));
#2358 = ( GEOMETRIC_REPRESENTATION_CONTEXT(2) 
PARAMETRIC_REPRESENTATION_CONTEXT() REPRESENTATION_CONTEXT('2D SPACE',''
  ) );
#2359 = FACE_BOUND('',#2360,.F.);
#2360 = EDGE_LOOP('',(#2361));
#2361 = ORIENTED_EDGE('',*,*,#2362,.F.);
#2362 = EDGE_CURVE('',#2363,#2363,#2365,.T.);
#2363 = VERTEX_POINT('',#2364);
#2364 = CARTESIAN_POINT('',(-63.5,-330.2,294.64));
#2365 = SURFACE_CURVE('',#2366,(#2371,#2378),.PCURVE_S1.);
#2366 = CIRCLE('',#2367,2.54);
#2367 = AXIS2_PLACEMENT_3D('',#2368,#2369,#2370);
#2368 = CARTESIAN_POINT('',(-63.5,-330.2,292.1));
#2369 = DIRECTION('',(0.,1.,0.));
#2370 = DIRECTION('',(0.,-0.,1.));
#2371 = PCURVE('',#94,#2372);
#2372 = DEFINITIONAL_REPRESENTATION('',(#2373),#2377);
#2373 = CIRCLE('',#2374,2.54);
#2374 = AXIS2_PLACEMENT_2D('',#2375,#2376);
#2375 = CARTESIAN_POINT('',(88.9,241.3));
#2376 = DIRECTION('',(1.,0.));
#2377 = ( GEOMETRIC_REPRESENTATION_CONTEXT(2) 
PARAMETRIC_REPRESENTATION_CONTEXT() REPRESENTATION_CONTEXT('2D SPACE',''
  ) );
#2378 = PCURVE('',#2379,#2384);
#2379 = CYLINDRICAL_SURFACE('',#2380,2.54);
#2380 = AXIS2_PLACEMENT_3D('',#2381,#2382,#2383);
#2381 = CARTESIAN_POINT('',(-63.5,-332.74,292.1));
#2382 = DIRECTION('',(0.,1.,0.));
#2383 = DIRECTION('',(0.,-0.,1.));
#2384 = DEFINITIONAL_REPRESENTATION('',(#2385),#2389);
#2385 = LINE('',#2386,#2387);
#2386 = CARTESIAN_POINT('',(0.,2.54));
#2387 = VECTOR('',#2388,1.);
#2388 = DIRECTION('',(1.,0.));
#2389 = ( GEOMETRIC_REPRESENTATION_CONTEXT(2) 
PARAMETRIC_REPRESENTATION_CONTEXT() REPRESENTATION_CONTEXT('2D SPACE',''
  ) );
#2390 = FACE_BOUND('',#2391,.F.);
#2391 = EDGE_LOOP('',(#2392));
#2392 = ORIENTED_EDGE('',*,*,#2393,.F.);
#2393 = EDGE_CURVE('',#2394,#2394,#2396,.T.);
#2394 = VERTEX_POINT('',#2395);
#2395 = CARTESIAN_POINT('',(-50.8,-330.2,294.64));
#2396 = SURFACE_CURVE('',#2397,(#2402,#2409),.PCURVE_S1.);
#2397 = CIRCLE('',#2398,2.54);
#2398 = AXIS2_PLACEMENT_3D('',#2399,#2400,#2401);
#2399 = CARTESIAN_POINT('',(-50.8,-330.2,292.1));
#2400 = DIRECTION('',(0.,1.,0.));
#2401 = DIRECTION('',(0.,-0.,1.));
#2402 = PCURVE('',#94,#2403);
#2403 = DEFINITIONAL_REPRESENTATION('',(#2404),#2408);
#2404 = CIRCLE('',#2405,2.54);
#2405 = AXIS2_PLACEMENT_2D('',#2406,#2407);
#2406 = CARTESIAN_POINT('',(88.9,254.));
#2407 = DIRECTION('',(1.,0.));
#2408 = ( GEOMETRIC_REPRESENTATION_CONTEXT(2) 
PARAMETRIC_REPRESENTATION_CONTEXT() REPRESENTATION_CONTEXT('2D SPACE',''
  ) );
#2409 = PCURVE('',#2410,#2415);
#2410 = CYLINDRICAL_SURFACE('',#2411,2.54);
#2411 = AXIS2_PLACEMENT_3D('',#2412,#2413,#2414);
#2412 = CARTESIAN_POINT('',(-50.8,-332.74,292.1));
#2413 = DIRECTION('',(0.,1.,0.));
#2414 = DIRECTION('',(0.,-0.,1.));
#2415 = DEFINITIONAL_REPRESENTATION('',(#2416),#2420);
#2416 = LINE('',#2417,#2418);
#2417 = CARTESIAN_POINT('',(0.,2.54));
#2418 = VECTOR('',#2419,1.);
#2419 = DIRECTION('',(1.,0.));
#2420 = ( GEOMETRIC_REPRESENTATION_CONTEXT(2) 
PARAMETRIC_REPRESENTATION_CONTEXT() REPRESENTATION_CONTEXT('2D SPACE',''
  ) );
#2421 = FACE_BOUND('',#2422,.F.);
#2422 = EDGE_LOOP('',(#2423));
#2423 = ORIENTED_EDGE('',*,*,#2424,.F.);
#2424 = EDGE_CURVE('',#2425,#2425,#2427,.T.);
#2425 = VERTEX_POINT('',#2426);
#2426 = CARTESIAN_POINT('',(-38.1,-330.2,294.64));
#2427 = SURFACE_CURVE('',#2428,(#2433,#2440),.PCURVE_S1.);
#2428 = CIRCLE('',#2429,2.54);
#2429 = AXIS2_PLACEMENT_3D('',#2430,#2431,#2432);
#2430 = CARTESIAN_POINT('',(-38.1,-330.2,292.1));
#2431 = DIRECTION('',(0.,1.,0.));
#2432 = DIRECTION('',(0.,-0.,1.));
#2433 = PCURVE('',#94,#2434);
#2434 = DEFINITIONAL_REPRESENTATION('',(#2435),#2439);
#2435 = CIRCLE('',#2436,2.54);
#2436 = AXIS2_PLACEMENT_2D('',#2437,#2438);
#2437 = CARTESIAN_POINT('',(88.9,266.7));
#2438 = DIRECTION('',(1.,0.));
#2439 = ( GEOMETRIC_REPRESENTATION_CONTEXT(2) 
PARAMETRIC_REPRESENTATION_CONTEXT() REPRESENTATION_CONTEXT('2D SPACE',''
  ) );
#2440 = PCURVE('',#2441,#2446);
#2441 = CYLINDRICAL_SURFACE('',#2442,2.54);
#2442 = AXIS2_PLACEMENT_3D('',#2443,#2444,#2445);
#2443 = CARTESIAN_POINT('',(-38.1,-332.74,292.1));
#2444 = DIRECTION('',(0.,1.,0.));
#2445 = DIRECTION('',(0.,-0.,1.));
#2446 = DEFINITIONAL_REPRESENTATION('',(#2447),#2451);
#2447 = LINE('',#2448,#2449);
#2448 = CARTESIAN_POINT('',(0.,2.54));
#2449 = VECTOR('',#2450,1.);
#2450 = DIRECTION('',(1.,0.));
#2451 = ( GEOMETRIC_REPRESENTATION_CONTEXT(2) 
PARAMETRIC_REPRESENTATION_CONTEXT() REPRESENTATION_CONTEXT('2D SPACE',''
  ) );
#2452 = FACE_BOUND('',#2453,.F.);
#2453 = EDGE_LOOP('',(#2454));
#2454 = ORIENTED_EDGE('',*,*,#2455,.F.);
#2455 = EDGE_CURVE('',#2456,#2456,#2458,.T.);
#2456 = VERTEX_POINT('',#2457);
#2457 = CARTESIAN_POINT('',(-25.4,-330.2,281.94));
#2458 = SURFACE_CURVE('',#2459,(#2464,#2471),.PCURVE_S1.);
#2459 = CIRCLE('',#2460,2.54);
#2460 = AXIS2_PLACEMENT_3D('',#2461,#2462,#2463);
#2461 = CARTESIAN_POINT('',(-25.4,-330.2,279.4));
#2462 = DIRECTION('',(0.,1.,0.));
#2463 = DIRECTION('',(0.,-0.,1.));
#2464 = PCURVE('',#94,#2465);
#2465 = DEFINITIONAL_REPRESENTATION('',(#2466),#2470);
#2466 = CIRCLE('',#2467,2.54);
#2467 = AXIS2_PLACEMENT_2D('',#2468,#2469);
#2468 = CARTESIAN_POINT('',(76.2,279.4));
#2469 = DIRECTION('',(1.,0.));
#2470 = ( GEOMETRIC_REPRESENTATION_CONTEXT(2) 
PARAMETRIC_REPRESENTATION_CONTEXT() REPRESENTATION_CONTEXT('2D SPACE',''
  ) );
#2471 = PCURVE('',#2472,#2477);
#2472 = CYLINDRICAL_SURFACE('',#2473,2.54);
#2473 = AXIS2_PLACEMENT_3D('',#2474,#2475,#2476);
#2474 = CARTESIAN_POINT('',(-25.4,-332.74,279.4));
#2475 = DIRECTION('',(0.,1.,0.));
#2476 = DIRECTION('',(0.,-0.,1.));
#2477 = DEFINITIONAL_REPRESENTATION('',(#2478),#2482);
#2478 = LINE('',#2479,#2480);
#2479 = CARTESIAN_POINT('',(0.,2.54));
#2480 = VECTOR('',#2481,1.);
#2481 = DIRECTION('',(1.,0.));
#2482 = ( GEOMETRIC_REPRESENTATION_CONTEXT(2) 
PARAMETRIC_REPRESENTATION_CONTEXT() REPRESENTATION_CONTEXT('2D SPACE',''
  ) );
#2483 = FACE_BOUND('',#2484,.F.);
#2484 = EDGE_LOOP('',(#2485));
#2485 = ORIENTED_EDGE('',*,*,#2486,.F.);
#2486 = EDGE_CURVE('',#2487,#2487,#2489,.T.);
#2487 = VERTEX_POINT('',#2488);
#2488 = CARTESIAN_POINT('',(-12.7,-330.2,281.94));
#2489 = SURFACE_CURVE('',#2490,(#2495,#2502),.PCURVE_S1.);
#2490 = CIRCLE('',#2491,2.54);
#2491 = AXIS2_PLACEMENT_3D('',#2492,#2493,#2494);
#2492 = CARTESIAN_POINT('',(-12.7,-330.2,279.4));
#2493 = DIRECTION('',(0.,1.,0.));
#2494 = DIRECTION('',(0.,-0.,1.));
#2495 = PCURVE('',#94,#2496);
#2496 = DEFINITIONAL_REPRESENTATION('',(#2497),#2501);
#2497 = CIRCLE('',#2498,2.54);
#2498 = AXIS2_PLACEMENT_2D('',#2499,#2500);
#2499 = CARTESIAN_POINT('',(76.2,292.1));
#2500 = DIRECTION('',(1.,0.));
#2501 = ( GEOMETRIC_REPRESENTATION_CONTEXT(2) 
PARAMETRIC_REPRESENTATION_CONTEXT() REPRESENTATION_CONTEXT('2D SPACE',''
  ) );
#2502 = PCURVE('',#2503,#2508);
#2503 = CYLINDRICAL_SURFACE('',#2504,2.54);
#2504 = AXIS2_PLACEMENT_3D('',#2505,#2506,#2507);
#2505 = CARTESIAN_POINT('',(-12.7,-332.74,279.4));
#2506 = DIRECTION('',(0.,1.,0.));
#2507 = DIRECTION('',(0.,-0.,1.));
#2508 = DEFINITIONAL_REPRESENTATION('',(#2509),#2513);
#2509 = LINE('',#2510,#2511);
#2510 = CARTESIAN_POINT('',(0.,2.54));
#2511 = VECTOR('',#2512,1.);
#2512 = DIRECTION('',(1.,0.));
#2513 = ( GEOMETRIC_REPRESENTATION_CONTEXT(2) 
PARAMETRIC_REPRESENTATION_CONTEXT() REPRESENTATION_CONTEXT('2D SPACE',''
  ) );
#2514 = FACE_BOUND('',#2515,.F.);
#2515 = EDGE_LOOP('',(#2516));
#2516 = ORIENTED_EDGE('',*,*,#2517,.F.);
#2517 = EDGE_CURVE('',#2518,#2518,#2520,.T.);
#2518 = VERTEX_POINT('',#2519);
#2519 = CARTESIAN_POINT('',(-6.221205739669E-16,-330.2,281.94));
#2520 = SURFACE_CURVE('',#2521,(#2526,#2533),.PCURVE_S1.);
#2521 = CIRCLE('',#2522,2.54);
#2522 = AXIS2_PLACEMENT_3D('',#2523,#2524,#2525);
#2523 = CARTESIAN_POINT('',(0.,-330.2,279.4));
#2524 = DIRECTION('',(0.,1.,0.));
#2525 = DIRECTION('',(0.,-0.,1.));
#2526 = PCURVE('',#94,#2527);
#2527 = DEFINITIONAL_REPRESENTATION('',(#2528),#2532);
#2528 = CIRCLE('',#2529,2.54);
#2529 = AXIS2_PLACEMENT_2D('',#2530,#2531);
#2530 = CARTESIAN_POINT('',(76.2,304.8));
#2531 = DIRECTION('',(1.,0.));
#2532 = ( GEOMETRIC_REPRESENTATION_CONTEXT(2) 
PARAMETRIC_REPRESENTATION_CONTEXT() REPRESENTATION_CONTEXT('2D SPACE',''
  ) );
#2533 = PCURVE('',#2534,#2539);
#2534 = CYLINDRICAL_SURFACE('',#2535,2.54);
#2535 = AXIS2_PLACEMENT_3D('',#2536,#2537,#2538);
#2536 = CARTESIAN_POINT('',(0.,-332.74,279.4));
#2537 = DIRECTION('',(0.,1.,0.));
#2538 = DIRECTION('',(0.,-0.,1.));
#2539 = DEFINITIONAL_REPRESENTATION('',(#2540),#2544);
#2540 = LINE('',#2541,#2542);
#2541 = CARTESIAN_POINT('',(0.,2.54));
#2542 = VECTOR('',#2543,1.);
#2543 = DIRECTION('',(1.,0.));
#2544 = ( GEOMETRIC_REPRESENTATION_CONTEXT(2) 
PARAMETRIC_REPRESENTATION_CONTEXT() REPRESENTATION_CONTEXT('2D SPACE',''
  ) );
#2545 = FACE_BOUND('',#2546,.F.);
#2546 = EDGE_LOOP('',(#2547));
#2547 = ORIENTED_EDGE('',*,*,#2548,.F.);
#2548 = EDGE_CURVE('',#2549,#2549,#2551,.T.);
#2549 = VERTEX_POINT('',#2550);
#2550 = CARTESIAN_POINT('',(12.7,-330.2,281.94));
#2551 = SURFACE_CURVE('',#2552,(#2557,#2564),.PCURVE_S1.);
#2552 = CIRCLE('',#2553,2.54);
#2553 = AXIS2_PLACEMENT_3D('',#2554,#2555,#2556);
#2554 = CARTESIAN_POINT('',(12.7,-330.2,279.4));
#2555 = DIRECTION('',(0.,1.,0.));
#2556 = DIRECTION('',(0.,-0.,1.));
#2557 = PCURVE('',#94,#2558);
#2558 = DEFINITIONAL_REPRESENTATION('',(#2559),#2563);
#2559 = CIRCLE('',#2560,2.54);
#2560 = AXIS2_PLACEMENT_2D('',#2561,#2562);
#2561 = CARTESIAN_POINT('',(76.2,317.5));
#2562 = DIRECTION('',(1.,0.));
#2563 = ( GEOMETRIC_REPRESENTATION_CONTEXT(2) 
PARAMETRIC_REPRESENTATION_CONTEXT() REPRESENTATION_CONTEXT('2D SPACE',''
  ) );
#2564 = PCURVE('',#2565,#2570);
#2565 = CYLINDRICAL_SURFACE('',#2566,2.54);
#2566 = AXIS2_PLACEMENT_3D('',#2567,#2568,#2569);
#2567 = CARTESIAN_POINT('',(12.7,-332.74,279.4));
#2568 = DIRECTION('',(0.,1.,0.));
#2569 = DIRECTION('',(0.,-0.,1.));
#2570 = DEFINITIONAL_REPRESENTATION('',(#2571),#2575);
#2571 = LINE('',#2572,#2573);
#2572 = CARTESIAN_POINT('',(0.,2.54));
#2573 = VECTOR('',#2574,1.);
#2574 = DIRECTION('',(1.,0.));
#2575 = ( GEOMETRIC_REPRESENTATION_CONTEXT(2) 
PARAMETRIC_REPRESENTATION_CONTEXT() REPRESENTATION_CONTEXT('2D SPACE',''
  ) );
#2576 = FACE_BOUND('',#2577,.F.);
#2577 = EDGE_LOOP('',(#2578));
#2578 = ORIENTED_EDGE('',*,*,#2579,.F.);
#2579 = EDGE_CURVE('',#2580,#2580,#2582,.T.);
#2580 = VERTEX_POINT('',#2581);
#2581 = CARTESIAN_POINT('',(25.4,-330.2,281.94));
#2582 = SURFACE_CURVE('',#2583,(#2588,#2595),.PCURVE_S1.);
#2583 = CIRCLE('',#2584,2.54);
#2584 = AXIS2_PLACEMENT_3D('',#2585,#2586,#2587);
#2585 = CARTESIAN_POINT('',(25.4,-330.2,279.4));
#2586 = DIRECTION('',(0.,1.,0.));
#2587 = DIRECTION('',(0.,-0.,1.));
#2588 = PCURVE('',#94,#2589);
#2589 = DEFINITIONAL_REPRESENTATION('',(#2590),#2594);
#2590 = CIRCLE('',#2591,2.54);
#2591 = AXIS2_PLACEMENT_2D('',#2592,#2593);
#2592 = CARTESIAN_POINT('',(76.2,330.2));
#2593 = DIRECTION('',(1.,0.));
#2594 = ( GEOMETRIC_REPRESENTATION_CONTEXT(2) 
PARAMETRIC_REPRESENTATION_CONTEXT() REPRESENTATION_CONTEXT('2D SPACE',''
  ) );
#2595 = PCURVE('',#2596,#2601);
#2596 = CYLINDRICAL_SURFACE('',#2597,2.54);
#2597 = AXIS2_PLACEMENT_3D('',#2598,#2599,#2600);
#2598 = CARTESIAN_POINT('',(25.4,-332.74,279.4));
#2599 = DIRECTION('',(0.,1.,0.));
#2600 = DIRECTION('',(0.,-0.,1.));
#2601 = DEFINITIONAL_REPRESENTATION('',(#2602),#2606);
#2602 = LINE('',#2603,#2604);
#2603 = CARTESIAN_POINT('',(0.,2.54));
#2604 = VECTOR('',#2605,1.);
#2605 = DIRECTION('',(1.,0.));
#2606 = ( GEOMETRIC_REPRESENTATION_CONTEXT(2) 
PARAMETRIC_REPRESENTATION_CONTEXT() REPRESENTATION_CONTEXT('2D SPACE',''
  ) );
#2607 = FACE_BOUND('',#2608,.F.);
#2608 = EDGE_LOOP('',(#2609));
#2609 = ORIENTED_EDGE('',*,*,#2610,.F.);
#2610 = EDGE_CURVE('',#2611,#2611,#2613,.T.);
#2611 = VERTEX_POINT('',#2612);
#2612 = CARTESIAN_POINT('',(-25.4,-330.2,294.64));
#2613 = SURFACE_CURVE('',#2614,(#2619,#2626),.PCURVE_S1.);
#2614 = CIRCLE('',#2615,2.54);
#2615 = AXIS2_PLACEMENT_3D('',#2616,#2617,#2618);
#2616 = CARTESIAN_POINT('',(-25.4,-330.2,292.1));
#2617 = DIRECTION('',(0.,1.,0.));
#2618 = DIRECTION('',(0.,-0.,1.));
#2619 = PCURVE('',#94,#2620);
#2620 = DEFINITIONAL_REPRESENTATION('',(#2621),#2625);
#2621 = CIRCLE('',#2622,2.54);
#2622 = AXIS2_PLACEMENT_2D('',#2623,#2624);
#2623 = CARTESIAN_POINT('',(88.9,279.4));
#2624 = DIRECTION('',(1.,0.));
#2625 = ( GEOMETRIC_REPRESENTATION_CONTEXT(2) 
PARAMETRIC_REPRESENTATION_CONTEXT() REPRESENTATION_CONTEXT('2D SPACE',''
  ) );
#2626 = PCURVE('',#2627,#2632);
#2627 = CYLINDRICAL_SURFACE('',#2628,2.54);
#2628 = AXIS2_PLACEMENT_3D('',#2629,#2630,#2631);
#2629 = CARTESIAN_POINT('',(-25.4,-332.74,292.1));
#2630 = DIRECTION('',(0.,1.,0.));
#2631 = DIRECTION('',(0.,-0.,1.));
#2632 = DEFINITIONAL_REPRESENTATION('',(#2633),#2637);
#2633 = LINE('',#2634,#2635);
#2634 = CARTESIAN_POINT('',(0.,2.54));
#2635 = VECTOR('',#2636,1.);
#2636 = DIRECTION('',(1.,0.));
#2637 = ( GEOMETRIC_REPRESENTATION_CONTEXT(2) 
PARAMETRIC_REPRESENTATION_CONTEXT() REPRESENTATION_CONTEXT('2D SPACE',''
  ) );
#2638 = FACE_BOUND('',#2639,.F.);
#2639 = EDGE_LOOP('',(#2640));
#2640 = ORIENTED_EDGE('',*,*,#2641,.F.);
#2641 = EDGE_CURVE('',#2642,#2642,#2644,.T.);
#2642 = VERTEX_POINT('',#2643);
#2643 = CARTESIAN_POINT('',(-12.7,-330.2,294.64));
#2644 = SURFACE_CURVE('',#2645,(#2650,#2657),.PCURVE_S1.);
#2645 = CIRCLE('',#2646,2.54);
#2646 = AXIS2_PLACEMENT_3D('',#2647,#2648,#2649);
#2647 = CARTESIAN_POINT('',(-12.7,-330.2,292.1));
#2648 = DIRECTION('',(0.,1.,0.));
#2649 = DIRECTION('',(0.,-0.,1.));
#2650 = PCURVE('',#94,#2651);
#2651 = DEFINITIONAL_REPRESENTATION('',(#2652),#2656);
#2652 = CIRCLE('',#2653,2.54);
#2653 = AXIS2_PLACEMENT_2D('',#2654,#2655);
#2654 = CARTESIAN_POINT('',(88.9,292.1));
#2655 = DIRECTION('',(1.,0.));
#2656 = ( GEOMETRIC_REPRESENTATION_CONTEXT(2) 
PARAMETRIC_REPRESENTATION_CONTEXT() REPRESENTATION_CONTEXT('2D SPACE',''
  ) );
#2657 = PCURVE('',#2658,#2663);
#2658 = CYLINDRICAL_SURFACE('',#2659,2.54);
#2659 = AXIS2_PLACEMENT_3D('',#2660,#2661,#2662);
#2660 = CARTESIAN_POINT('',(-12.7,-332.74,292.1));
#2661 = DIRECTION('',(0.,1.,0.));
#2662 = DIRECTION('',(0.,-0.,1.));
#2663 = DEFINITIONAL_REPRESENTATION('',(#2664),#2668);
#2664 = LINE('',#2665,#2666);
#2665 = CARTESIAN_POINT('',(0.,2.54));
#2666 = VECTOR('',#2667,1.);
#2667 = DIRECTION('',(1.,0.));
#2668 = ( GEOMETRIC_REPRESENTATION_CONTEXT(2) 
PARAMETRIC_REPRESENTATION_CONTEXT() REPRESENTATION_CONTEXT('2D SPACE',''
  ) );
#2669 = FACE_BOUND('',#2670,.F.);
#2670 = EDGE_LOOP('',(#2671));
#2671 = ORIENTED_EDGE('',*,*,#2672,.F.);
#2672 = EDGE_CURVE('',#2673,#2673,#2675,.T.);
#2673 = VERTEX_POINT('',#2674);
#2674 = CARTESIAN_POINT('',(-6.221205739669E-16,-330.2,294.64));
#2675 = SURFACE_CURVE('',#2676,(#2681,#2688),.PCURVE_S1.);
#2676 = CIRCLE('',#2677,2.54);
#2677 = AXIS2_PLACEMENT_3D('',#2678,#2679,#2680);
#2678 = CARTESIAN_POINT('',(0.,-330.2,292.1));
#2679 = DIRECTION('',(0.,1.,0.));
#2680 = DIRECTION('',(0.,-0.,1.));
#2681 = PCURVE('',#94,#2682);
#2682 = DEFINITIONAL_REPRESENTATION('',(#2683),#2687);
#2683 = CIRCLE('',#2684,2.54);
#2684 = AXIS2_PLACEMENT_2D('',#2685,#2686);
#2685 = CARTESIAN_POINT('',(88.9,304.8));
#2686 = DIRECTION('',(1.,0.));
#2687 = ( GEOMETRIC_REPRESENTATION_CONTEXT(2) 
PARAMETRIC_REPRESENTATION_CONTEXT() REPRESENTATION_CONTEXT('2D SPACE',''
  ) );
#2688 = PCURVE('',#2689,#2694);
#2689 = CYLINDRICAL_SURFACE('',#2690,2.54);
#2690 = AXIS2_PLACEMENT_3D('',#2691,#2692,#2693);
#2691 = CARTESIAN_POINT('',(0.,-332.74,292.1));
#2692 = DIRECTION('',(0.,1.,0.));
#2693 = DIRECTION('',(0.,-0.,1.));
#2694 = DEFINITIONAL_REPRESENTATION('',(#2695),#2699);
#2695 = LINE('',#2696,#2697);
#2696 = CARTESIAN_POINT('',(0.,2.54));
#2697 = VECTOR('',#2698,1.);
#2698 = DIRECTION('',(1.,0.));
#2699 = ( GEOMETRIC_REPRESENTATION_CONTEXT(2) 
PARAMETRIC_REPRESENTATION_CONTEXT() REPRESENTATION_CONTEXT('2D SPACE',''
  ) );
#2700 = FACE_BOUND('',#2701,.F.);
#2701 = EDGE_LOOP('',(#2702));
#2702 = ORIENTED_EDGE('',*,*,#2703,.F.);
#2703 = EDGE_CURVE('',#2704,#2704,#2706,.T.);
#2704 = VERTEX_POINT('',#2705);
#2705 = CARTESIAN_POINT('',(12.7,-330.2,294.64));
#2706 = SURFACE_CURVE('',#2707,(#2712,#2719),.PCURVE_S1.);
#2707 = CIRCLE('',#2708,2.54);
#2708 = AXIS2_PLACEMENT_3D('',#2709,#2710,#2711);
#2709 = CARTESIAN_POINT('',(12.7,-330.2,292.1));
#2710 = DIRECTION('',(0.,1.,0.));
#2711 = DIRECTION('',(0.,-0.,1.));
#2712 = PCURVE('',#94,#2713);
#2713 = DEFINITIONAL_REPRESENTATION('',(#2714),#2718);
#2714 = CIRCLE('',#2715,2.54);
#2715 = AXIS2_PLACEMENT_2D('',#2716,#2717);
#2716 = CARTESIAN_POINT('',(88.9,317.5));
#2717 = DIRECTION('',(1.,0.));
#2718 = ( GEOMETRIC_REPRESENTATION_CONTEXT(2) 
PARAMETRIC_REPRESENTATION_CONTEXT() REPRESENTATION_CONTEXT('2D SPACE',''
  ) );
#2719 = PCURVE('',#2720,#2725);
#2720 = CYLINDRICAL_SURFACE('',#2721,2.54);
#2721 = AXIS2_PLACEMENT_3D('',#2722,#2723,#2724);
#2722 = CARTESIAN_POINT('',(12.7,-332.74,292.1));
#2723 = DIRECTION('',(0.,1.,0.));
#2724 = DIRECTION('',(0.,-0.,1.));
#2725 = DEFINITIONAL_REPRESENTATION('',(#2726),#2730);
#2726 = LINE('',#2727,#2728);
#2727 = CARTESIAN_POINT('',(0.,2.54));
#2728 = VECTOR('',#2729,1.);
#2729 = DIRECTION('',(1.,0.));
#2730 = ( GEOMETRIC_REPRESENTATION_CONTEXT(2) 
PARAMETRIC_REPRESENTATION_CONTEXT() REPRESENTATION_CONTEXT('2D SPACE',''
  ) );
#2731 = FACE_BOUND('',#2732,.F.);
#2732 = EDGE_LOOP('',(#2733));
#2733 = ORIENTED_EDGE('',*,*,#2734,.F.);
#2734 = EDGE_CURVE('',#2735,#2735,#2737,.T.);
#2735 = VERTEX_POINT('',#2736);
#2736 = CARTESIAN_POINT('',(25.4,-330.2,294.64));
#2737 = SURFACE_CURVE('',#2738,(#2743,#2750),.PCURVE_S1.);
#2738 = CIRCLE('',#2739,2.54);
#2739 = AXIS2_PLACEMENT_3D('',#2740,#2741,#2742);
#2740 = CARTESIAN_POINT('',(25.4,-330.2,292.1));
#2741 = DIRECTION('',(0.,1.,0.));
#2742 = DIRECTION('',(0.,-0.,1.));
#2743 = PCURVE('',#94,#2744);
#2744 = DEFINITIONAL_REPRESENTATION('',(#2745),#2749);
#2745 = CIRCLE('',#2746,2.54);
#2746 = AXIS2_PLACEMENT_2D('',#2747,#2748);
#2747 = CARTESIAN_POINT('',(88.9,330.2));
#2748 = DIRECTION('',(1.,0.));
#2749 = ( GEOMETRIC_REPRESENTATION_CONTEXT(2) 
PARAMETRIC_REPRESENTATION_CONTEXT() REPRESENTATION_CONTEXT('2D SPACE',''
  ) );
#2750 = PCURVE('',#2751,#2756);
#2751 = CYLINDRICAL_SURFACE('',#2752,2.54);
#2752 = AXIS2_PLACEMENT_3D('',#2753,#2754,#2755);
#2753 = CARTESIAN_POINT('',(25.4,-332.74,292.1));
#2754 = DIRECTION('',(0.,1.,0.));
#2755 = DIRECTION('',(0.,-0.,1.));
#2756 = DEFINITIONAL_REPRESENTATION('',(#2757),#2761);
#2757 = LINE('',#2758,#2759);
#2758 = CARTESIAN_POINT('',(0.,2.54));
#2759 = VECTOR('',#2760,1.);
#2760 = DIRECTION('',(1.,0.));
#2761 = ( GEOMETRIC_REPRESENTATION_CONTEXT(2) 
PARAMETRIC_REPRESENTATION_CONTEXT() REPRESENTATION_CONTEXT('2D SPACE',''
  ) );
#2762 = FACE_BOUND('',#2763,.F.);
#2763 = EDGE_LOOP('',(#2764));
#2764 = ORIENTED_EDGE('',*,*,#2765,.F.);
#2765 = EDGE_CURVE('',#2766,#2766,#2768,.T.);
#2766 = VERTEX_POINT('',#2767);
#2767 = CARTESIAN_POINT('',(-88.9,-330.2,307.34));
#2768 = SURFACE_CURVE('',#2769,(#2774,#2781),.PCURVE_S1.);
#2769 = CIRCLE('',#2770,2.54);
#2770 = AXIS2_PLACEMENT_3D('',#2771,#2772,#2773);
#2771 = CARTESIAN_POINT('',(-88.9,-330.2,304.8));
#2772 = DIRECTION('',(0.,1.,0.));
#2773 = DIRECTION('',(0.,-0.,1.));
#2774 = PCURVE('',#94,#2775);
#2775 = DEFINITIONAL_REPRESENTATION('',(#2776),#2780);
#2776 = CIRCLE('',#2777,2.54);
#2777 = AXIS2_PLACEMENT_2D('',#2778,#2779);
#2778 = CARTESIAN_POINT('',(101.6,215.9));
#2779 = DIRECTION('',(1.,0.));
#2780 = ( GEOMETRIC_REPRESENTATION_CONTEXT(2) 
PARAMETRIC_REPRESENTATION_CONTEXT() REPRESENTATION_CONTEXT('2D SPACE',''
  ) );
#2781 = PCURVE('',#2782,#2787);
#2782 = CYLINDRICAL_SURFACE('',#2783,2.54);
#2783 = AXIS2_PLACEMENT_3D('',#2784,#2785,#2786);
#2784 = CARTESIAN_POINT('',(-88.9,-332.74,304.8));
#2785 = DIRECTION('',(0.,1.,0.));
#2786 = DIRECTION('',(0.,-0.,1.));
#2787 = DEFINITIONAL_REPRESENTATION('',(#2788),#2792);
#2788 = LINE('',#2789,#2790);
#2789 = CARTESIAN_POINT('',(0.,2.54));
#2790 = VECTOR('',#2791,1.);
#2791 = DIRECTION('',(1.,0.));
#2792 = ( GEOMETRIC_REPRESENTATION_CONTEXT(2) 
PARAMETRIC_REPRESENTATION_CONTEXT() REPRESENTATION_CONTEXT('2D SPACE',''
  ) );
#2793 = FACE_BOUND('',#2794,.F.);
#2794 = EDGE_LOOP('',(#2795));
#2795 = ORIENTED_EDGE('',*,*,#2796,.F.);
#2796 = EDGE_CURVE('',#2797,#2797,#2799,.T.);
#2797 = VERTEX_POINT('',#2798);
#2798 = CARTESIAN_POINT('',(-76.2,-330.2,307.34));
#2799 = SURFACE_CURVE('',#2800,(#2805,#2812),.PCURVE_S1.);
#2800 = CIRCLE('',#2801,2.54);
#2801 = AXIS2_PLACEMENT_3D('',#2802,#2803,#2804);
#2802 = CARTESIAN_POINT('',(-76.2,-330.2,304.8));
#2803 = DIRECTION('',(0.,1.,0.));
#2804 = DIRECTION('',(0.,-0.,1.));
#2805 = PCURVE('',#94,#2806);
#2806 = DEFINITIONAL_REPRESENTATION('',(#2807),#2811);
#2807 = CIRCLE('',#2808,2.54);
#2808 = AXIS2_PLACEMENT_2D('',#2809,#2810);
#2809 = CARTESIAN_POINT('',(101.6,228.6));
#2810 = DIRECTION('',(1.,0.));
#2811 = ( GEOMETRIC_REPRESENTATION_CONTEXT(2) 
PARAMETRIC_REPRESENTATION_CONTEXT() REPRESENTATION_CONTEXT('2D SPACE',''
  ) );
#2812 = PCURVE('',#2813,#2818);
#2813 = CYLINDRICAL_SURFACE('',#2814,2.54);
#2814 = AXIS2_PLACEMENT_3D('',#2815,#2816,#2817);
#2815 = CARTESIAN_POINT('',(-76.2,-332.74,304.8));
#2816 = DIRECTION('',(0.,1.,0.));
#2817 = DIRECTION('',(0.,-0.,1.));
#2818 = DEFINITIONAL_REPRESENTATION('',(#2819),#2823);
#2819 = LINE('',#2820,#2821);
#2820 = CARTESIAN_POINT('',(0.,2.54));
#2821 = VECTOR('',#2822,1.);
#2822 = DIRECTION('',(1.,0.));
#2823 = ( GEOMETRIC_REPRESENTATION_CONTEXT(2) 
PARAMETRIC_REPRESENTATION_CONTEXT() REPRESENTATION_CONTEXT('2D SPACE',''
  ) );
#2824 = FACE_BOUND('',#2825,.F.);
#2825 = EDGE_LOOP('',(#2826));
#2826 = ORIENTED_EDGE('',*,*,#2827,.F.);
#2827 = EDGE_CURVE('',#2828,#2828,#2830,.T.);
#2828 = VERTEX_POINT('',#2829);
#2829 = CARTESIAN_POINT('',(-63.5,-330.2,307.34));
#2830 = SURFACE_CURVE('',#2831,(#2836,#2843),.PCURVE_S1.);
#2831 = CIRCLE('',#2832,2.54);
#2832 = AXIS2_PLACEMENT_3D('',#2833,#2834,#2835);
#2833 = CARTESIAN_POINT('',(-63.5,-330.2,304.8));
#2834 = DIRECTION('',(0.,1.,0.));
#2835 = DIRECTION('',(0.,-0.,1.));
#2836 = PCURVE('',#94,#2837);
#2837 = DEFINITIONAL_REPRESENTATION('',(#2838),#2842);
#2838 = CIRCLE('',#2839,2.54);
#2839 = AXIS2_PLACEMENT_2D('',#2840,#2841);
#2840 = CARTESIAN_POINT('',(101.6,241.3));
#2841 = DIRECTION('',(1.,0.));
#2842 = ( GEOMETRIC_REPRESENTATION_CONTEXT(2) 
PARAMETRIC_REPRESENTATION_CONTEXT() REPRESENTATION_CONTEXT('2D SPACE',''
  ) );
#2843 = PCURVE('',#2844,#2849);
#2844 = CYLINDRICAL_SURFACE('',#2845,2.54);
#2845 = AXIS2_PLACEMENT_3D('',#2846,#2847,#2848);
#2846 = CARTESIAN_POINT('',(-63.5,-332.74,304.8));
#2847 = DIRECTION('',(0.,1.,0.));
#2848 = DIRECTION('',(0.,-0.,1.));
#2849 = DEFINITIONAL_REPRESENTATION('',(#2850),#2854);
#2850 = LINE('',#2851,#2852);
#2851 = CARTESIAN_POINT('',(0.,2.54));
#2852 = VECTOR('',#2853,1.);
#2853 = DIRECTION('',(1.,0.));
#2854 = ( GEOMETRIC_REPRESENTATION_CONTEXT(2) 
PARAMETRIC_REPRESENTATION_CONTEXT() REPRESENTATION_CONTEXT('2D SPACE',''
  ) );
#2855 = FACE_BOUND('',#2856,.F.);
#2856 = EDGE_LOOP('',(#2857));
#2857 = ORIENTED_EDGE('',*,*,#2858,.F.);
#2858 = EDGE_CURVE('',#2859,#2859,#2861,.T.);
#2859 = VERTEX_POINT('',#2860);
#2860 = CARTESIAN_POINT('',(-50.8,-330.2,307.34));
#2861 = SURFACE_CURVE('',#2862,(#2867,#2874),.PCURVE_S1.);
#2862 = CIRCLE('',#2863,2.54);
#2863 = AXIS2_PLACEMENT_3D('',#2864,#2865,#2866);
#2864 = CARTESIAN_POINT('',(-50.8,-330.2,304.8));
#2865 = DIRECTION('',(0.,1.,0.));
#2866 = DIRECTION('',(0.,-0.,1.));
#2867 = PCURVE('',#94,#2868);
#2868 = DEFINITIONAL_REPRESENTATION('',(#2869),#2873);
#2869 = CIRCLE('',#2870,2.54);
#2870 = AXIS2_PLACEMENT_2D('',#2871,#2872);
#2871 = CARTESIAN_POINT('',(101.6,254.));
#2872 = DIRECTION('',(1.,0.));
#2873 = ( GEOMETRIC_REPRESENTATION_CONTEXT(2) 
PARAMETRIC_REPRESENTATION_CONTEXT() REPRESENTATION_CONTEXT('2D SPACE',''
  ) );
#2874 = PCURVE('',#2875,#2880);
#2875 = CYLINDRICAL_SURFACE('',#2876,2.54);
#2876 = AXIS2_PLACEMENT_3D('',#2877,#2878,#2879);
#2877 = CARTESIAN_POINT('',(-50.8,-332.74,304.8));
#2878 = DIRECTION('',(0.,1.,0.));
#2879 = DIRECTION('',(0.,-0.,1.));
#2880 = DEFINITIONAL_REPRESENTATION('',(#2881),#2885);
#2881 = LINE('',#2882,#2883);
#2882 = CARTESIAN_POINT('',(0.,2.54));
#2883 = VECTOR('',#2884,1.);
#2884 = DIRECTION('',(1.,0.));
#2885 = ( GEOMETRIC_REPRESENTATION_CONTEXT(2) 
PARAMETRIC_REPRESENTATION_CONTEXT() REPRESENTATION_CONTEXT('2D SPACE',''
  ) );
#2886 = FACE_BOUND('',#2887,.F.);
#2887 = EDGE_LOOP('',(#2888));
#2888 = ORIENTED_EDGE('',*,*,#2889,.F.);
#2889 = EDGE_CURVE('',#2890,#2890,#2892,.T.);
#2890 = VERTEX_POINT('',#2891);
#2891 = CARTESIAN_POINT('',(-38.1,-330.2,307.34));
#2892 = SURFACE_CURVE('',#2893,(#2898,#2905),.PCURVE_S1.);
#2893 = CIRCLE('',#2894,2.54);
#2894 = AXIS2_PLACEMENT_3D('',#2895,#2896,#2897);
#2895 = CARTESIAN_POINT('',(-38.1,-330.2,304.8));
#2896 = DIRECTION('',(0.,1.,0.));
#2897 = DIRECTION('',(0.,-0.,1.));
#2898 = PCURVE('',#94,#2899);
#2899 = DEFINITIONAL_REPRESENTATION('',(#2900),#2904);
#2900 = CIRCLE('',#2901,2.54);
#2901 = AXIS2_PLACEMENT_2D('',#2902,#2903);
#2902 = CARTESIAN_POINT('',(101.6,266.7));
#2903 = DIRECTION('',(1.,0.));
#2904 = ( GEOMETRIC_REPRESENTATION_CONTEXT(2) 
PARAMETRIC_REPRESENTATION_CONTEXT() REPRESENTATION_CONTEXT('2D SPACE',''
  ) );
#2905 = PCURVE('',#2906,#2911);
#2906 = CYLINDRICAL_SURFACE('',#2907,2.54);
#2907 = AXIS2_PLACEMENT_3D('',#2908,#2909,#2910);
#2908 = CARTESIAN_POINT('',(-38.1,-332.74,304.8));
#2909 = DIRECTION('',(0.,1.,0.));
#2910 = DIRECTION('',(0.,-0.,1.));
#2911 = DEFINITIONAL_REPRESENTATION('',(#2912),#2916);
#2912 = LINE('',#2913,#2914);
#2913 = CARTESIAN_POINT('',(0.,2.54));
#2914 = VECTOR('',#2915,1.);
#2915 = DIRECTION('',(1.,0.));
#2916 = ( GEOMETRIC_REPRESENTATION_CONTEXT(2) 
PARAMETRIC_REPRESENTATION_CONTEXT() REPRESENTATION_CONTEXT('2D SPACE',''
  ) );
#2917 = FACE_BOUND('',#2918,.F.);
#2918 = EDGE_LOOP('',(#2919));
#2919 = ORIENTED_EDGE('',*,*,#2920,.F.);
#2920 = EDGE_CURVE('',#2921,#2921,#2923,.T.);
#2921 = VERTEX_POINT('',#2922);
#2922 = CARTESIAN_POINT('',(-88.9,-330.2,320.04));
#2923 = SURFACE_CURVE('',#2924,(#2929,#2936),.PCURVE_S1.);
#2924 = CIRCLE('',#2925,2.54);
#2925 = AXIS2_PLACEMENT_3D('',#2926,#2927,#2928);
#2926 = CARTESIAN_POINT('',(-88.9,-330.2,317.5));
#2927 = DIRECTION('',(0.,1.,0.));
#2928 = DIRECTION('',(0.,-0.,1.));
#2929 = PCURVE('',#94,#2930);
#2930 = DEFINITIONAL_REPRESENTATION('',(#2931),#2935);
#2931 = CIRCLE('',#2932,2.54);
#2932 = AXIS2_PLACEMENT_2D('',#2933,#2934);
#2933 = CARTESIAN_POINT('',(114.3,215.9));
#2934 = DIRECTION('',(1.,0.));
#2935 = ( GEOMETRIC_REPRESENTATION_CONTEXT(2) 
PARAMETRIC_REPRESENTATION_CONTEXT() REPRESENTATION_CONTEXT('2D SPACE',''
  ) );
#2936 = PCURVE('',#2937,#2942);
#2937 = CYLINDRICAL_SURFACE('',#2938,2.54);
#2938 = AXIS2_PLACEMENT_3D('',#2939,#2940,#2941);
#2939 = CARTESIAN_POINT('',(-88.9,-332.74,317.5));
#2940 = DIRECTION('',(0.,1.,0.));
#2941 = DIRECTION('',(0.,-0.,1.));
#2942 = DEFINITIONAL_REPRESENTATION('',(#2943),#2947);
#2943 = LINE('',#2944,#2945);
#2944 = CARTESIAN_POINT('',(0.,2.54));
#2945 = VECTOR('',#2946,1.);
#2946 = DIRECTION('',(1.,0.));
#2947 = ( GEOMETRIC_REPRESENTATION_CONTEXT(2) 
PARAMETRIC_REPRESENTATION_CONTEXT() REPRESENTATION_CONTEXT('2D SPACE',''
  ) );
#2948 = FACE_BOUND('',#2949,.F.);
#2949 = EDGE_LOOP('',(#2950));
#2950 = ORIENTED_EDGE('',*,*,#2951,.F.);
#2951 = EDGE_CURVE('',#2952,#2952,#2954,.T.);
#2952 = VERTEX_POINT('',#2953);
#2953 = CARTESIAN_POINT('',(-76.2,-330.2,320.04));
#2954 = SURFACE_CURVE('',#2955,(#2960,#2967),.PCURVE_S1.);
#2955 = CIRCLE('',#2956,2.54);
#2956 = AXIS2_PLACEMENT_3D('',#2957,#2958,#2959);
#2957 = CARTESIAN_POINT('',(-76.2,-330.2,317.5));
#2958 = DIRECTION('',(0.,1.,0.));
#2959 = DIRECTION('',(0.,-0.,1.));
#2960 = PCURVE('',#94,#2961);
#2961 = DEFINITIONAL_REPRESENTATION('',(#2962),#2966);
#2962 = CIRCLE('',#2963,2.54);
#2963 = AXIS2_PLACEMENT_2D('',#2964,#2965);
#2964 = CARTESIAN_POINT('',(114.3,228.6));
#2965 = DIRECTION('',(1.,0.));
#2966 = ( GEOMETRIC_REPRESENTATION_CONTEXT(2) 
PARAMETRIC_REPRESENTATION_CONTEXT() REPRESENTATION_CONTEXT('2D SPACE',''
  ) );
#2967 = PCURVE('',#2968,#2973);
#2968 = CYLINDRICAL_SURFACE('',#2969,2.54);
#2969 = AXIS2_PLACEMENT_3D('',#2970,#2971,#2972);
#2970 = CARTESIAN_POINT('',(-76.2,-332.74,317.5));
#2971 = DIRECTION('',(0.,1.,0.));
#2972 = DIRECTION('',(0.,-0.,1.));
#2973 = DEFINITIONAL_REPRESENTATION('',(#2974),#2978);
#2974 = LINE('',#2975,#2976);
#2975 = CARTESIAN_POINT('',(0.,2.54));
#2976 = VECTOR('',#2977,1.);
#2977 = DIRECTION('',(1.,0.));
#2978 = ( GEOMETRIC_REPRESENTATION_CONTEXT(2) 
PARAMETRIC_REPRESENTATION_CONTEXT() REPRESENTATION_CONTEXT('2D SPACE',''
  ) );
#2979 = FACE_BOUND('',#2980,.F.);
#2980 = EDGE_LOOP('',(#2981));
#2981 = ORIENTED_EDGE('',*,*,#2982,.F.);
#2982 = EDGE_CURVE('',#2983,#2983,#2985,.T.);
#2983 = VERTEX_POINT('',#2984);
#2984 = CARTESIAN_POINT('',(-88.9,-330.2,332.74));
#2985 = SURFACE_CURVE('',#2986,(#2991,#2998),.PCURVE_S1.);
#2986 = CIRCLE('',#2987,2.54);
#2987 = AXIS2_PLACEMENT_3D('',#2988,#2989,#2990);
#2988 = CARTESIAN_POINT('',(-88.9,-330.2,330.2));
#2989 = DIRECTION('',(0.,1.,0.));
#2990 = DIRECTION('',(0.,-0.,1.));
#2991 = PCURVE('',#94,#2992);
#2992 = DEFINITIONAL_REPRESENTATION('',(#2993),#2997);
#2993 = CIRCLE('',#2994,2.54);
#2994 = AXIS2_PLACEMENT_2D('',#2995,#2996);
#2995 = CARTESIAN_POINT('',(127.,215.9));
#2996 = DIRECTION('',(1.,0.));
#2997 = ( GEOMETRIC_REPRESENTATION_CONTEXT(2) 
PARAMETRIC_REPRESENTATION_CONTEXT() REPRESENTATION_CONTEXT('2D SPACE',''
  ) );
#2998 = PCURVE('',#2999,#3004);
#2999 = CYLINDRICAL_SURFACE('',#3000,2.54);
#3000 = AXIS2_PLACEMENT_3D('',#3001,#3002,#3003);
#3001 = CARTESIAN_POINT('',(-88.9,-332.74,330.2));
#3002 = DIRECTION('',(0.,1.,0.));
#3003 = DIRECTION('',(0.,-0.,1.));
#3004 = DEFINITIONAL_REPRESENTATION('',(#3005),#3009);
#3005 = LINE('',#3006,#3007);
#3006 = CARTESIAN_POINT('',(0.,2.54));
#3007 = VECTOR('',#3008,1.);
#3008 = DIRECTION('',(1.,0.));
#3009 = ( GEOMETRIC_REPRESENTATION_CONTEXT(2) 
PARAMETRIC_REPRESENTATION_CONTEXT() REPRESENTATION_CONTEXT('2D SPACE',''
  ) );
#3010 = FACE_BOUND('',#3011,.F.);
#3011 = EDGE_LOOP('',(#3012));
#3012 = ORIENTED_EDGE('',*,*,#3013,.F.);
#3013 = EDGE_CURVE('',#3014,#3014,#3016,.T.);
#3014 = VERTEX_POINT('',#3015);
#3015 = CARTESIAN_POINT('',(-76.2,-330.2,332.74));
#3016 = SURFACE_CURVE('',#3017,(#3022,#3029),.PCURVE_S1.);
#3017 = CIRCLE('',#3018,2.54);
#3018 = AXIS2_PLACEMENT_3D('',#3019,#3020,#3021);
#3019 = CARTESIAN_POINT('',(-76.2,-330.2,330.2));
#3020 = DIRECTION('',(0.,1.,0.));
#3021 = DIRECTION('',(0.,-0.,1.));
#3022 = PCURVE('',#94,#3023);
#3023 = DEFINITIONAL_REPRESENTATION('',(#3024),#3028);
#3024 = CIRCLE('',#3025,2.54);
#3025 = AXIS2_PLACEMENT_2D('',#3026,#3027);
#3026 = CARTESIAN_POINT('',(127.,228.6));
#3027 = DIRECTION('',(1.,0.));
#3028 = ( GEOMETRIC_REPRESENTATION_CONTEXT(2) 
PARAMETRIC_REPRESENTATION_CONTEXT() REPRESENTATION_CONTEXT('2D SPACE',''
  ) );
#3029 = PCURVE('',#3030,#3035);
#3030 = CYLINDRICAL_SURFACE('',#3031,2.54);
#3031 = AXIS2_PLACEMENT_3D('',#3032,#3033,#3034);
#3032 = CARTESIAN_POINT('',(-76.2,-332.74,330.2));
#3033 = DIRECTION('',(0.,1.,0.));
#3034 = DIRECTION('',(0.,-0.,1.));
#3035 = DEFINITIONAL_REPRESENTATION('',(#3036),#3040);
#3036 = LINE('',#3037,#3038);
#3037 = CARTESIAN_POINT('',(0.,2.54));
#3038 = VECTOR('',#3039,1.);
#3039 = DIRECTION('',(1.,0.));
#3040 = ( GEOMETRIC_REPRESENTATION_CONTEXT(2) 
PARAMETRIC_REPRESENTATION_CONTEXT() REPRESENTATION_CONTEXT('2D SPACE',''
  ) );
#3041 = FACE_BOUND('',#3042,.F.);
#3042 = EDGE_LOOP('',(#3043));
#3043 = ORIENTED_EDGE('',*,*,#3044,.F.);
#3044 = EDGE_CURVE('',#3045,#3045,#3047,.T.);
#3045 = VERTEX_POINT('',#3046);
#3046 = CARTESIAN_POINT('',(-63.5,-330.2,320.04));
#3047 = SURFACE_CURVE('',#3048,(#3053,#3060),.PCURVE_S1.);
#3048 = CIRCLE('',#3049,2.54);
#3049 = AXIS2_PLACEMENT_3D('',#3050,#3051,#3052);
#3050 = CARTESIAN_POINT('',(-63.5,-330.2,317.5));
#3051 = DIRECTION('',(0.,1.,0.));
#3052 = DIRECTION('',(0.,-0.,1.));
#3053 = PCURVE('',#94,#3054);
#3054 = DEFINITIONAL_REPRESENTATION('',(#3055),#3059);
#3055 = CIRCLE('',#3056,2.54);
#3056 = AXIS2_PLACEMENT_2D('',#3057,#3058);
#3057 = CARTESIAN_POINT('',(114.3,241.3));
#3058 = DIRECTION('',(1.,0.));
#3059 = ( GEOMETRIC_REPRESENTATION_CONTEXT(2) 
PARAMETRIC_REPRESENTATION_CONTEXT() REPRESENTATION_CONTEXT('2D SPACE',''
  ) );
#3060 = PCURVE('',#3061,#3066);
#3061 = CYLINDRICAL_SURFACE('',#3062,2.54);
#3062 = AXIS2_PLACEMENT_3D('',#3063,#3064,#3065);
#3063 = CARTESIAN_POINT('',(-63.5,-332.74,317.5));
#3064 = DIRECTION('',(0.,1.,0.));
#3065 = DIRECTION('',(0.,-0.,1.));
#3066 = DEFINITIONAL_REPRESENTATION('',(#3067),#3071);
#3067 = LINE('',#3068,#3069);
#3068 = CARTESIAN_POINT('',(0.,2.54));
#3069 = VECTOR('',#3070,1.);
#3070 = DIRECTION('',(1.,0.));
#3071 = ( GEOMETRIC_REPRESENTATION_CONTEXT(2) 
PARAMETRIC_REPRESENTATION_CONTEXT() REPRESENTATION_CONTEXT('2D SPACE',''
  ) );
#3072 = FACE_BOUND('',#3073,.F.);
#3073 = EDGE_LOOP('',(#3074));
#3074 = ORIENTED_EDGE('',*,*,#3075,.F.);
#3075 = EDGE_CURVE('',#3076,#3076,#3078,.T.);
#3076 = VERTEX_POINT('',#3077);
#3077 = CARTESIAN_POINT('',(-50.8,-330.2,320.04));
#3078 = SURFACE_CURVE('',#3079,(#3084,#3091),.PCURVE_S1.);
#3079 = CIRCLE('',#3080,2.54);
#3080 = AXIS2_PLACEMENT_3D('',#3081,#3082,#3083);
#3081 = CARTESIAN_POINT('',(-50.8,-330.2,317.5));
#3082 = DIRECTION('',(0.,1.,0.));
#3083 = DIRECTION('',(0.,-0.,1.));
#3084 = PCURVE('',#94,#3085);
#3085 = DEFINITIONAL_REPRESENTATION('',(#3086),#3090);
#3086 = CIRCLE('',#3087,2.54);
#3087 = AXIS2_PLACEMENT_2D('',#3088,#3089);
#3088 = CARTESIAN_POINT('',(114.3,254.));
#3089 = DIRECTION('',(1.,0.));
#3090 = ( GEOMETRIC_REPRESENTATION_CONTEXT(2) 
PARAMETRIC_REPRESENTATION_CONTEXT() REPRESENTATION_CONTEXT('2D SPACE',''
  ) );
#3091 = PCURVE('',#3092,#3097);
#3092 = CYLINDRICAL_SURFACE('',#3093,2.54);
#3093 = AXIS2_PLACEMENT_3D('',#3094,#3095,#3096);
#3094 = CARTESIAN_POINT('',(-50.8,-332.74,317.5));
#3095 = DIRECTION('',(0.,1.,0.));
#3096 = DIRECTION('',(0.,-0.,1.));
#3097 = DEFINITIONAL_REPRESENTATION('',(#3098),#3102);
#3098 = LINE('',#3099,#3100);
#3099 = CARTESIAN_POINT('',(0.,2.54));
#3100 = VECTOR('',#3101,1.);
#3101 = DIRECTION('',(1.,0.));
#3102 = ( GEOMETRIC_REPRESENTATION_CONTEXT(2) 
PARAMETRIC_REPRESENTATION_CONTEXT() REPRESENTATION_CONTEXT('2D SPACE',''
  ) );
#3103 = FACE_BOUND('',#3104,.F.);
#3104 = EDGE_LOOP('',(#3105));
#3105 = ORIENTED_EDGE('',*,*,#3106,.F.);
#3106 = EDGE_CURVE('',#3107,#3107,#3109,.T.);
#3107 = VERTEX_POINT('',#3108);
#3108 = CARTESIAN_POINT('',(-38.1,-330.2,320.04));
#3109 = SURFACE_CURVE('',#3110,(#3115,#3122),.PCURVE_S1.);
#3110 = CIRCLE('',#3111,2.54);
#3111 = AXIS2_PLACEMENT_3D('',#3112,#3113,#3114);
#3112 = CARTESIAN_POINT('',(-38.1,-330.2,317.5));
#3113 = DIRECTION('',(0.,1.,0.));
#3114 = DIRECTION('',(0.,-0.,1.));
#3115 = PCURVE('',#94,#3116);
#3116 = DEFINITIONAL_REPRESENTATION('',(#3117),#3121);
#3117 = CIRCLE('',#3118,2.54);
#3118 = AXIS2_PLACEMENT_2D('',#3119,#3120);
#3119 = CARTESIAN_POINT('',(114.3,266.7));
#3120 = DIRECTION('',(1.,0.));
#3121 = ( GEOMETRIC_REPRESENTATION_CONTEXT(2) 
PARAMETRIC_REPRESENTATION_CONTEXT() REPRESENTATION_CONTEXT('2D SPACE',''
  ) );
#3122 = PCURVE('',#3123,#3128);
#3123 = CYLINDRICAL_SURFACE('',#3124,2.54);
#3124 = AXIS2_PLACEMENT_3D('',#3125,#3126,#3127);
#3125 = CARTESIAN_POINT('',(-38.1,-332.74,317.5));
#3126 = DIRECTION('',(0.,1.,0.));
#3127 = DIRECTION('',(0.,-0.,1.));
#3128 = DEFINITIONAL_REPRESENTATION('',(#3129),#3133);
#3129 = LINE('',#3130,#3131);
#3130 = CARTESIAN_POINT('',(0.,2.54));
#3131 = VECTOR('',#3132,1.);
#3132 = DIRECTION('',(1.,0.));
#3133 = ( GEOMETRIC_REPRESENTATION_CONTEXT(2) 
PARAMETRIC_REPRESENTATION_CONTEXT() REPRESENTATION_CONTEXT('2D SPACE',''
  ) );
#3134 = FACE_BOUND('',#3135,.F.);
#3135 = EDGE_LOOP('',(#3136));
#3136 = ORIENTED_EDGE('',*,*,#3137,.F.);
#3137 = EDGE_CURVE('',#3138,#3138,#3140,.T.);
#3138 = VERTEX_POINT('',#3139);
#3139 = CARTESIAN_POINT('',(-63.5,-330.2,332.74));
#3140 = SURFACE_CURVE('',#3141,(#3146,#3153),.PCURVE_S1.);
#3141 = CIRCLE('',#3142,2.54);
#3142 = AXIS2_PLACEMENT_3D('',#3143,#3144,#3145);
#3143 = CARTESIAN_POINT('',(-63.5,-330.2,330.2));
#3144 = DIRECTION('',(0.,1.,0.));
#3145 = DIRECTION('',(0.,-0.,1.));
#3146 = PCURVE('',#94,#3147);
#3147 = DEFINITIONAL_REPRESENTATION('',(#3148),#3152);
#3148 = CIRCLE('',#3149,2.54);
#3149 = AXIS2_PLACEMENT_2D('',#3150,#3151);
#3150 = CARTESIAN_POINT('',(127.,241.3));
#3151 = DIRECTION('',(1.,0.));
#3152 = ( GEOMETRIC_REPRESENTATION_CONTEXT(2) 
PARAMETRIC_REPRESENTATION_CONTEXT() REPRESENTATION_CONTEXT('2D SPACE',''
  ) );
#3153 = PCURVE('',#3154,#3159);
#3154 = CYLINDRICAL_SURFACE('',#3155,2.54);
#3155 = AXIS2_PLACEMENT_3D('',#3156,#3157,#3158);
#3156 = CARTESIAN_POINT('',(-63.5,-332.74,330.2));
#3157 = DIRECTION('',(0.,1.,0.));
#3158 = DIRECTION('',(0.,-0.,1.));
#3159 = DEFINITIONAL_REPRESENTATION('',(#3160),#3164);
#3160 = LINE('',#3161,#3162);
#3161 = CARTESIAN_POINT('',(0.,2.54));
#3162 = VECTOR('',#3163,1.);
#3163 = DIRECTION('',(1.,0.));
#3164 = ( GEOMETRIC_REPRESENTATION_CONTEXT(2) 
PARAMETRIC_REPRESENTATION_CONTEXT() REPRESENTATION_CONTEXT('2D SPACE',''
  ) );
#3165 = FACE_BOUND('',#3166,.F.);
#3166 = EDGE_LOOP('',(#3167));
#3167 = ORIENTED_EDGE('',*,*,#3168,.F.);
#3168 = EDGE_CURVE('',#3169,#3169,#3171,.T.);
#3169 = VERTEX_POINT('',#3170);
#3170 = CARTESIAN_POINT('',(-50.8,-330.2,332.74));
#3171 = SURFACE_CURVE('',#3172,(#3177,#3184),.PCURVE_S1.);
#3172 = CIRCLE('',#3173,2.54);
#3173 = AXIS2_PLACEMENT_3D('',#3174,#3175,#3176);
#3174 = CARTESIAN_POINT('',(-50.8,-330.2,330.2));
#3175 = DIRECTION('',(0.,1.,0.));
#3176 = DIRECTION('',(0.,-0.,1.));
#3177 = PCURVE('',#94,#3178);
#3178 = DEFINITIONAL_REPRESENTATION('',(#3179),#3183);
#3179 = CIRCLE('',#3180,2.54);
#3180 = AXIS2_PLACEMENT_2D('',#3181,#3182);
#3181 = CARTESIAN_POINT('',(127.,254.));
#3182 = DIRECTION('',(1.,0.));
#3183 = ( GEOMETRIC_REPRESENTATION_CONTEXT(2) 
PARAMETRIC_REPRESENTATION_CONTEXT() REPRESENTATION_CONTEXT('2D SPACE',''
  ) );
#3184 = PCURVE('',#3185,#3190);
#3185 = CYLINDRICAL_SURFACE('',#3186,2.54);
#3186 = AXIS2_PLACEMENT_3D('',#3187,#3188,#3189);
#3187 = CARTESIAN_POINT('',(-50.8,-332.74,330.2));
#3188 = DIRECTION('',(0.,1.,0.));
#3189 = DIRECTION('',(0.,-0.,1.));
#3190 = DEFINITIONAL_REPRESENTATION('',(#3191),#3195);
#3191 = LINE('',#3192,#3193);
#3192 = CARTESIAN_POINT('',(0.,2.54));
#3193 = VECTOR('',#3194,1.);
#3194 = DIRECTION('',(1.,0.));
#3195 = ( GEOMETRIC_REPRESENTATION_CONTEXT(2) 
PARAMETRIC_REPRESENTATION_CONTEXT() REPRESENTATION_CONTEXT('2D SPACE',''
  ) );
#3196 = FACE_BOUND('',#3197,.F.);
#3197 = EDGE_LOOP('',(#3198));
#3198 = ORIENTED_EDGE('',*,*,#3199,.F.);
#3199 = EDGE_CURVE('',#3200,#3200,#3202,.T.);
#3200 = VERTEX_POINT('',#3201);
#3201 = CARTESIAN_POINT('',(-38.1,-330.2,332.74));
#3202 = SURFACE_CURVE('',#3203,(#3208,#3215),.PCURVE_S1.);
#3203 = CIRCLE('',#3204,2.54);
#3204 = AXIS2_PLACEMENT_3D('',#3205,#3206,#3207);
#3205 = CARTESIAN_POINT('',(-38.1,-330.2,330.2));
#3206 = DIRECTION('',(0.,1.,0.));
#3207 = DIRECTION('',(0.,-0.,1.));
#3208 = PCURVE('',#94,#3209);
#3209 = DEFINITIONAL_REPRESENTATION('',(#3210),#3214);
#3210 = CIRCLE('',#3211,2.54);
#3211 = AXIS2_PLACEMENT_2D('',#3212,#3213);
#3212 = CARTESIAN_POINT('',(127.,266.7));
#3213 = DIRECTION('',(1.,0.));
#3214 = ( GEOMETRIC_REPRESENTATION_CONTEXT(2) 
PARAMETRIC_REPRESENTATION_CONTEXT() REPRESENTATION_CONTEXT('2D SPACE',''
  ) );
#3215 = PCURVE('',#3216,#3221);
#3216 = CYLINDRICAL_SURFACE('',#3217,2.54);
#3217 = AXIS2_PLACEMENT_3D('',#3218,#3219,#3220);
#3218 = CARTESIAN_POINT('',(-38.1,-332.74,330.2));
#3219 = DIRECTION('',(0.,1.,0.));
#3220 = DIRECTION('',(0.,-0.,1.));
#3221 = DEFINITIONAL_REPRESENTATION('',(#3222),#3226);
#3222 = LINE('',#3223,#3224);
#3223 = CARTESIAN_POINT('',(0.,2.54));
#3224 = VECTOR('',#3225,1.);
#3225 = DIRECTION('',(1.,0.));
#3226 = ( GEOMETRIC_REPRESENTATION_CONTEXT(2) 
PARAMETRIC_REPRESENTATION_CONTEXT() REPRESENTATION_CONTEXT('2D SPACE',''
  ) );
#3227 = FACE_BOUND('',#3228,.F.);
#3228 = EDGE_LOOP('',(#3229));
#3229 = ORIENTED_EDGE('',*,*,#3230,.F.);
#3230 = EDGE_CURVE('',#3231,#3231,#3233,.T.);
#3231 = VERTEX_POINT('',#3232);
#3232 = CARTESIAN_POINT('',(-25.4,-330.2,307.34));
#3233 = SURFACE_CURVE('',#3234,(#3239,#3246),.PCURVE_S1.);
#3234 = CIRCLE('',#3235,2.54);
#3235 = AXIS2_PLACEMENT_3D('',#3236,#3237,#3238);
#3236 = CARTESIAN_POINT('',(-25.4,-330.2,304.8));
#3237 = DIRECTION('',(0.,1.,0.));
#3238 = DIRECTION('',(0.,-0.,1.));
#3239 = PCURVE('',#94,#3240);
#3240 = DEFINITIONAL_REPRESENTATION('',(#3241),#3245);
#3241 = CIRCLE('',#3242,2.54);
#3242 = AXIS2_PLACEMENT_2D('',#3243,#3244);
#3243 = CARTESIAN_POINT('',(101.6,279.4));
#3244 = DIRECTION('',(1.,0.));
#3245 = ( GEOMETRIC_REPRESENTATION_CONTEXT(2) 
PARAMETRIC_REPRESENTATION_CONTEXT() REPRESENTATION_CONTEXT('2D SPACE',''
  ) );
#3246 = PCURVE('',#3247,#3252);
#3247 = CYLINDRICAL_SURFACE('',#3248,2.54);
#3248 = AXIS2_PLACEMENT_3D('',#3249,#3250,#3251);
#3249 = CARTESIAN_POINT('',(-25.4,-332.74,304.8));
#3250 = DIRECTION('',(0.,1.,0.));
#3251 = DIRECTION('',(0.,-0.,1.));
#3252 = DEFINITIONAL_REPRESENTATION('',(#3253),#3257);
#3253 = LINE('',#3254,#3255);
#3254 = CARTESIAN_POINT('',(0.,2.54));
#3255 = VECTOR('',#3256,1.);
#3256 = DIRECTION('',(1.,0.));
#3257 = ( GEOMETRIC_REPRESENTATION_CONTEXT(2) 
PARAMETRIC_REPRESENTATION_CONTEXT() REPRESENTATION_CONTEXT('2D SPACE',''
  ) );
#3258 = FACE_BOUND('',#3259,.F.);
#3259 = EDGE_LOOP('',(#3260));
#3260 = ORIENTED_EDGE('',*,*,#3261,.F.);
#3261 = EDGE_CURVE('',#3262,#3262,#3264,.T.);
#3262 = VERTEX_POINT('',#3263);
#3263 = CARTESIAN_POINT('',(-12.7,-330.2,307.34));
#3264 = SURFACE_CURVE('',#3265,(#3270,#3277),.PCURVE_S1.);
#3265 = CIRCLE('',#3266,2.54);
#3266 = AXIS2_PLACEMENT_3D('',#3267,#3268,#3269);
#3267 = CARTESIAN_POINT('',(-12.7,-330.2,304.8));
#3268 = DIRECTION('',(0.,1.,0.));
#3269 = DIRECTION('',(0.,-0.,1.));
#3270 = PCURVE('',#94,#3271);
#3271 = DEFINITIONAL_REPRESENTATION('',(#3272),#3276);
#3272 = CIRCLE('',#3273,2.54);
#3273 = AXIS2_PLACEMENT_2D('',#3274,#3275);
#3274 = CARTESIAN_POINT('',(101.6,292.1));
#3275 = DIRECTION('',(1.,0.));
#3276 = ( GEOMETRIC_REPRESENTATION_CONTEXT(2) 
PARAMETRIC_REPRESENTATION_CONTEXT() REPRESENTATION_CONTEXT('2D SPACE',''
  ) );
#3277 = PCURVE('',#3278,#3283);
#3278 = CYLINDRICAL_SURFACE('',#3279,2.54);
#3279 = AXIS2_PLACEMENT_3D('',#3280,#3281,#3282);
#3280 = CARTESIAN_POINT('',(-12.7,-332.74,304.8));
#3281 = DIRECTION('',(0.,1.,0.));
#3282 = DIRECTION('',(0.,-0.,1.));
#3283 = DEFINITIONAL_REPRESENTATION('',(#3284),#3288);
#3284 = LINE('',#3285,#3286);
#3285 = CARTESIAN_POINT('',(0.,2.54));
#3286 = VECTOR('',#3287,1.);
#3287 = DIRECTION('',(1.,0.));
#3288 = ( GEOMETRIC_REPRESENTATION_CONTEXT(2) 
PARAMETRIC_REPRESENTATION_CONTEXT() REPRESENTATION_CONTEXT('2D SPACE',''
  ) );
#3289 = FACE_BOUND('',#3290,.F.);
#3290 = EDGE_LOOP('',(#3291));
#3291 = ORIENTED_EDGE('',*,*,#3292,.F.);
#3292 = EDGE_CURVE('',#3293,#3293,#3295,.T.);
#3293 = VERTEX_POINT('',#3294);
#3294 = CARTESIAN_POINT('',(-6.221205739669E-16,-330.2,307.34));
#3295 = SURFACE_CURVE('',#3296,(#3301,#3308),.PCURVE_S1.);
#3296 = CIRCLE('',#3297,2.54);
#3297 = AXIS2_PLACEMENT_3D('',#3298,#3299,#3300);
#3298 = CARTESIAN_POINT('',(0.,-330.2,304.8));
#3299 = DIRECTION('',(0.,1.,0.));
#3300 = DIRECTION('',(0.,-0.,1.));
#3301 = PCURVE('',#94,#3302);
#3302 = DEFINITIONAL_REPRESENTATION('',(#3303),#3307);
#3303 = CIRCLE('',#3304,2.54);
#3304 = AXIS2_PLACEMENT_2D('',#3305,#3306);
#3305 = CARTESIAN_POINT('',(101.6,304.8));
#3306 = DIRECTION('',(1.,0.));
#3307 = ( GEOMETRIC_REPRESENTATION_CONTEXT(2) 
PARAMETRIC_REPRESENTATION_CONTEXT() REPRESENTATION_CONTEXT('2D SPACE',''
  ) );
#3308 = PCURVE('',#3309,#3314);
#3309 = CYLINDRICAL_SURFACE('',#3310,2.54);
#3310 = AXIS2_PLACEMENT_3D('',#3311,#3312,#3313);
#3311 = CARTESIAN_POINT('',(0.,-332.74,304.8));
#3312 = DIRECTION('',(0.,1.,0.));
#3313 = DIRECTION('',(0.,-0.,1.));
#3314 = DEFINITIONAL_REPRESENTATION('',(#3315),#3319);
#3315 = LINE('',#3316,#3317);
#3316 = CARTESIAN_POINT('',(0.,2.54));
#3317 = VECTOR('',#3318,1.);
#3318 = DIRECTION('',(1.,0.));
#3319 = ( GEOMETRIC_REPRESENTATION_CONTEXT(2) 
PARAMETRIC_REPRESENTATION_CONTEXT() REPRESENTATION_CONTEXT('2D SPACE',''
  ) );
#3320 = FACE_BOUND('',#3321,.F.);
#3321 = EDGE_LOOP('',(#3322));
#3322 = ORIENTED_EDGE('',*,*,#3323,.F.);
#3323 = EDGE_CURVE('',#3324,#3324,#3326,.T.);
#3324 = VERTEX_POINT('',#3325);
#3325 = CARTESIAN_POINT('',(12.7,-330.2,307.34));
#3326 = SURFACE_CURVE('',#3327,(#3332,#3339),.PCURVE_S1.);
#3327 = CIRCLE('',#3328,2.54);
#3328 = AXIS2_PLACEMENT_3D('',#3329,#3330,#3331);
#3329 = CARTESIAN_POINT('',(12.7,-330.2,304.8));
#3330 = DIRECTION('',(0.,1.,0.));
#3331 = DIRECTION('',(0.,-0.,1.));
#3332 = PCURVE('',#94,#3333);
#3333 = DEFINITIONAL_REPRESENTATION('',(#3334),#3338);
#3334 = CIRCLE('',#3335,2.54);
#3335 = AXIS2_PLACEMENT_2D('',#3336,#3337);
#3336 = CARTESIAN_POINT('',(101.6,317.5));
#3337 = DIRECTION('',(1.,0.));
#3338 = ( GEOMETRIC_REPRESENTATION_CONTEXT(2) 
PARAMETRIC_REPRESENTATION_CONTEXT() REPRESENTATION_CONTEXT('2D SPACE',''
  ) );
#3339 = PCURVE('',#3340,#3345);
#3340 = CYLINDRICAL_SURFACE('',#3341,2.54);
#3341 = AXIS2_PLACEMENT_3D('',#3342,#3343,#3344);
#3342 = CARTESIAN_POINT('',(12.7,-332.74,304.8));
#3343 = DIRECTION('',(0.,1.,0.));
#3344 = DIRECTION('',(0.,-0.,1.));
#3345 = DEFINITIONAL_REPRESENTATION('',(#3346),#3350);
#3346 = LINE('',#3347,#3348);
#3347 = CARTESIAN_POINT('',(0.,2.54));
#3348 = VECTOR('',#3349,1.);
#3349 = DIRECTION('',(1.,0.));
#3350 = ( GEOMETRIC_REPRESENTATION_CONTEXT(2) 
PARAMETRIC_REPRESENTATION_CONTEXT() REPRESENTATION_CONTEXT('2D SPACE',''
  ) );
#3351 = FACE_BOUND('',#3352,.F.);
#3352 = EDGE_LOOP('',(#3353));
#3353 = ORIENTED_EDGE('',*,*,#3354,.F.);
#3354 = EDGE_CURVE('',#3355,#3355,#3357,.T.);
#3355 = VERTEX_POINT('',#3356);
#3356 = CARTESIAN_POINT('',(25.4,-330.2,307.34));
#3357 = SURFACE_CURVE('',#3358,(#3363,#3370),.PCURVE_S1.);
#3358 = CIRCLE('',#3359,2.54);
#3359 = AXIS2_PLACEMENT_3D('',#3360,#3361,#3362);
#3360 = CARTESIAN_POINT('',(25.4,-330.2,304.8));
#3361 = DIRECTION('',(0.,1.,0.));
#3362 = DIRECTION('',(0.,-0.,1.));
#3363 = PCURVE('',#94,#3364);
#3364 = DEFINITIONAL_REPRESENTATION('',(#3365),#3369);
#3365 = CIRCLE('',#3366,2.54);
#3366 = AXIS2_PLACEMENT_2D('',#3367,#3368);
#3367 = CARTESIAN_POINT('',(101.6,330.2));
#3368 = DIRECTION('',(1.,0.));
#3369 = ( GEOMETRIC_REPRESENTATION_CONTEXT(2) 
PARAMETRIC_REPRESENTATION_CONTEXT() REPRESENTATION_CONTEXT('2D SPACE',''
  ) );
#3370 = PCURVE('',#3371,#3376);
#3371 = CYLINDRICAL_SURFACE('',#3372,2.54);
#3372 = AXIS2_PLACEMENT_3D('',#3373,#3374,#3375);
#3373 = CARTESIAN_POINT('',(25.4,-332.74,304.8));
#3374 = DIRECTION('',(0.,1.,0.));
#3375 = DIRECTION('',(0.,-0.,1.));
#3376 = DEFINITIONAL_REPRESENTATION('',(#3377),#3381);
#3377 = LINE('',#3378,#3379);
#3378 = CARTESIAN_POINT('',(0.,2.54));
#3379 = VECTOR('',#3380,1.);
#3380 = DIRECTION('',(1.,0.));
#3381 = ( GEOMETRIC_REPRESENTATION_CONTEXT(2) 
PARAMETRIC_REPRESENTATION_CONTEXT() REPRESENTATION_CONTEXT('2D SPACE',''
  ) );
#3382 = FACE_BOUND('',#3383,.F.);
#3383 = EDGE_LOOP('',(#3384));
#3384 = ORIENTED_EDGE('',*,*,#3385,.F.);
#3385 = EDGE_CURVE('',#3386,#3386,#3388,.T.);
#3386 = VERTEX_POINT('',#3387);
#3387 = CARTESIAN_POINT('',(-25.4,-330.2,320.04));
#3388 = SURFACE_CURVE('',#3389,(#3394,#3401),.PCURVE_S1.);
#3389 = CIRCLE('',#3390,2.54);
#3390 = AXIS2_PLACEMENT_3D('',#3391,#3392,#3393);
#3391 = CARTESIAN_POINT('',(-25.4,-330.2,317.5));
#3392 = DIRECTION('',(0.,1.,0.));
#3393 = DIRECTION('',(0.,-0.,1.));
#3394 = PCURVE('',#94,#3395);
#3395 = DEFINITIONAL_REPRESENTATION('',(#3396),#3400);
#3396 = CIRCLE('',#3397,2.54);
#3397 = AXIS2_PLACEMENT_2D('',#3398,#3399);
#3398 = CARTESIAN_POINT('',(114.3,279.4));
#3399 = DIRECTION('',(1.,0.));
#3400 = ( GEOMETRIC_REPRESENTATION_CONTEXT(2) 
PARAMETRIC_REPRESENTATION_CONTEXT() REPRESENTATION_CONTEXT('2D SPACE',''
  ) );
#3401 = PCURVE('',#3402,#3407);
#3402 = CYLINDRICAL_SURFACE('',#3403,2.54);
#3403 = AXIS2_PLACEMENT_3D('',#3404,#3405,#3406);
#3404 = CARTESIAN_POINT('',(-25.4,-332.74,317.5));
#3405 = DIRECTION('',(0.,1.,0.));
#3406 = DIRECTION('',(0.,-0.,1.));
#3407 = DEFINITIONAL_REPRESENTATION('',(#3408),#3412);
#3408 = LINE('',#3409,#3410);
#3409 = CARTESIAN_POINT('',(0.,2.54));
#3410 = VECTOR('',#3411,1.);
#3411 = DIRECTION('',(1.,0.));
#3412 = ( GEOMETRIC_REPRESENTATION_CONTEXT(2) 
PARAMETRIC_REPRESENTATION_CONTEXT() REPRESENTATION_CONTEXT('2D SPACE',''
  ) );
#3413 = FACE_BOUND('',#3414,.F.);
#3414 = EDGE_LOOP('',(#3415));
#3415 = ORIENTED_EDGE('',*,*,#3416,.F.);
#3416 = EDGE_CURVE('',#3417,#3417,#3419,.T.);
#3417 = VERTEX_POINT('',#3418);
#3418 = CARTESIAN_POINT('',(-12.7,-330.2,320.04));
#3419 = SURFACE_CURVE('',#3420,(#3425,#3432),.PCURVE_S1.);
#3420 = CIRCLE('',#3421,2.54);
#3421 = AXIS2_PLACEMENT_3D('',#3422,#3423,#3424);
#3422 = CARTESIAN_POINT('',(-12.7,-330.2,317.5));
#3423 = DIRECTION('',(0.,1.,0.));
#3424 = DIRECTION('',(0.,-0.,1.));
#3425 = PCURVE('',#94,#3426);
#3426 = DEFINITIONAL_REPRESENTATION('',(#3427),#3431);
#3427 = CIRCLE('',#3428,2.54);
#3428 = AXIS2_PLACEMENT_2D('',#3429,#3430);
#3429 = CARTESIAN_POINT('',(114.3,292.1));
#3430 = DIRECTION('',(1.,0.));
#3431 = ( GEOMETRIC_REPRESENTATION_CONTEXT(2) 
PARAMETRIC_REPRESENTATION_CONTEXT() REPRESENTATION_CONTEXT('2D SPACE',''
  ) );
#3432 = PCURVE('',#3433,#3438);
#3433 = CYLINDRICAL_SURFACE('',#3434,2.54);
#3434 = AXIS2_PLACEMENT_3D('',#3435,#3436,#3437);
#3435 = CARTESIAN_POINT('',(-12.7,-332.74,317.5));
#3436 = DIRECTION('',(0.,1.,0.));
#3437 = DIRECTION('',(0.,-0.,1.));
#3438 = DEFINITIONAL_REPRESENTATION('',(#3439),#3443);
#3439 = LINE('',#3440,#3441);
#3440 = CARTESIAN_POINT('',(0.,2.54));
#3441 = VECTOR('',#3442,1.);
#3442 = DIRECTION('',(1.,0.));
#3443 = ( GEOMETRIC_REPRESENTATION_CONTEXT(2) 
PARAMETRIC_REPRESENTATION_CONTEXT() REPRESENTATION_CONTEXT('2D SPACE',''
  ) );
#3444 = FACE_BOUND('',#3445,.F.);
#3445 = EDGE_LOOP('',(#3446));
#3446 = ORIENTED_EDGE('',*,*,#3447,.F.);
#3447 = EDGE_CURVE('',#3448,#3448,#3450,.T.);
#3448 = VERTEX_POINT('',#3449);
#3449 = CARTESIAN_POINT('',(-6.221205739669E-16,-330.2,320.04));
#3450 = SURFACE_CURVE('',#3451,(#3456,#3463),.PCURVE_S1.);
#3451 = CIRCLE('',#3452,2.54);
#3452 = AXIS2_PLACEMENT_3D('',#3453,#3454,#3455);
#3453 = CARTESIAN_POINT('',(0.,-330.2,317.5));
#3454 = DIRECTION('',(0.,1.,0.));
#3455 = DIRECTION('',(0.,-0.,1.));
#3456 = PCURVE('',#94,#3457);
#3457 = DEFINITIONAL_REPRESENTATION('',(#3458),#3462);
#3458 = CIRCLE('',#3459,2.54);
#3459 = AXIS2_PLACEMENT_2D('',#3460,#3461);
#3460 = CARTESIAN_POINT('',(114.3,304.8));
#3461 = DIRECTION('',(1.,0.));
#3462 = ( GEOMETRIC_REPRESENTATION_CONTEXT(2) 
PARAMETRIC_REPRESENTATION_CONTEXT() REPRESENTATION_CONTEXT('2D SPACE',''
  ) );
#3463 = PCURVE('',#3464,#3469);
#3464 = CYLINDRICAL_SURFACE('',#3465,2.54);
#3465 = AXIS2_PLACEMENT_3D('',#3466,#3467,#3468);
#3466 = CARTESIAN_POINT('',(0.,-332.74,317.5));
#3467 = DIRECTION('',(0.,1.,0.));
#3468 = DIRECTION('',(0.,-0.,1.));
#3469 = DEFINITIONAL_REPRESENTATION('',(#3470),#3474);
#3470 = LINE('',#3471,#3472);
#3471 = CARTESIAN_POINT('',(0.,2.54));
#3472 = VECTOR('',#3473,1.);
#3473 = DIRECTION('',(1.,0.));
#3474 = ( GEOMETRIC_REPRESENTATION_CONTEXT(2) 
PARAMETRIC_REPRESENTATION_CONTEXT() REPRESENTATION_CONTEXT('2D SPACE',''
  ) );
#3475 = FACE_BOUND('',#3476,.F.);
#3476 = EDGE_LOOP('',(#3477));
#3477 = ORIENTED_EDGE('',*,*,#3478,.F.);
#3478 = EDGE_CURVE('',#3479,#3479,#3481,.T.);
#3479 = VERTEX_POINT('',#3480);
#3480 = CARTESIAN_POINT('',(-25.4,-330.2,332.74));
#3481 = SURFACE_CURVE('',#3482,(#3487,#3494),.PCURVE_S1.);
#3482 = CIRCLE('',#3483,2.54);
#3483 = AXIS2_PLACEMENT_3D('',#3484,#3485,#3486);
#3484 = CARTESIAN_POINT('',(-25.4,-330.2,330.2));
#3485 = DIRECTION('',(0.,1.,0.));
#3486 = DIRECTION('',(0.,-0.,1.));
#3487 = PCURVE('',#94,#3488);
#3488 = DEFINITIONAL_REPRESENTATION('',(#3489),#3493);
#3489 = CIRCLE('',#3490,2.54);
#3490 = AXIS2_PLACEMENT_2D('',#3491,#3492);
#3491 = CARTESIAN_POINT('',(127.,279.4));
#3492 = DIRECTION('',(1.,0.));
#3493 = ( GEOMETRIC_REPRESENTATION_CONTEXT(2) 
PARAMETRIC_REPRESENTATION_CONTEXT() REPRESENTATION_CONTEXT('2D SPACE',''
  ) );
#3494 = PCURVE('',#3495,#3500);
#3495 = CYLINDRICAL_SURFACE('',#3496,2.54);
#3496 = AXIS2_PLACEMENT_3D('',#3497,#3498,#3499);
#3497 = CARTESIAN_POINT('',(-25.4,-332.74,330.2));
#3498 = DIRECTION('',(0.,1.,0.));
#3499 = DIRECTION('',(0.,-0.,1.));
#3500 = DEFINITIONAL_REPRESENTATION('',(#3501),#3505);
#3501 = LINE('',#3502,#3503);
#3502 = CARTESIAN_POINT('',(0.,2.54));
#3503 = VECTOR('',#3504,1.);
#3504 = DIRECTION('',(1.,0.));
#3505 = ( GEOMETRIC_REPRESENTATION_CONTEXT(2) 
PARAMETRIC_REPRESENTATION_CONTEXT() REPRESENTATION_CONTEXT('2D SPACE',''
  ) );
#3506 = FACE_BOUND('',#3507,.F.);
#3507 = EDGE_LOOP('',(#3508));
#3508 = ORIENTED_EDGE('',*,*,#3509,.F.);
#3509 = EDGE_CURVE('',#3510,#3510,#3512,.T.);
#3510 = VERTEX_POINT('',#3511);
#3511 = CARTESIAN_POINT('',(-12.7,-330.2,332.74));
#3512 = SURFACE_CURVE('',#3513,(#3518,#3525),.PCURVE_S1.);
#3513 = CIRCLE('',#3514,2.54);
#3514 = AXIS2_PLACEMENT_3D('',#3515,#3516,#3517);
#3515 = CARTESIAN_POINT('',(-12.7,-330.2,330.2));
#3516 = DIRECTION('',(0.,1.,0.));
#3517 = DIRECTION('',(0.,-0.,1.));
#3518 = PCURVE('',#94,#3519);
#3519 = DEFINITIONAL_REPRESENTATION('',(#3520),#3524);
#3520 = CIRCLE('',#3521,2.54);
#3521 = AXIS2_PLACEMENT_2D('',#3522,#3523);
#3522 = CARTESIAN_POINT('',(127.,292.1));
#3523 = DIRECTION('',(1.,0.));
#3524 = ( GEOMETRIC_REPRESENTATION_CONTEXT(2) 
PARAMETRIC_REPRESENTATION_CONTEXT() REPRESENTATION_CONTEXT('2D SPACE',''
  ) );
#3525 = PCURVE('',#3526,#3531);
#3526 = CYLINDRICAL_SURFACE('',#3527,2.54);
#3527 = AXIS2_PLACEMENT_3D('',#3528,#3529,#3530);
#3528 = CARTESIAN_POINT('',(-12.7,-332.74,330.2));
#3529 = DIRECTION('',(0.,1.,0.));
#3530 = DIRECTION('',(0.,-0.,1.));
#3531 = DEFINITIONAL_REPRESENTATION('',(#3532),#3536);
#3532 = LINE('',#3533,#3534);
#3533 = CARTESIAN_POINT('',(0.,2.54));
#3534 = VECTOR('',#3535,1.);
#3535 = DIRECTION('',(1.,0.));
#3536 = ( GEOMETRIC_REPRESENTATION_CONTEXT(2) 
PARAMETRIC_REPRESENTATION_CONTEXT() REPRESENTATION_CONTEXT('2D SPACE',''
  ) );
#3537 = FACE_BOUND('',#3538,.F.);
#3538 = EDGE_LOOP('',(#3539));
#3539 = ORIENTED_EDGE('',*,*,#3540,.F.);
#3540 = EDGE_CURVE('',#3541,#3541,#3543,.T.);
#3541 = VERTEX_POINT('',#3542);
#3542 = CARTESIAN_POINT('',(-6.221205739669E-16,-330.2,332.74));
#3543 = SURFACE_CURVE('',#3544,(#3549,#3556),.PCURVE_S1.);
#3544 = CIRCLE('',#3545,2.54);
#3545 = AXIS2_PLACEMENT_3D('',#3546,#3547,#3548);
#3546 = CARTESIAN_POINT('',(0.,-330.2,330.2));
#3547 = DIRECTION('',(0.,1.,0.));
#3548 = DIRECTION('',(0.,-0.,1.));
#3549 = PCURVE('',#94,#3550);
#3550 = DEFINITIONAL_REPRESENTATION('',(#3551),#3555);
#3551 = CIRCLE('',#3552,2.54);
#3552 = AXIS2_PLACEMENT_2D('',#3553,#3554);
#3553 = CARTESIAN_POINT('',(127.,304.8));
#3554 = DIRECTION('',(1.,0.));
#3555 = ( GEOMETRIC_REPRESENTATION_CONTEXT(2) 
PARAMETRIC_REPRESENTATION_CONTEXT() REPRESENTATION_CONTEXT('2D SPACE',''
  ) );
#3556 = PCURVE('',#3557,#3562);
#3557 = CYLINDRICAL_SURFACE('',#3558,2.54);
#3558 = AXIS2_PLACEMENT_3D('',#3559,#3560,#3561);
#3559 = CARTESIAN_POINT('',(0.,-332.74,330.2));
#3560 = DIRECTION('',(0.,1.,0.));
#3561 = DIRECTION('',(0.,-0.,1.));
#3562 = DEFINITIONAL_REPRESENTATION('',(#3563),#3567);
#3563 = LINE('',#3564,#3565);
#3564 = CARTESIAN_POINT('',(0.,2.54));
#3565 = VECTOR('',#3566,1.);
#3566 = DIRECTION('',(1.,0.));
#3567 = ( GEOMETRIC_REPRESENTATION_CONTEXT(2) 
PARAMETRIC_REPRESENTATION_CONTEXT() REPRESENTATION_CONTEXT('2D SPACE',''
  ) );
#3568 = FACE_BOUND('',#3569,.F.);
#3569 = EDGE_LOOP('',(#3570));
#3570 = ORIENTED_EDGE('',*,*,#3571,.F.);
#3571 = EDGE_CURVE('',#3572,#3572,#3574,.T.);
#3572 = VERTEX_POINT('',#3573);
#3573 = CARTESIAN_POINT('',(12.7,-330.2,320.04));
#3574 = SURFACE_CURVE('',#3575,(#3580,#3587),.PCURVE_S1.);
#3575 = CIRCLE('',#3576,2.54);
#3576 = AXIS2_PLACEMENT_3D('',#3577,#3578,#3579);
#3577 = CARTESIAN_POINT('',(12.7,-330.2,317.5));
#3578 = DIRECTION('',(0.,1.,0.));
#3579 = DIRECTION('',(0.,-0.,1.));
#3580 = PCURVE('',#94,#3581);
#3581 = DEFINITIONAL_REPRESENTATION('',(#3582),#3586);
#3582 = CIRCLE('',#3583,2.54);
#3583 = AXIS2_PLACEMENT_2D('',#3584,#3585);
#3584 = CARTESIAN_POINT('',(114.3,317.5));
#3585 = DIRECTION('',(1.,0.));
#3586 = ( GEOMETRIC_REPRESENTATION_CONTEXT(2) 
PARAMETRIC_REPRESENTATION_CONTEXT() REPRESENTATION_CONTEXT('2D SPACE',''
  ) );
#3587 = PCURVE('',#3588,#3593);
#3588 = CYLINDRICAL_SURFACE('',#3589,2.54);
#3589 = AXIS2_PLACEMENT_3D('',#3590,#3591,#3592);
#3590 = CARTESIAN_POINT('',(12.7,-332.74,317.5));
#3591 = DIRECTION('',(0.,1.,0.));
#3592 = DIRECTION('',(0.,-0.,1.));
#3593 = DEFINITIONAL_REPRESENTATION('',(#3594),#3598);
#3594 = LINE('',#3595,#3596);
#3595 = CARTESIAN_POINT('',(0.,2.54));
#3596 = VECTOR('',#3597,1.);
#3597 = DIRECTION('',(1.,0.));
#3598 = ( GEOMETRIC_REPRESENTATION_CONTEXT(2) 
PARAMETRIC_REPRESENTATION_CONTEXT() REPRESENTATION_CONTEXT('2D SPACE',''
  ) );
#3599 = FACE_BOUND('',#3600,.F.);
#3600 = EDGE_LOOP('',(#3601));
#3601 = ORIENTED_EDGE('',*,*,#3602,.F.);
#3602 = EDGE_CURVE('',#3603,#3603,#3605,.T.);
#3603 = VERTEX_POINT('',#3604);
#3604 = CARTESIAN_POINT('',(25.4,-330.2,320.04));
#3605 = SURFACE_CURVE('',#3606,(#3611,#3618),.PCURVE_S1.);
#3606 = CIRCLE('',#3607,2.54);
#3607 = AXIS2_PLACEMENT_3D('',#3608,#3609,#3610);
#3608 = CARTESIAN_POINT('',(25.4,-330.2,317.5));
#3609 = DIRECTION('',(0.,1.,0.));
#3610 = DIRECTION('',(0.,-0.,1.));
#3611 = PCURVE('',#94,#3612);
#3612 = DEFINITIONAL_REPRESENTATION('',(#3613),#3617);
#3613 = CIRCLE('',#3614,2.54);
#3614 = AXIS2_PLACEMENT_2D('',#3615,#3616);
#3615 = CARTESIAN_POINT('',(114.3,330.2));
#3616 = DIRECTION('',(1.,0.));
#3617 = ( GEOMETRIC_REPRESENTATION_CONTEXT(2) 
PARAMETRIC_REPRESENTATION_CONTEXT() REPRESENTATION_CONTEXT('2D SPACE',''
  ) );
#3618 = PCURVE('',#3619,#3624);
#3619 = CYLINDRICAL_SURFACE('',#3620,2.54);
#3620 = AXIS2_PLACEMENT_3D('',#3621,#3622,#3623);
#3621 = CARTESIAN_POINT('',(25.4,-332.74,317.5));
#3622 = DIRECTION('',(0.,1.,0.));
#3623 = DIRECTION('',(0.,-0.,1.));
#3624 = DEFINITIONAL_REPRESENTATION('',(#3625),#3629);
#3625 = LINE('',#3626,#3627);
#3626 = CARTESIAN_POINT('',(0.,2.54));
#3627 = VECTOR('',#3628,1.);
#3628 = DIRECTION('',(1.,0.));
#3629 = ( GEOMETRIC_REPRESENTATION_CONTEXT(2) 
PARAMETRIC_REPRESENTATION_CONTEXT() REPRESENTATION_CONTEXT('2D SPACE',''
  ) );
#3630 = FACE_BOUND('',#3631,.F.);
#3631 = EDGE_LOOP('',(#3632));
#3632 = ORIENTED_EDGE('',*,*,#3633,.F.);
#3633 = EDGE_CURVE('',#3634,#3634,#3636,.T.);
#3634 = VERTEX_POINT('',#3635);
#3635 = CARTESIAN_POINT('',(12.7,-330.2,332.74));
#3636 = SURFACE_CURVE('',#3637,(#3642,#3649),.PCURVE_S1.);
#3637 = CIRCLE('',#3638,2.54);
#3638 = AXIS2_PLACEMENT_3D('',#3639,#3640,#3641);
#3639 = CARTESIAN_POINT('',(12.7,-330.2,330.2));
#3640 = DIRECTION('',(0.,1.,0.));
#3641 = DIRECTION('',(0.,-0.,1.));
#3642 = PCURVE('',#94,#3643);
#3643 = DEFINITIONAL_REPRESENTATION('',(#3644),#3648);
#3644 = CIRCLE('',#3645,2.54);
#3645 = AXIS2_PLACEMENT_2D('',#3646,#3647);
#3646 = CARTESIAN_POINT('',(127.,317.5));
#3647 = DIRECTION('',(1.,0.));
#3648 = ( GEOMETRIC_REPRESENTATION_CONTEXT(2) 
PARAMETRIC_REPRESENTATION_CONTEXT() REPRESENTATION_CONTEXT('2D SPACE',''
  ) );
#3649 = PCURVE('',#3650,#3655);
#3650 = CYLINDRICAL_SURFACE('',#3651,2.54);
#3651 = AXIS2_PLACEMENT_3D('',#3652,#3653,#3654);
#3652 = CARTESIAN_POINT('',(12.7,-332.74,330.2));
#3653 = DIRECTION('',(0.,1.,0.));
#3654 = DIRECTION('',(0.,-0.,1.));
#3655 = DEFINITIONAL_REPRESENTATION('',(#3656),#3660);
#3656 = LINE('',#3657,#3658);
#3657 = CARTESIAN_POINT('',(0.,2.54));
#3658 = VECTOR('',#3659,1.);
#3659 = DIRECTION('',(1.,0.));
#3660 = ( GEOMETRIC_REPRESENTATION_CONTEXT(2) 
PARAMETRIC_REPRESENTATION_CONTEXT() REPRESENTATION_CONTEXT('2D SPACE',''
  ) );
#3661 = FACE_BOUND('',#3662,.F.);
#3662 = EDGE_LOOP('',(#3663));
#3663 = ORIENTED_EDGE('',*,*,#3664,.F.);
#3664 = EDGE_CURVE('',#3665,#3665,#3667,.T.);
#3665 = VERTEX_POINT('',#3666);
#3666 = CARTESIAN_POINT('',(25.4,-330.2,332.74));
#3667 = SURFACE_CURVE('',#3668,(#3673,#3680),.PCURVE_S1.);
#3668 = CIRCLE('',#3669,2.54);
#3669 = AXIS2_PLACEMENT_3D('',#3670,#3671,#3672);
#3670 = CARTESIAN_POINT('',(25.4,-330.2,330.2));
#3671 = DIRECTION('',(0.,1.,0.));
#3672 = DIRECTION('',(0.,-0.,1.));
#3673 = PCURVE('',#94,#3674);
#3674 = DEFINITIONAL_REPRESENTATION('',(#3675),#3679);
#3675 = CIRCLE('',#3676,2.54);
#3676 = AXIS2_PLACEMENT_2D('',#3677,#3678);
#3677 = CARTESIAN_POINT('',(127.,330.2));
#3678 = DIRECTION('',(1.,0.));
#3679 = ( GEOMETRIC_REPRESENTATION_CONTEXT(2) 
PARAMETRIC_REPRESENTATION_CONTEXT() REPRESENTATION_CONTEXT('2D SPACE',''
  ) );
#3680 = PCURVE('',#3681,#3686);
#3681 = CYLINDRICAL_SURFACE('',#3682,2.54);
#3682 = AXIS2_PLACEMENT_3D('',#3683,#3684,#3685);
#3683 = CARTESIAN_POINT('',(25.4,-332.74,330.2));
#3684 = DIRECTION('',(0.,1.,0.));
#3685 = DIRECTION('',(0.,-0.,1.));
#3686 = DEFINITIONAL_REPRESENTATION('',(#3687),#3691);
#3687 = LINE('',#3688,#3689);
#3688 = CARTESIAN_POINT('',(0.,2.54));
#3689 = VECTOR('',#3690,1.);
#3690 = DIRECTION('',(1.,0.));
#3691 = ( GEOMETRIC_REPRESENTATION_CONTEXT(2) 
PARAMETRIC_REPRESENTATION_CONTEXT() REPRESENTATION_CONTEXT('2D SPACE',''
  ) );
#3692 = FACE_BOUND('',#3693,.F.);
#3693 = EDGE_LOOP('',(#3694));
#3694 = ORIENTED_EDGE('',*,*,#3695,.F.);
#3695 = EDGE_CURVE('',#3696,#3696,#3698,.T.);
#3696 = VERTEX_POINT('',#3697);
#3697 = CARTESIAN_POINT('',(53.34,-330.2,213.3727));
#3698 = SURFACE_CURVE('',#3699,(#3704,#3711),.PCURVE_S1.);
#3699 = CIRCLE('',#3700,2.5527);
#3700 = AXIS2_PLACEMENT_3D('',#3701,#3702,#3703);
#3701 = CARTESIAN_POINT('',(53.34,-330.2,210.82));
#3702 = DIRECTION('',(0.,1.,0.));
#3703 = DIRECTION('',(0.,-0.,1.));
#3704 = PCURVE('',#94,#3705);
#3705 = DEFINITIONAL_REPRESENTATION('',(#3706),#3710);
#3706 = CIRCLE('',#3707,2.5527);
#3707 = AXIS2_PLACEMENT_2D('',#3708,#3709);
#3708 = CARTESIAN_POINT('',(7.62,358.14));
#3709 = DIRECTION('',(1.,0.));
#3710 = ( GEOMETRIC_REPRESENTATION_CONTEXT(2) 
PARAMETRIC_REPRESENTATION_CONTEXT() REPRESENTATION_CONTEXT('2D SPACE',''
  ) );
#3711 = PCURVE('',#3712,#3717);
#3712 = CYLINDRICAL_SURFACE('',#3713,2.5527);
#3713 = AXIS2_PLACEMENT_3D('',#3714,#3715,#3716);
#3714 = CARTESIAN_POINT('',(53.34,-332.74,210.82));
#3715 = DIRECTION('',(0.,1.,0.));
#3716 = DIRECTION('',(0.,-0.,1.));
#3717 = DEFINITIONAL_REPRESENTATION('',(#3718),#3722);
#3718 = LINE('',#3719,#3720);
#3719 = CARTESIAN_POINT('',(0.,2.54));
#3720 = VECTOR('',#3721,1.);
#3721 = DIRECTION('',(1.,0.));
#3722 = ( GEOMETRIC_REPRESENTATION_CONTEXT(2) 
PARAMETRIC_REPRESENTATION_CONTEXT() REPRESENTATION_CONTEXT('2D SPACE',''
  ) );
#3723 = FACE_BOUND('',#3724,.F.);
#3724 = EDGE_LOOP('',(#3725));
#3725 = ORIENTED_EDGE('',*,*,#3726,.F.);
#3726 = EDGE_CURVE('',#3727,#3727,#3729,.T.);
#3727 = VERTEX_POINT('',#3728);
#3728 = CARTESIAN_POINT('',(73.66,-330.2,213.3727));
#3729 = SURFACE_CURVE('',#3730,(#3735,#3742),.PCURVE_S1.);
#3730 = CIRCLE('',#3731,2.5527);
#3731 = AXIS2_PLACEMENT_3D('',#3732,#3733,#3734);
#3732 = CARTESIAN_POINT('',(73.66,-330.2,210.82));
#3733 = DIRECTION('',(0.,1.,0.));
#3734 = DIRECTION('',(0.,-0.,1.));
#3735 = PCURVE('',#94,#3736);
#3736 = DEFINITIONAL_REPRESENTATION('',(#3737),#3741);
#3737 = CIRCLE('',#3738,2.5527);
#3738 = AXIS2_PLACEMENT_2D('',#3739,#3740);
#3739 = CARTESIAN_POINT('',(7.62,378.46));
#3740 = DIRECTION('',(1.,0.));
#3741 = ( GEOMETRIC_REPRESENTATION_CONTEXT(2) 
PARAMETRIC_REPRESENTATION_CONTEXT() REPRESENTATION_CONTEXT('2D SPACE',''
  ) );
#3742 = PCURVE('',#3743,#3748);
#3743 = CYLINDRICAL_SURFACE('',#3744,2.5527);
#3744 = AXIS2_PLACEMENT_3D('',#3745,#3746,#3747);
#3745 = CARTESIAN_POINT('',(73.66,-332.74,210.82));
#3746 = DIRECTION('',(0.,1.,0.));
#3747 = DIRECTION('',(0.,-0.,1.));
#3748 = DEFINITIONAL_REPRESENTATION('',(#3749),#3753);
#3749 = LINE('',#3750,#3751);
#3750 = CARTESIAN_POINT('',(0.,2.54));
#3751 = VECTOR('',#3752,1.);
#3752 = DIRECTION('',(1.,0.));
#3753 = ( GEOMETRIC_REPRESENTATION_CONTEXT(2) 
PARAMETRIC_REPRESENTATION_CONTEXT() REPRESENTATION_CONTEXT('2D SPACE',''
  ) );
#3754 = FACE_BOUND('',#3755,.F.);
#3755 = EDGE_LOOP('',(#3756));
#3756 = ORIENTED_EDGE('',*,*,#3757,.F.);
#3757 = EDGE_CURVE('',#3758,#3758,#3760,.T.);
#3758 = VERTEX_POINT('',#3759);
#3759 = CARTESIAN_POINT('',(38.1,-330.2,231.14));
#3760 = SURFACE_CURVE('',#3761,(#3766,#3773),.PCURVE_S1.);
#3761 = CIRCLE('',#3762,2.54);
#3762 = AXIS2_PLACEMENT_3D('',#3763,#3764,#3765);
#3763 = CARTESIAN_POINT('',(38.1,-330.2,228.6));
#3764 = DIRECTION('',(0.,1.,0.));
#3765 = DIRECTION('',(0.,-0.,1.));
#3766 = PCURVE('',#94,#3767);
#3767 = DEFINITIONAL_REPRESENTATION('',(#3768),#3772);
#3768 = CIRCLE('',#3769,2.54);
#3769 = AXIS2_PLACEMENT_2D('',#3770,#3771);
#3770 = CARTESIAN_POINT('',(25.4,342.9));
#3771 = DIRECTION('',(1.,0.));
#3772 = ( GEOMETRIC_REPRESENTATION_CONTEXT(2) 
PARAMETRIC_REPRESENTATION_CONTEXT() REPRESENTATION_CONTEXT('2D SPACE',''
  ) );
#3773 = PCURVE('',#3774,#3779);
#3774 = CYLINDRICAL_SURFACE('',#3775,2.54);
#3775 = AXIS2_PLACEMENT_3D('',#3776,#3777,#3778);
#3776 = CARTESIAN_POINT('',(38.1,-332.74,228.6));
#3777 = DIRECTION('',(0.,1.,0.));
#3778 = DIRECTION('',(0.,-0.,1.));
#3779 = DEFINITIONAL_REPRESENTATION('',(#3780),#3784);
#3780 = LINE('',#3781,#3782);
#3781 = CARTESIAN_POINT('',(0.,2.54));
#3782 = VECTOR('',#3783,1.);
#3783 = DIRECTION('',(1.,0.));
#3784 = ( GEOMETRIC_REPRESENTATION_CONTEXT(2) 
PARAMETRIC_REPRESENTATION_CONTEXT() REPRESENTATION_CONTEXT('2D SPACE',''
  ) );
#3785 = FACE_BOUND('',#3786,.F.);
#3786 = EDGE_LOOP('',(#3787));
#3787 = ORIENTED_EDGE('',*,*,#3788,.F.);
#3788 = EDGE_CURVE('',#3789,#3789,#3791,.T.);
#3789 = VERTEX_POINT('',#3790);
#3790 = CARTESIAN_POINT('',(50.8,-330.2,231.14));
#3791 = SURFACE_CURVE('',#3792,(#3797,#3804),.PCURVE_S1.);
#3792 = CIRCLE('',#3793,2.54);
#3793 = AXIS2_PLACEMENT_3D('',#3794,#3795,#3796);
#3794 = CARTESIAN_POINT('',(50.8,-330.2,228.6));
#3795 = DIRECTION('',(0.,1.,0.));
#3796 = DIRECTION('',(0.,-0.,1.));
#3797 = PCURVE('',#94,#3798);
#3798 = DEFINITIONAL_REPRESENTATION('',(#3799),#3803);
#3799 = CIRCLE('',#3800,2.54);
#3800 = AXIS2_PLACEMENT_2D('',#3801,#3802);
#3801 = CARTESIAN_POINT('',(25.4,355.6));
#3802 = DIRECTION('',(1.,0.));
#3803 = ( GEOMETRIC_REPRESENTATION_CONTEXT(2) 
PARAMETRIC_REPRESENTATION_CONTEXT() REPRESENTATION_CONTEXT('2D SPACE',''
  ) );
#3804 = PCURVE('',#3805,#3810);
#3805 = CYLINDRICAL_SURFACE('',#3806,2.54);
#3806 = AXIS2_PLACEMENT_3D('',#3807,#3808,#3809);
#3807 = CARTESIAN_POINT('',(50.8,-332.74,228.6));
#3808 = DIRECTION('',(0.,1.,0.));
#3809 = DIRECTION('',(0.,-0.,1.));
#3810 = DEFINITIONAL_REPRESENTATION('',(#3811),#3815);
#3811 = LINE('',#3812,#3813);
#3812 = CARTESIAN_POINT('',(0.,2.54));
#3813 = VECTOR('',#3814,1.);
#3814 = DIRECTION('',(1.,0.));
#3815 = ( GEOMETRIC_REPRESENTATION_CONTEXT(2) 
PARAMETRIC_REPRESENTATION_CONTEXT() REPRESENTATION_CONTEXT('2D SPACE',''
  ) );
#3816 = FACE_BOUND('',#3817,.F.);
#3817 = EDGE_LOOP('',(#3818));
#3818 = ORIENTED_EDGE('',*,*,#3819,.F.);
#3819 = EDGE_CURVE('',#3820,#3820,#3822,.T.);
#3820 = VERTEX_POINT('',#3821);
#3821 = CARTESIAN_POINT('',(63.5,-330.2,231.14));
#3822 = SURFACE_CURVE('',#3823,(#3828,#3835),.PCURVE_S1.);
#3823 = CIRCLE('',#3824,2.54);
#3824 = AXIS2_PLACEMENT_3D('',#3825,#3826,#3827);
#3825 = CARTESIAN_POINT('',(63.5,-330.2,228.6));
#3826 = DIRECTION('',(0.,1.,0.));
#3827 = DIRECTION('',(0.,-0.,1.));
#3828 = PCURVE('',#94,#3829);
#3829 = DEFINITIONAL_REPRESENTATION('',(#3830),#3834);
#3830 = CIRCLE('',#3831,2.54);
#3831 = AXIS2_PLACEMENT_2D('',#3832,#3833);
#3832 = CARTESIAN_POINT('',(25.4,368.3));
#3833 = DIRECTION('',(1.,0.));
#3834 = ( GEOMETRIC_REPRESENTATION_CONTEXT(2) 
PARAMETRIC_REPRESENTATION_CONTEXT() REPRESENTATION_CONTEXT('2D SPACE',''
  ) );
#3835 = PCURVE('',#3836,#3841);
#3836 = CYLINDRICAL_SURFACE('',#3837,2.54);
#3837 = AXIS2_PLACEMENT_3D('',#3838,#3839,#3840);
#3838 = CARTESIAN_POINT('',(63.5,-332.74,228.6));
#3839 = DIRECTION('',(0.,1.,0.));
#3840 = DIRECTION('',(0.,-0.,1.));
#3841 = DEFINITIONAL_REPRESENTATION('',(#3842),#3846);
#3842 = LINE('',#3843,#3844);
#3843 = CARTESIAN_POINT('',(0.,2.54));
#3844 = VECTOR('',#3845,1.);
#3845 = DIRECTION('',(1.,0.));
#3846 = ( GEOMETRIC_REPRESENTATION_CONTEXT(2) 
PARAMETRIC_REPRESENTATION_CONTEXT() REPRESENTATION_CONTEXT('2D SPACE',''
  ) );
#3847 = FACE_BOUND('',#3848,.F.);
#3848 = EDGE_LOOP('',(#3849));
#3849 = ORIENTED_EDGE('',*,*,#3850,.F.);
#3850 = EDGE_CURVE('',#3851,#3851,#3853,.T.);
#3851 = VERTEX_POINT('',#3852);
#3852 = CARTESIAN_POINT('',(76.2,-330.2,231.14));
#3853 = SURFACE_CURVE('',#3854,(#3859,#3866),.PCURVE_S1.);
#3854 = CIRCLE('',#3855,2.54);
#3855 = AXIS2_PLACEMENT_3D('',#3856,#3857,#3858);
#3856 = CARTESIAN_POINT('',(76.2,-330.2,228.6));
#3857 = DIRECTION('',(0.,1.,0.));
#3858 = DIRECTION('',(0.,-0.,1.));
#3859 = PCURVE('',#94,#3860);
#3860 = DEFINITIONAL_REPRESENTATION('',(#3861),#3865);
#3861 = CIRCLE('',#3862,2.54);
#3862 = AXIS2_PLACEMENT_2D('',#3863,#3864);
#3863 = CARTESIAN_POINT('',(25.4,381.));
#3864 = DIRECTION('',(1.,0.));
#3865 = ( GEOMETRIC_REPRESENTATION_CONTEXT(2) 
PARAMETRIC_REPRESENTATION_CONTEXT() REPRESENTATION_CONTEXT('2D SPACE',''
  ) );
#3866 = PCURVE('',#3867,#3872);
#3867 = CYLINDRICAL_SURFACE('',#3868,2.54);
#3868 = AXIS2_PLACEMENT_3D('',#3869,#3870,#3871);
#3869 = CARTESIAN_POINT('',(76.2,-332.74,228.6));
#3870 = DIRECTION('',(0.,1.,0.));
#3871 = DIRECTION('',(0.,-0.,1.));
#3872 = DEFINITIONAL_REPRESENTATION('',(#3873),#3877);
#3873 = LINE('',#3874,#3875);
#3874 = CARTESIAN_POINT('',(0.,2.54));
#3875 = VECTOR('',#3876,1.);
#3876 = DIRECTION('',(1.,0.));
#3877 = ( GEOMETRIC_REPRESENTATION_CONTEXT(2) 
PARAMETRIC_REPRESENTATION_CONTEXT() REPRESENTATION_CONTEXT('2D SPACE',''
  ) );
#3878 = FACE_BOUND('',#3879,.F.);
#3879 = EDGE_LOOP('',(#3880));
#3880 = ORIENTED_EDGE('',*,*,#3881,.F.);
#3881 = EDGE_CURVE('',#3882,#3882,#3884,.T.);
#3882 = VERTEX_POINT('',#3883);
#3883 = CARTESIAN_POINT('',(88.9,-330.2,231.14));
#3884 = SURFACE_CURVE('',#3885,(#3890,#3897),.PCURVE_S1.);
#3885 = CIRCLE('',#3886,2.54);
#3886 = AXIS2_PLACEMENT_3D('',#3887,#3888,#3889);
#3887 = CARTESIAN_POINT('',(88.9,-330.2,228.6));
#3888 = DIRECTION('',(0.,1.,0.));
#3889 = DIRECTION('',(0.,-0.,1.));
#3890 = PCURVE('',#94,#3891);
#3891 = DEFINITIONAL_REPRESENTATION('',(#3892),#3896);
#3892 = CIRCLE('',#3893,2.54);
#3893 = AXIS2_PLACEMENT_2D('',#3894,#3895);
#3894 = CARTESIAN_POINT('',(25.4,393.7));
#3895 = DIRECTION('',(1.,0.));
#3896 = ( GEOMETRIC_REPRESENTATION_CONTEXT(2) 
PARAMETRIC_REPRESENTATION_CONTEXT() REPRESENTATION_CONTEXT('2D SPACE',''
  ) );
#3897 = PCURVE('',#3898,#3903);
#3898 = CYLINDRICAL_SURFACE('',#3899,2.54);
#3899 = AXIS2_PLACEMENT_3D('',#3900,#3901,#3902);
#3900 = CARTESIAN_POINT('',(88.9,-332.74,228.6));
#3901 = DIRECTION('',(0.,1.,0.));
#3902 = DIRECTION('',(0.,-0.,1.));
#3903 = DEFINITIONAL_REPRESENTATION('',(#3904),#3908);
#3904 = LINE('',#3905,#3906);
#3905 = CARTESIAN_POINT('',(0.,2.54));
#3906 = VECTOR('',#3907,1.);
#3907 = DIRECTION('',(1.,0.));
#3908 = ( GEOMETRIC_REPRESENTATION_CONTEXT(2) 
PARAMETRIC_REPRESENTATION_CONTEXT() REPRESENTATION_CONTEXT('2D SPACE',''
  ) );
#3909 = FACE_BOUND('',#3910,.F.);
#3910 = EDGE_LOOP('',(#3911));
#3911 = ORIENTED_EDGE('',*,*,#3912,.F.);
#3912 = EDGE_CURVE('',#3913,#3913,#3915,.T.);
#3913 = VERTEX_POINT('',#3914);
#3914 = CARTESIAN_POINT('',(101.6,-330.2,231.14));
#3915 = SURFACE_CURVE('',#3916,(#3921,#3928),.PCURVE_S1.);
#3916 = CIRCLE('',#3917,2.54);
#3917 = AXIS2_PLACEMENT_3D('',#3918,#3919,#3920);
#3918 = CARTESIAN_POINT('',(101.6,-330.2,228.6));
#3919 = DIRECTION('',(0.,1.,0.));
#3920 = DIRECTION('',(0.,-0.,1.));
#3921 = PCURVE('',#94,#3922);
#3922 = DEFINITIONAL_REPRESENTATION('',(#3923),#3927);
#3923 = CIRCLE('',#3924,2.54);
#3924 = AXIS2_PLACEMENT_2D('',#3925,#3926);
#3925 = CARTESIAN_POINT('',(25.4,406.4));
#3926 = DIRECTION('',(1.,0.));
#3927 = ( GEOMETRIC_REPRESENTATION_CONTEXT(2) 
PARAMETRIC_REPRESENTATION_CONTEXT() REPRESENTATION_CONTEXT('2D SPACE',''
  ) );
#3928 = PCURVE('',#3929,#3934);
#3929 = CYLINDRICAL_SURFACE('',#3930,2.54);
#3930 = AXIS2_PLACEMENT_3D('',#3931,#3932,#3933);
#3931 = CARTESIAN_POINT('',(101.6,-332.74,228.6));
#3932 = DIRECTION('',(0.,1.,0.));
#3933 = DIRECTION('',(0.,-0.,1.));
#3934 = DEFINITIONAL_REPRESENTATION('',(#3935),#3939);
#3935 = LINE('',#3936,#3937);
#3936 = CARTESIAN_POINT('',(0.,2.54));
#3937 = VECTOR('',#3938,1.);
#3938 = DIRECTION('',(1.,0.));
#3939 = ( GEOMETRIC_REPRESENTATION_CONTEXT(2) 
PARAMETRIC_REPRESENTATION_CONTEXT() REPRESENTATION_CONTEXT('2D SPACE',''
  ) );
#3940 = FACE_BOUND('',#3941,.F.);
#3941 = EDGE_LOOP('',(#3942));
#3942 = ORIENTED_EDGE('',*,*,#3943,.F.);
#3943 = EDGE_CURVE('',#3944,#3944,#3946,.T.);
#3944 = VERTEX_POINT('',#3945);
#3945 = CARTESIAN_POINT('',(38.1,-330.2,243.84));
#3946 = SURFACE_CURVE('',#3947,(#3952,#3959),.PCURVE_S1.);
#3947 = CIRCLE('',#3948,2.54);
#3948 = AXIS2_PLACEMENT_3D('',#3949,#3950,#3951);
#3949 = CARTESIAN_POINT('',(38.1,-330.2,241.3));
#3950 = DIRECTION('',(0.,1.,0.));
#3951 = DIRECTION('',(0.,-0.,1.));
#3952 = PCURVE('',#94,#3953);
#3953 = DEFINITIONAL_REPRESENTATION('',(#3954),#3958);
#3954 = CIRCLE('',#3955,2.54);
#3955 = AXIS2_PLACEMENT_2D('',#3956,#3957);
#3956 = CARTESIAN_POINT('',(38.1,342.9));
#3957 = DIRECTION('',(1.,0.));
#3958 = ( GEOMETRIC_REPRESENTATION_CONTEXT(2) 
PARAMETRIC_REPRESENTATION_CONTEXT() REPRESENTATION_CONTEXT('2D SPACE',''
  ) );
#3959 = PCURVE('',#3960,#3965);
#3960 = CYLINDRICAL_SURFACE('',#3961,2.54);
#3961 = AXIS2_PLACEMENT_3D('',#3962,#3963,#3964);
#3962 = CARTESIAN_POINT('',(38.1,-332.74,241.3));
#3963 = DIRECTION('',(0.,1.,0.));
#3964 = DIRECTION('',(0.,-0.,1.));
#3965 = DEFINITIONAL_REPRESENTATION('',(#3966),#3970);
#3966 = LINE('',#3967,#3968);
#3967 = CARTESIAN_POINT('',(0.,2.54));
#3968 = VECTOR('',#3969,1.);
#3969 = DIRECTION('',(1.,0.));
#3970 = ( GEOMETRIC_REPRESENTATION_CONTEXT(2) 
PARAMETRIC_REPRESENTATION_CONTEXT() REPRESENTATION_CONTEXT('2D SPACE',''
  ) );
#3971 = FACE_BOUND('',#3972,.F.);
#3972 = EDGE_LOOP('',(#3973));
#3973 = ORIENTED_EDGE('',*,*,#3974,.F.);
#3974 = EDGE_CURVE('',#3975,#3975,#3977,.T.);
#3975 = VERTEX_POINT('',#3976);
#3976 = CARTESIAN_POINT('',(50.8,-330.2,243.84));
#3977 = SURFACE_CURVE('',#3978,(#3983,#3990),.PCURVE_S1.);
#3978 = CIRCLE('',#3979,2.54);
#3979 = AXIS2_PLACEMENT_3D('',#3980,#3981,#3982);
#3980 = CARTESIAN_POINT('',(50.8,-330.2,241.3));
#3981 = DIRECTION('',(0.,1.,0.));
#3982 = DIRECTION('',(0.,-0.,1.));
#3983 = PCURVE('',#94,#3984);
#3984 = DEFINITIONAL_REPRESENTATION('',(#3985),#3989);
#3985 = CIRCLE('',#3986,2.54);
#3986 = AXIS2_PLACEMENT_2D('',#3987,#3988);
#3987 = CARTESIAN_POINT('',(38.1,355.6));
#3988 = DIRECTION('',(1.,0.));
#3989 = ( GEOMETRIC_REPRESENTATION_CONTEXT(2) 
PARAMETRIC_REPRESENTATION_CONTEXT() REPRESENTATION_CONTEXT('2D SPACE',''
  ) );
#3990 = PCURVE('',#3991,#3996);
#3991 = CYLINDRICAL_SURFACE('',#3992,2.54);
#3992 = AXIS2_PLACEMENT_3D('',#3993,#3994,#3995);
#3993 = CARTESIAN_POINT('',(50.8,-332.74,241.3));
#3994 = DIRECTION('',(0.,1.,0.));
#3995 = DIRECTION('',(0.,-0.,1.));
#3996 = DEFINITIONAL_REPRESENTATION('',(#3997),#4001);
#3997 = LINE('',#3998,#3999);
#3998 = CARTESIAN_POINT('',(0.,2.54));
#3999 = VECTOR('',#4000,1.);
#4000 = DIRECTION('',(1.,0.));
#4001 = ( GEOMETRIC_REPRESENTATION_CONTEXT(2) 
PARAMETRIC_REPRESENTATION_CONTEXT() REPRESENTATION_CONTEXT('2D SPACE',''
  ) );
#4002 = FACE_BOUND('',#4003,.F.);
#4003 = EDGE_LOOP('',(#4004));
#4004 = ORIENTED_EDGE('',*,*,#4005,.F.);
#4005 = EDGE_CURVE('',#4006,#4006,#4008,.T.);
#4006 = VERTEX_POINT('',#4007);
#4007 = CARTESIAN_POINT('',(63.5,-330.2,243.84));
#4008 = SURFACE_CURVE('',#4009,(#4014,#4021),.PCURVE_S1.);
#4009 = CIRCLE('',#4010,2.54);
#4010 = AXIS2_PLACEMENT_3D('',#4011,#4012,#4013);
#4011 = CARTESIAN_POINT('',(63.5,-330.2,241.3));
#4012 = DIRECTION('',(0.,1.,0.));
#4013 = DIRECTION('',(0.,-0.,1.));
#4014 = PCURVE('',#94,#4015);
#4015 = DEFINITIONAL_REPRESENTATION('',(#4016),#4020);
#4016 = CIRCLE('',#4017,2.54);
#4017 = AXIS2_PLACEMENT_2D('',#4018,#4019);
#4018 = CARTESIAN_POINT('',(38.1,368.3));
#4019 = DIRECTION('',(1.,0.));
#4020 = ( GEOMETRIC_REPRESENTATION_CONTEXT(2) 
PARAMETRIC_REPRESENTATION_CONTEXT() REPRESENTATION_CONTEXT('2D SPACE',''
  ) );
#4021 = PCURVE('',#4022,#4027);
#4022 = CYLINDRICAL_SURFACE('',#4023,2.54);
#4023 = AXIS2_PLACEMENT_3D('',#4024,#4025,#4026);
#4024 = CARTESIAN_POINT('',(63.5,-332.74,241.3));
#4025 = DIRECTION('',(0.,1.,0.));
#4026 = DIRECTION('',(0.,-0.,1.));
#4027 = DEFINITIONAL_REPRESENTATION('',(#4028),#4032);
#4028 = LINE('',#4029,#4030);
#4029 = CARTESIAN_POINT('',(0.,2.54));
#4030 = VECTOR('',#4031,1.);
#4031 = DIRECTION('',(1.,0.));
#4032 = ( GEOMETRIC_REPRESENTATION_CONTEXT(2) 
PARAMETRIC_REPRESENTATION_CONTEXT() REPRESENTATION_CONTEXT('2D SPACE',''
  ) );
#4033 = FACE_BOUND('',#4034,.F.);
#4034 = EDGE_LOOP('',(#4035));
#4035 = ORIENTED_EDGE('',*,*,#4036,.F.);
#4036 = EDGE_CURVE('',#4037,#4037,#4039,.T.);
#4037 = VERTEX_POINT('',#4038);
#4038 = CARTESIAN_POINT('',(38.1,-330.2,256.54));
#4039 = SURFACE_CURVE('',#4040,(#4045,#4052),.PCURVE_S1.);
#4040 = CIRCLE('',#4041,2.54);
#4041 = AXIS2_PLACEMENT_3D('',#4042,#4043,#4044);
#4042 = CARTESIAN_POINT('',(38.1,-330.2,254.));
#4043 = DIRECTION('',(0.,1.,0.));
#4044 = DIRECTION('',(0.,-0.,1.));
#4045 = PCURVE('',#94,#4046);
#4046 = DEFINITIONAL_REPRESENTATION('',(#4047),#4051);
#4047 = CIRCLE('',#4048,2.54);
#4048 = AXIS2_PLACEMENT_2D('',#4049,#4050);
#4049 = CARTESIAN_POINT('',(50.8,342.9));
#4050 = DIRECTION('',(1.,0.));
#4051 = ( GEOMETRIC_REPRESENTATION_CONTEXT(2) 
PARAMETRIC_REPRESENTATION_CONTEXT() REPRESENTATION_CONTEXT('2D SPACE',''
  ) );
#4052 = PCURVE('',#4053,#4058);
#4053 = CYLINDRICAL_SURFACE('',#4054,2.54);
#4054 = AXIS2_PLACEMENT_3D('',#4055,#4056,#4057);
#4055 = CARTESIAN_POINT('',(38.1,-332.74,254.));
#4056 = DIRECTION('',(0.,1.,0.));
#4057 = DIRECTION('',(0.,-0.,1.));
#4058 = DEFINITIONAL_REPRESENTATION('',(#4059),#4063);
#4059 = LINE('',#4060,#4061);
#4060 = CARTESIAN_POINT('',(0.,2.54));
#4061 = VECTOR('',#4062,1.);
#4062 = DIRECTION('',(1.,0.));
#4063 = ( GEOMETRIC_REPRESENTATION_CONTEXT(2) 
PARAMETRIC_REPRESENTATION_CONTEXT() REPRESENTATION_CONTEXT('2D SPACE',''
  ) );
#4064 = FACE_BOUND('',#4065,.F.);
#4065 = EDGE_LOOP('',(#4066));
#4066 = ORIENTED_EDGE('',*,*,#4067,.F.);
#4067 = EDGE_CURVE('',#4068,#4068,#4070,.T.);
#4068 = VERTEX_POINT('',#4069);
#4069 = CARTESIAN_POINT('',(50.8,-330.2,256.54));
#4070 = SURFACE_CURVE('',#4071,(#4076,#4083),.PCURVE_S1.);
#4071 = CIRCLE('',#4072,2.54);
#4072 = AXIS2_PLACEMENT_3D('',#4073,#4074,#4075);
#4073 = CARTESIAN_POINT('',(50.8,-330.2,254.));
#4074 = DIRECTION('',(0.,1.,0.));
#4075 = DIRECTION('',(0.,-0.,1.));
#4076 = PCURVE('',#94,#4077);
#4077 = DEFINITIONAL_REPRESENTATION('',(#4078),#4082);
#4078 = CIRCLE('',#4079,2.54);
#4079 = AXIS2_PLACEMENT_2D('',#4080,#4081);
#4080 = CARTESIAN_POINT('',(50.8,355.6));
#4081 = DIRECTION('',(1.,0.));
#4082 = ( GEOMETRIC_REPRESENTATION_CONTEXT(2) 
PARAMETRIC_REPRESENTATION_CONTEXT() REPRESENTATION_CONTEXT('2D SPACE',''
  ) );
#4083 = PCURVE('',#4084,#4089);
#4084 = CYLINDRICAL_SURFACE('',#4085,2.54);
#4085 = AXIS2_PLACEMENT_3D('',#4086,#4087,#4088);
#4086 = CARTESIAN_POINT('',(50.8,-332.74,254.));
#4087 = DIRECTION('',(0.,1.,0.));
#4088 = DIRECTION('',(0.,-0.,1.));
#4089 = DEFINITIONAL_REPRESENTATION('',(#4090),#4094);
#4090 = LINE('',#4091,#4092);
#4091 = CARTESIAN_POINT('',(0.,2.54));
#4092 = VECTOR('',#4093,1.);
#4093 = DIRECTION('',(1.,0.));
#4094 = ( GEOMETRIC_REPRESENTATION_CONTEXT(2) 
PARAMETRIC_REPRESENTATION_CONTEXT() REPRESENTATION_CONTEXT('2D SPACE',''
  ) );
#4095 = FACE_BOUND('',#4096,.F.);
#4096 = EDGE_LOOP('',(#4097));
#4097 = ORIENTED_EDGE('',*,*,#4098,.F.);
#4098 = EDGE_CURVE('',#4099,#4099,#4101,.T.);
#4099 = VERTEX_POINT('',#4100);
#4100 = CARTESIAN_POINT('',(63.5,-330.2,256.54));
#4101 = SURFACE_CURVE('',#4102,(#4107,#4114),.PCURVE_S1.);
#4102 = CIRCLE('',#4103,2.54);
#4103 = AXIS2_PLACEMENT_3D('',#4104,#4105,#4106);
#4104 = CARTESIAN_POINT('',(63.5,-330.2,254.));
#4105 = DIRECTION('',(0.,1.,0.));
#4106 = DIRECTION('',(0.,-0.,1.));
#4107 = PCURVE('',#94,#4108);
#4108 = DEFINITIONAL_REPRESENTATION('',(#4109),#4113);
#4109 = CIRCLE('',#4110,2.54);
#4110 = AXIS2_PLACEMENT_2D('',#4111,#4112);
#4111 = CARTESIAN_POINT('',(50.8,368.3));
#4112 = DIRECTION('',(1.,0.));
#4113 = ( GEOMETRIC_REPRESENTATION_CONTEXT(2) 
PARAMETRIC_REPRESENTATION_CONTEXT() REPRESENTATION_CONTEXT('2D SPACE',''
  ) );
#4114 = PCURVE('',#4115,#4120);
#4115 = CYLINDRICAL_SURFACE('',#4116,2.54);
#4116 = AXIS2_PLACEMENT_3D('',#4117,#4118,#4119);
#4117 = CARTESIAN_POINT('',(63.5,-332.74,254.));
#4118 = DIRECTION('',(0.,1.,0.));
#4119 = DIRECTION('',(0.,-0.,1.));
#4120 = DEFINITIONAL_REPRESENTATION('',(#4121),#4125);
#4121 = LINE('',#4122,#4123);
#4122 = CARTESIAN_POINT('',(0.,2.54));
#4123 = VECTOR('',#4124,1.);
#4124 = DIRECTION('',(1.,0.));
#4125 = ( GEOMETRIC_REPRESENTATION_CONTEXT(2) 
PARAMETRIC_REPRESENTATION_CONTEXT() REPRESENTATION_CONTEXT('2D SPACE',''
  ) );
#4126 = FACE_BOUND('',#4127,.F.);
#4127 = EDGE_LOOP('',(#4128));
#4128 = ORIENTED_EDGE('',*,*,#4129,.F.);
#4129 = EDGE_CURVE('',#4130,#4130,#4132,.T.);
#4130 = VERTEX_POINT('',#4131);
#4131 = CARTESIAN_POINT('',(76.2,-330.2,243.84));
#4132 = SURFACE_CURVE('',#4133,(#4138,#4145),.PCURVE_S1.);
#4133 = CIRCLE('',#4134,2.54);
#4134 = AXIS2_PLACEMENT_3D('',#4135,#4136,#4137);
#4135 = CARTESIAN_POINT('',(76.2,-330.2,241.3));
#4136 = DIRECTION('',(0.,1.,0.));
#4137 = DIRECTION('',(0.,-0.,1.));
#4138 = PCURVE('',#94,#4139);
#4139 = DEFINITIONAL_REPRESENTATION('',(#4140),#4144);
#4140 = CIRCLE('',#4141,2.54);
#4141 = AXIS2_PLACEMENT_2D('',#4142,#4143);
#4142 = CARTESIAN_POINT('',(38.1,381.));
#4143 = DIRECTION('',(1.,0.));
#4144 = ( GEOMETRIC_REPRESENTATION_CONTEXT(2) 
PARAMETRIC_REPRESENTATION_CONTEXT() REPRESENTATION_CONTEXT('2D SPACE',''
  ) );
#4145 = PCURVE('',#4146,#4151);
#4146 = CYLINDRICAL_SURFACE('',#4147,2.54);
#4147 = AXIS2_PLACEMENT_3D('',#4148,#4149,#4150);
#4148 = CARTESIAN_POINT('',(76.2,-332.74,241.3));
#4149 = DIRECTION('',(0.,1.,0.));
#4150 = DIRECTION('',(0.,-0.,1.));
#4151 = DEFINITIONAL_REPRESENTATION('',(#4152),#4156);
#4152 = LINE('',#4153,#4154);
#4153 = CARTESIAN_POINT('',(0.,2.54));
#4154 = VECTOR('',#4155,1.);
#4155 = DIRECTION('',(1.,0.));
#4156 = ( GEOMETRIC_REPRESENTATION_CONTEXT(2) 
PARAMETRIC_REPRESENTATION_CONTEXT() REPRESENTATION_CONTEXT('2D SPACE',''
  ) );
#4157 = FACE_BOUND('',#4158,.F.);
#4158 = EDGE_LOOP('',(#4159));
#4159 = ORIENTED_EDGE('',*,*,#4160,.F.);
#4160 = EDGE_CURVE('',#4161,#4161,#4163,.T.);
#4161 = VERTEX_POINT('',#4162);
#4162 = CARTESIAN_POINT('',(88.9,-330.2,243.84));
#4163 = SURFACE_CURVE('',#4164,(#4169,#4176),.PCURVE_S1.);
#4164 = CIRCLE('',#4165,2.54);
#4165 = AXIS2_PLACEMENT_3D('',#4166,#4167,#4168);
#4166 = CARTESIAN_POINT('',(88.9,-330.2,241.3));
#4167 = DIRECTION('',(0.,1.,0.));
#4168 = DIRECTION('',(0.,-0.,1.));
#4169 = PCURVE('',#94,#4170);
#4170 = DEFINITIONAL_REPRESENTATION('',(#4171),#4175);
#4171 = CIRCLE('',#4172,2.54);
#4172 = AXIS2_PLACEMENT_2D('',#4173,#4174);
#4173 = CARTESIAN_POINT('',(38.1,393.7));
#4174 = DIRECTION('',(1.,0.));
#4175 = ( GEOMETRIC_REPRESENTATION_CONTEXT(2) 
PARAMETRIC_REPRESENTATION_CONTEXT() REPRESENTATION_CONTEXT('2D SPACE',''
  ) );
#4176 = PCURVE('',#4177,#4182);
#4177 = CYLINDRICAL_SURFACE('',#4178,2.54);
#4178 = AXIS2_PLACEMENT_3D('',#4179,#4180,#4181);
#4179 = CARTESIAN_POINT('',(88.9,-332.74,241.3));
#4180 = DIRECTION('',(0.,1.,0.));
#4181 = DIRECTION('',(0.,-0.,1.));
#4182 = DEFINITIONAL_REPRESENTATION('',(#4183),#4187);
#4183 = LINE('',#4184,#4185);
#4184 = CARTESIAN_POINT('',(0.,2.54));
#4185 = VECTOR('',#4186,1.);
#4186 = DIRECTION('',(1.,0.));
#4187 = ( GEOMETRIC_REPRESENTATION_CONTEXT(2) 
PARAMETRIC_REPRESENTATION_CONTEXT() REPRESENTATION_CONTEXT('2D SPACE',''
  ) );
#4188 = FACE_BOUND('',#4189,.F.);
#4189 = EDGE_LOOP('',(#4190));
#4190 = ORIENTED_EDGE('',*,*,#4191,.F.);
#4191 = EDGE_CURVE('',#4192,#4192,#4194,.T.);
#4192 = VERTEX_POINT('',#4193);
#4193 = CARTESIAN_POINT('',(76.2,-330.2,256.54));
#4194 = SURFACE_CURVE('',#4195,(#4200,#4207),.PCURVE_S1.);
#4195 = CIRCLE('',#4196,2.54);
#4196 = AXIS2_PLACEMENT_3D('',#4197,#4198,#4199);
#4197 = CARTESIAN_POINT('',(76.2,-330.2,254.));
#4198 = DIRECTION('',(0.,1.,0.));
#4199 = DIRECTION('',(0.,-0.,1.));
#4200 = PCURVE('',#94,#4201);
#4201 = DEFINITIONAL_REPRESENTATION('',(#4202),#4206);
#4202 = CIRCLE('',#4203,2.54);
#4203 = AXIS2_PLACEMENT_2D('',#4204,#4205);
#4204 = CARTESIAN_POINT('',(50.8,381.));
#4205 = DIRECTION('',(1.,0.));
#4206 = ( GEOMETRIC_REPRESENTATION_CONTEXT(2) 
PARAMETRIC_REPRESENTATION_CONTEXT() REPRESENTATION_CONTEXT('2D SPACE',''
  ) );
#4207 = PCURVE('',#4208,#4213);
#4208 = CYLINDRICAL_SURFACE('',#4209,2.54);
#4209 = AXIS2_PLACEMENT_3D('',#4210,#4211,#4212);
#4210 = CARTESIAN_POINT('',(76.2,-332.74,254.));
#4211 = DIRECTION('',(0.,1.,0.));
#4212 = DIRECTION('',(0.,-0.,1.));
#4213 = DEFINITIONAL_REPRESENTATION('',(#4214),#4218);
#4214 = LINE('',#4215,#4216);
#4215 = CARTESIAN_POINT('',(0.,2.54));
#4216 = VECTOR('',#4217,1.);
#4217 = DIRECTION('',(1.,0.));
#4218 = ( GEOMETRIC_REPRESENTATION_CONTEXT(2) 
PARAMETRIC_REPRESENTATION_CONTEXT() REPRESENTATION_CONTEXT('2D SPACE',''
  ) );
#4219 = FACE_BOUND('',#4220,.F.);
#4220 = EDGE_LOOP('',(#4221));
#4221 = ORIENTED_EDGE('',*,*,#4222,.F.);
#4222 = EDGE_CURVE('',#4223,#4223,#4225,.T.);
#4223 = VERTEX_POINT('',#4224);
#4224 = CARTESIAN_POINT('',(88.9,-330.2,256.54));
#4225 = SURFACE_CURVE('',#4226,(#4231,#4238),.PCURVE_S1.);
#4226 = CIRCLE('',#4227,2.54);
#4227 = AXIS2_PLACEMENT_3D('',#4228,#4229,#4230);
#4228 = CARTESIAN_POINT('',(88.9,-330.2,254.));
#4229 = DIRECTION('',(0.,1.,0.));
#4230 = DIRECTION('',(0.,-0.,1.));
#4231 = PCURVE('',#94,#4232);
#4232 = DEFINITIONAL_REPRESENTATION('',(#4233),#4237);
#4233 = CIRCLE('',#4234,2.54);
#4234 = AXIS2_PLACEMENT_2D('',#4235,#4236);
#4235 = CARTESIAN_POINT('',(50.8,393.7));
#4236 = DIRECTION('',(1.,0.));
#4237 = ( GEOMETRIC_REPRESENTATION_CONTEXT(2) 
PARAMETRIC_REPRESENTATION_CONTEXT() REPRESENTATION_CONTEXT('2D SPACE',''
  ) );
#4238 = PCURVE('',#4239,#4244);
#4239 = CYLINDRICAL_SURFACE('',#4240,2.54);
#4240 = AXIS2_PLACEMENT_3D('',#4241,#4242,#4243);
#4241 = CARTESIAN_POINT('',(88.9,-332.74,254.));
#4242 = DIRECTION('',(0.,1.,0.));
#4243 = DIRECTION('',(0.,-0.,1.));
#4244 = DEFINITIONAL_REPRESENTATION('',(#4245),#4249);
#4245 = LINE('',#4246,#4247);
#4246 = CARTESIAN_POINT('',(0.,2.54));
#4247 = VECTOR('',#4248,1.);
#4248 = DIRECTION('',(1.,0.));
#4249 = ( GEOMETRIC_REPRESENTATION_CONTEXT(2) 
PARAMETRIC_REPRESENTATION_CONTEXT() REPRESENTATION_CONTEXT('2D SPACE',''
  ) );
#4250 = FACE_BOUND('',#4251,.F.);
#4251 = EDGE_LOOP('',(#4252));
#4252 = ORIENTED_EDGE('',*,*,#4253,.F.);
#4253 = EDGE_CURVE('',#4254,#4254,#4256,.T.);
#4254 = VERTEX_POINT('',#4255);
#4255 = CARTESIAN_POINT('',(38.1,-330.2,269.24));
#4256 = SURFACE_CURVE('',#4257,(#4262,#4269),.PCURVE_S1.);
#4257 = CIRCLE('',#4258,2.54);
#4258 = AXIS2_PLACEMENT_3D('',#4259,#4260,#4261);
#4259 = CARTESIAN_POINT('',(38.1,-330.2,266.7));
#4260 = DIRECTION('',(0.,1.,0.));
#4261 = DIRECTION('',(0.,-0.,1.));
#4262 = PCURVE('',#94,#4263);
#4263 = DEFINITIONAL_REPRESENTATION('',(#4264),#4268);
#4264 = CIRCLE('',#4265,2.54);
#4265 = AXIS2_PLACEMENT_2D('',#4266,#4267);
#4266 = CARTESIAN_POINT('',(63.5,342.9));
#4267 = DIRECTION('',(1.,0.));
#4268 = ( GEOMETRIC_REPRESENTATION_CONTEXT(2) 
PARAMETRIC_REPRESENTATION_CONTEXT() REPRESENTATION_CONTEXT('2D SPACE',''
  ) );
#4269 = PCURVE('',#4270,#4275);
#4270 = CYLINDRICAL_SURFACE('',#4271,2.54);
#4271 = AXIS2_PLACEMENT_3D('',#4272,#4273,#4274);
#4272 = CARTESIAN_POINT('',(38.1,-332.74,266.7));
#4273 = DIRECTION('',(0.,1.,0.));
#4274 = DIRECTION('',(0.,-0.,1.));
#4275 = DEFINITIONAL_REPRESENTATION('',(#4276),#4280);
#4276 = LINE('',#4277,#4278);
#4277 = CARTESIAN_POINT('',(0.,2.54));
#4278 = VECTOR('',#4279,1.);
#4279 = DIRECTION('',(1.,0.));
#4280 = ( GEOMETRIC_REPRESENTATION_CONTEXT(2) 
PARAMETRIC_REPRESENTATION_CONTEXT() REPRESENTATION_CONTEXT('2D SPACE',''
  ) );
#4281 = FACE_BOUND('',#4282,.F.);
#4282 = EDGE_LOOP('',(#4283));
#4283 = ORIENTED_EDGE('',*,*,#4284,.F.);
#4284 = EDGE_CURVE('',#4285,#4285,#4287,.T.);
#4285 = VERTEX_POINT('',#4286);
#4286 = CARTESIAN_POINT('',(50.8,-330.2,269.24));
#4287 = SURFACE_CURVE('',#4288,(#4293,#4300),.PCURVE_S1.);
#4288 = CIRCLE('',#4289,2.54);
#4289 = AXIS2_PLACEMENT_3D('',#4290,#4291,#4292);
#4290 = CARTESIAN_POINT('',(50.8,-330.2,266.7));
#4291 = DIRECTION('',(0.,1.,0.));
#4292 = DIRECTION('',(0.,-0.,1.));
#4293 = PCURVE('',#94,#4294);
#4294 = DEFINITIONAL_REPRESENTATION('',(#4295),#4299);
#4295 = CIRCLE('',#4296,2.54);
#4296 = AXIS2_PLACEMENT_2D('',#4297,#4298);
#4297 = CARTESIAN_POINT('',(63.5,355.6));
#4298 = DIRECTION('',(1.,0.));
#4299 = ( GEOMETRIC_REPRESENTATION_CONTEXT(2) 
PARAMETRIC_REPRESENTATION_CONTEXT() REPRESENTATION_CONTEXT('2D SPACE',''
  ) );
#4300 = PCURVE('',#4301,#4306);
#4301 = CYLINDRICAL_SURFACE('',#4302,2.54);
#4302 = AXIS2_PLACEMENT_3D('',#4303,#4304,#4305);
#4303 = CARTESIAN_POINT('',(50.8,-332.74,266.7));
#4304 = DIRECTION('',(0.,1.,0.));
#4305 = DIRECTION('',(0.,-0.,1.));
#4306 = DEFINITIONAL_REPRESENTATION('',(#4307),#4311);
#4307 = LINE('',#4308,#4309);
#4308 = CARTESIAN_POINT('',(0.,2.54));
#4309 = VECTOR('',#4310,1.);
#4310 = DIRECTION('',(1.,0.));
#4311 = ( GEOMETRIC_REPRESENTATION_CONTEXT(2) 
PARAMETRIC_REPRESENTATION_CONTEXT() REPRESENTATION_CONTEXT('2D SPACE',''
  ) );
#4312 = FACE_BOUND('',#4313,.F.);
#4313 = EDGE_LOOP('',(#4314));
#4314 = ORIENTED_EDGE('',*,*,#4315,.F.);
#4315 = EDGE_CURVE('',#4316,#4316,#4318,.T.);
#4316 = VERTEX_POINT('',#4317);
#4317 = CARTESIAN_POINT('',(63.5,-330.2,269.24));
#4318 = SURFACE_CURVE('',#4319,(#4324,#4331),.PCURVE_S1.);
#4319 = CIRCLE('',#4320,2.54);
#4320 = AXIS2_PLACEMENT_3D('',#4321,#4322,#4323);
#4321 = CARTESIAN_POINT('',(63.5,-330.2,266.7));
#4322 = DIRECTION('',(0.,1.,0.));
#4323 = DIRECTION('',(0.,-0.,1.));
#4324 = PCURVE('',#94,#4325);
#4325 = DEFINITIONAL_REPRESENTATION('',(#4326),#4330);
#4326 = CIRCLE('',#4327,2.54);
#4327 = AXIS2_PLACEMENT_2D('',#4328,#4329);
#4328 = CARTESIAN_POINT('',(63.5,368.3));
#4329 = DIRECTION('',(1.,0.));
#4330 = ( GEOMETRIC_REPRESENTATION_CONTEXT(2) 
PARAMETRIC_REPRESENTATION_CONTEXT() REPRESENTATION_CONTEXT('2D SPACE',''
  ) );
#4331 = PCURVE('',#4332,#4337);
#4332 = CYLINDRICAL_SURFACE('',#4333,2.54);
#4333 = AXIS2_PLACEMENT_3D('',#4334,#4335,#4336);
#4334 = CARTESIAN_POINT('',(63.5,-332.74,266.7));
#4335 = DIRECTION('',(0.,1.,0.));
#4336 = DIRECTION('',(0.,-0.,1.));
#4337 = DEFINITIONAL_REPRESENTATION('',(#4338),#4342);
#4338 = LINE('',#4339,#4340);
#4339 = CARTESIAN_POINT('',(0.,2.54));
#4340 = VECTOR('',#4341,1.);
#4341 = DIRECTION('',(1.,0.));
#4342 = ( GEOMETRIC_REPRESENTATION_CONTEXT(2) 
PARAMETRIC_REPRESENTATION_CONTEXT() REPRESENTATION_CONTEXT('2D SPACE',''
  ) );
#4343 = FACE_BOUND('',#4344,.F.);
#4344 = EDGE_LOOP('',(#4345));
#4345 = ORIENTED_EDGE('',*,*,#4346,.F.);
#4346 = EDGE_CURVE('',#4347,#4347,#4349,.T.);
#4347 = VERTEX_POINT('',#4348);
#4348 = CARTESIAN_POINT('',(76.2,-330.2,269.24));
#4349 = SURFACE_CURVE('',#4350,(#4355,#4362),.PCURVE_S1.);
#4350 = CIRCLE('',#4351,2.54);
#4351 = AXIS2_PLACEMENT_3D('',#4352,#4353,#4354);
#4352 = CARTESIAN_POINT('',(76.2,-330.2,266.7));
#4353 = DIRECTION('',(0.,1.,0.));
#4354 = DIRECTION('',(0.,-0.,1.));
#4355 = PCURVE('',#94,#4356);
#4356 = DEFINITIONAL_REPRESENTATION('',(#4357),#4361);
#4357 = CIRCLE('',#4358,2.54);
#4358 = AXIS2_PLACEMENT_2D('',#4359,#4360);
#4359 = CARTESIAN_POINT('',(63.5,381.));
#4360 = DIRECTION('',(1.,0.));
#4361 = ( GEOMETRIC_REPRESENTATION_CONTEXT(2) 
PARAMETRIC_REPRESENTATION_CONTEXT() REPRESENTATION_CONTEXT('2D SPACE',''
  ) );
#4362 = PCURVE('',#4363,#4368);
#4363 = CYLINDRICAL_SURFACE('',#4364,2.54);
#4364 = AXIS2_PLACEMENT_3D('',#4365,#4366,#4367);
#4365 = CARTESIAN_POINT('',(76.2,-332.74,266.7));
#4366 = DIRECTION('',(0.,1.,0.));
#4367 = DIRECTION('',(0.,-0.,1.));
#4368 = DEFINITIONAL_REPRESENTATION('',(#4369),#4373);
#4369 = LINE('',#4370,#4371);
#4370 = CARTESIAN_POINT('',(0.,2.54));
#4371 = VECTOR('',#4372,1.);
#4372 = DIRECTION('',(1.,0.));
#4373 = ( GEOMETRIC_REPRESENTATION_CONTEXT(2) 
PARAMETRIC_REPRESENTATION_CONTEXT() REPRESENTATION_CONTEXT('2D SPACE',''
  ) );
#4374 = FACE_BOUND('',#4375,.F.);
#4375 = EDGE_LOOP('',(#4376));
#4376 = ORIENTED_EDGE('',*,*,#4377,.F.);
#4377 = EDGE_CURVE('',#4378,#4378,#4380,.T.);
#4378 = VERTEX_POINT('',#4379);
#4379 = CARTESIAN_POINT('',(88.9,-330.2,269.24));
#4380 = SURFACE_CURVE('',#4381,(#4386,#4393),.PCURVE_S1.);
#4381 = CIRCLE('',#4382,2.54);
#4382 = AXIS2_PLACEMENT_3D('',#4383,#4384,#4385);
#4383 = CARTESIAN_POINT('',(88.9,-330.2,266.7));
#4384 = DIRECTION('',(0.,1.,0.));
#4385 = DIRECTION('',(0.,-0.,1.));
#4386 = PCURVE('',#94,#4387);
#4387 = DEFINITIONAL_REPRESENTATION('',(#4388),#4392);
#4388 = CIRCLE('',#4389,2.54);
#4389 = AXIS2_PLACEMENT_2D('',#4390,#4391);
#4390 = CARTESIAN_POINT('',(63.5,393.7));
#4391 = DIRECTION('',(1.,0.));
#4392 = ( GEOMETRIC_REPRESENTATION_CONTEXT(2) 
PARAMETRIC_REPRESENTATION_CONTEXT() REPRESENTATION_CONTEXT('2D SPACE',''
  ) );
#4393 = PCURVE('',#4394,#4399);
#4394 = CYLINDRICAL_SURFACE('',#4395,2.54);
#4395 = AXIS2_PLACEMENT_3D('',#4396,#4397,#4398);
#4396 = CARTESIAN_POINT('',(88.9,-332.74,266.7));
#4397 = DIRECTION('',(0.,1.,0.));
#4398 = DIRECTION('',(0.,-0.,1.));
#4399 = DEFINITIONAL_REPRESENTATION('',(#4400),#4404);
#4400 = LINE('',#4401,#4402);
#4401 = CARTESIAN_POINT('',(0.,2.54));
#4402 = VECTOR('',#4403,1.);
#4403 = DIRECTION('',(1.,0.));
#4404 = ( GEOMETRIC_REPRESENTATION_CONTEXT(2) 
PARAMETRIC_REPRESENTATION_CONTEXT() REPRESENTATION_CONTEXT('2D SPACE',''
  ) );
#4405 = FACE_BOUND('',#4406,.F.);
#4406 = EDGE_LOOP('',(#4407));
#4407 = ORIENTED_EDGE('',*,*,#4408,.F.);
#4408 = EDGE_CURVE('',#4409,#4409,#4411,.T.);
#4409 = VERTEX_POINT('',#4410);
#4410 = CARTESIAN_POINT('',(101.6,-330.2,243.84));
#4411 = SURFACE_CURVE('',#4412,(#4417,#4424),.PCURVE_S1.);
#4412 = CIRCLE('',#4413,2.54);
#4413 = AXIS2_PLACEMENT_3D('',#4414,#4415,#4416);
#4414 = CARTESIAN_POINT('',(101.6,-330.2,241.3));
#4415 = DIRECTION('',(0.,1.,0.));
#4416 = DIRECTION('',(0.,-0.,1.));
#4417 = PCURVE('',#94,#4418);
#4418 = DEFINITIONAL_REPRESENTATION('',(#4419),#4423);
#4419 = CIRCLE('',#4420,2.54);
#4420 = AXIS2_PLACEMENT_2D('',#4421,#4422);
#4421 = CARTESIAN_POINT('',(38.1,406.4));
#4422 = DIRECTION('',(1.,0.));
#4423 = ( GEOMETRIC_REPRESENTATION_CONTEXT(2) 
PARAMETRIC_REPRESENTATION_CONTEXT() REPRESENTATION_CONTEXT('2D SPACE',''
  ) );
#4424 = PCURVE('',#4425,#4430);
#4425 = CYLINDRICAL_SURFACE('',#4426,2.54);
#4426 = AXIS2_PLACEMENT_3D('',#4427,#4428,#4429);
#4427 = CARTESIAN_POINT('',(101.6,-332.74,241.3));
#4428 = DIRECTION('',(0.,1.,0.));
#4429 = DIRECTION('',(0.,-0.,1.));
#4430 = DEFINITIONAL_REPRESENTATION('',(#4431),#4435);
#4431 = LINE('',#4432,#4433);
#4432 = CARTESIAN_POINT('',(0.,2.54));
#4433 = VECTOR('',#4434,1.);
#4434 = DIRECTION('',(1.,0.));
#4435 = ( GEOMETRIC_REPRESENTATION_CONTEXT(2) 
PARAMETRIC_REPRESENTATION_CONTEXT() REPRESENTATION_CONTEXT('2D SPACE',''
  ) );
#4436 = FACE_BOUND('',#4437,.F.);
#4437 = EDGE_LOOP('',(#4438));
#4438 = ORIENTED_EDGE('',*,*,#4439,.F.);
#4439 = EDGE_CURVE('',#4440,#4440,#4442,.T.);
#4440 = VERTEX_POINT('',#4441);
#4441 = CARTESIAN_POINT('',(101.6,-330.2,256.54));
#4442 = SURFACE_CURVE('',#4443,(#4448,#4455),.PCURVE_S1.);
#4443 = CIRCLE('',#4444,2.54);
#4444 = AXIS2_PLACEMENT_3D('',#4445,#4446,#4447);
#4445 = CARTESIAN_POINT('',(101.6,-330.2,254.));
#4446 = DIRECTION('',(0.,1.,0.));
#4447 = DIRECTION('',(0.,-0.,1.));
#4448 = PCURVE('',#94,#4449);
#4449 = DEFINITIONAL_REPRESENTATION('',(#4450),#4454);
#4450 = CIRCLE('',#4451,2.54);
#4451 = AXIS2_PLACEMENT_2D('',#4452,#4453);
#4452 = CARTESIAN_POINT('',(50.8,406.4));
#4453 = DIRECTION('',(1.,0.));
#4454 = ( GEOMETRIC_REPRESENTATION_CONTEXT(2) 
PARAMETRIC_REPRESENTATION_CONTEXT() REPRESENTATION_CONTEXT('2D SPACE',''
  ) );
#4455 = PCURVE('',#4456,#4461);
#4456 = CYLINDRICAL_SURFACE('',#4457,2.54);
#4457 = AXIS2_PLACEMENT_3D('',#4458,#4459,#4460);
#4458 = CARTESIAN_POINT('',(101.6,-332.74,254.));
#4459 = DIRECTION('',(0.,1.,0.));
#4460 = DIRECTION('',(0.,-0.,1.));
#4461 = DEFINITIONAL_REPRESENTATION('',(#4462),#4466);
#4462 = LINE('',#4463,#4464);
#4463 = CARTESIAN_POINT('',(0.,2.54));
#4464 = VECTOR('',#4465,1.);
#4465 = DIRECTION('',(1.,0.));
#4466 = ( GEOMETRIC_REPRESENTATION_CONTEXT(2) 
PARAMETRIC_REPRESENTATION_CONTEXT() REPRESENTATION_CONTEXT('2D SPACE',''
  ) );
#4467 = FACE_BOUND('',#4468,.F.);
#4468 = EDGE_LOOP('',(#4469));
#4469 = ORIENTED_EDGE('',*,*,#4470,.F.);
#4470 = EDGE_CURVE('',#4471,#4471,#4473,.T.);
#4471 = VERTEX_POINT('',#4472);
#4472 = CARTESIAN_POINT('',(101.6,-330.2,269.24));
#4473 = SURFACE_CURVE('',#4474,(#4479,#4486),.PCURVE_S1.);
#4474 = CIRCLE('',#4475,2.54);
#4475 = AXIS2_PLACEMENT_3D('',#4476,#4477,#4478);
#4476 = CARTESIAN_POINT('',(101.6,-330.2,266.7));
#4477 = DIRECTION('',(0.,1.,0.));
#4478 = DIRECTION('',(0.,-0.,1.));
#4479 = PCURVE('',#94,#4480);
#4480 = DEFINITIONAL_REPRESENTATION('',(#4481),#4485);
#4481 = CIRCLE('',#4482,2.54);
#4482 = AXIS2_PLACEMENT_2D('',#4483,#4484);
#4483 = CARTESIAN_POINT('',(63.5,406.4));
#4484 = DIRECTION('',(1.,0.));
#4485 = ( GEOMETRIC_REPRESENTATION_CONTEXT(2) 
PARAMETRIC_REPRESENTATION_CONTEXT() REPRESENTATION_CONTEXT('2D SPACE',''
  ) );
#4486 = PCURVE('',#4487,#4492);
#4487 = CYLINDRICAL_SURFACE('',#4488,2.54);
#4488 = AXIS2_PLACEMENT_3D('',#4489,#4490,#4491);
#4489 = CARTESIAN_POINT('',(101.6,-332.74,266.7));
#4490 = DIRECTION('',(0.,1.,0.));
#4491 = DIRECTION('',(0.,-0.,1.));
#4492 = DEFINITIONAL_REPRESENTATION('',(#4493),#4497);
#4493 = LINE('',#4494,#4495);
#4494 = CARTESIAN_POINT('',(0.,2.54));
#4495 = VECTOR('',#4496,1.);
#4496 = DIRECTION('',(1.,0.));
#4497 = ( GEOMETRIC_REPRESENTATION_CONTEXT(2) 
PARAMETRIC_REPRESENTATION_CONTEXT() REPRESENTATION_CONTEXT('2D SPACE',''
  ) );
#4498 = FACE_BOUND('',#4499,.F.);
#4499 = EDGE_LOOP('',(#4500));
#4500 = ORIENTED_EDGE('',*,*,#4501,.F.);
#4501 = EDGE_CURVE('',#4502,#4502,#4504,.T.);
#4502 = VERTEX_POINT('',#4503);
#4503 = CARTESIAN_POINT('',(167.64,-330.2,213.3727));
#4504 = SURFACE_CURVE('',#4505,(#4510,#4517),.PCURVE_S1.);
#4505 = CIRCLE('',#4506,2.5527);
#4506 = AXIS2_PLACEMENT_3D('',#4507,#4508,#4509);
#4507 = CARTESIAN_POINT('',(167.64,-330.2,210.82));
#4508 = DIRECTION('',(0.,1.,0.));
#4509 = DIRECTION('',(0.,-0.,1.));
#4510 = PCURVE('',#94,#4511);
#4511 = DEFINITIONAL_REPRESENTATION('',(#4512),#4516);
#4512 = CIRCLE('',#4513,2.5527);
#4513 = AXIS2_PLACEMENT_2D('',#4514,#4515);
#4514 = CARTESIAN_POINT('',(7.62,472.44));
#4515 = DIRECTION('',(1.,0.));
#4516 = ( GEOMETRIC_REPRESENTATION_CONTEXT(2) 
PARAMETRIC_REPRESENTATION_CONTEXT() REPRESENTATION_CONTEXT('2D SPACE',''
  ) );
#4517 = PCURVE('',#4518,#4523);
#4518 = CYLINDRICAL_SURFACE('',#4519,2.5527);
#4519 = AXIS2_PLACEMENT_3D('',#4520,#4521,#4522);
#4520 = CARTESIAN_POINT('',(167.64,-332.74,210.82));
#4521 = DIRECTION('',(0.,1.,0.));
#4522 = DIRECTION('',(0.,-0.,1.));
#4523 = DEFINITIONAL_REPRESENTATION('',(#4524),#4528);
#4524 = LINE('',#4525,#4526);
#4525 = CARTESIAN_POINT('',(0.,2.54));
#4526 = VECTOR('',#4527,1.);
#4527 = DIRECTION('',(1.,0.));
#4528 = ( GEOMETRIC_REPRESENTATION_CONTEXT(2) 
PARAMETRIC_REPRESENTATION_CONTEXT() REPRESENTATION_CONTEXT('2D SPACE',''
  ) );
#4529 = FACE_BOUND('',#4530,.F.);
#4530 = EDGE_LOOP('',(#4531,#4559,#4585,#4611,#4637,#4663,#4692,#4718,
    #4744,#4770));
#4531 = ORIENTED_EDGE('',*,*,#4532,.F.);
#4532 = EDGE_CURVE('',#4533,#4535,#4537,.T.);
#4533 = VERTEX_POINT('',#4534);
#4534 = CARTESIAN_POINT('',(228.6,-330.2,266.7));
#4535 = VERTEX_POINT('',#4536);
#4536 = CARTESIAN_POINT('',(299.72,-330.2,266.7));
#4537 = SURFACE_CURVE('',#4538,(#4542,#4548),.PCURVE_S1.);
#4538 = LINE('',#4539,#4540);
#4539 = CARTESIAN_POINT('',(-38.1,-330.2,266.7));
#4540 = VECTOR('',#4541,1.);
#4541 = DIRECTION('',(1.,0.,-0.));
#4542 = PCURVE('',#94,#4543);
#4543 = DEFINITIONAL_REPRESENTATION('',(#4544),#4547);
#4544 = B_SPLINE_CURVE_WITH_KNOTS('',1,(#4545,#4546),.UNSPECIFIED.,.F.,
  .F.,(2,2),(266.7,337.82),.PIECEWISE_BEZIER_KNOTS.);
#4545 = CARTESIAN_POINT('',(63.5,533.4));
#4546 = CARTESIAN_POINT('',(63.5,604.52));
#4547 = ( GEOMETRIC_REPRESENTATION_CONTEXT(2) 
PARAMETRIC_REPRESENTATION_CONTEXT() REPRESENTATION_CONTEXT('2D SPACE',''
  ) );
#4548 = PCURVE('',#4549,#4554);
#4549 = PLANE('',#4550);
#4550 = AXIS2_PLACEMENT_3D('',#4551,#4552,#4553);
#4551 = CARTESIAN_POINT('',(228.6,-332.74,266.7));
#4552 = DIRECTION('',(0.,0.,1.));
#4553 = DIRECTION('',(1.,0.,-0.));
#4554 = DEFINITIONAL_REPRESENTATION('',(#4555),#4558);
#4555 = B_SPLINE_CURVE_WITH_KNOTS('',1,(#4556,#4557),.UNSPECIFIED.,.F.,
  .F.,(2,2),(266.7,337.82),.PIECEWISE_BEZIER_KNOTS.);
#4556 = CARTESIAN_POINT('',(0.,2.54));
#4557 = CARTESIAN_POINT('',(71.12,2.54));
#4558 = ( GEOMETRIC_REPRESENTATION_CONTEXT(2) 
PARAMETRIC_REPRESENTATION_CONTEXT() REPRESENTATION_CONTEXT('2D SPACE',''
  ) );
#4559 = ORIENTED_EDGE('',*,*,#4560,.T.);
#4560 = EDGE_CURVE('',#4533,#4561,#4563,.T.);
#4561 = VERTEX_POINT('',#4562);
#4562 = CARTESIAN_POINT('',(228.6,-330.2,223.52));
#4563 = SURFACE_CURVE('',#4564,(#4568,#4574),.PCURVE_S1.);
#4564 = LINE('',#4565,#4566);
#4565 = CARTESIAN_POINT('',(228.6,-330.2,212.09));
#4566 = VECTOR('',#4567,1.);
#4567 = DIRECTION('',(-0.,0.,-1.));
#4568 = PCURVE('',#94,#4569);
#4569 = DEFINITIONAL_REPRESENTATION('',(#4570),#4573);
#4570 = B_SPLINE_CURVE_WITH_KNOTS('',1,(#4571,#4572),.UNSPECIFIED.,.F.,
  .F.,(2,2),(-54.61,-8.89),.PIECEWISE_BEZIER_KNOTS.);
#4571 = CARTESIAN_POINT('',(63.5,533.4));
#4572 = CARTESIAN_POINT('',(17.78,533.4));
#4573 = ( GEOMETRIC_REPRESENTATION_CONTEXT(2) 
PARAMETRIC_REPRESENTATION_CONTEXT() REPRESENTATION_CONTEXT('2D SPACE',''
  ) );
#4574 = PCURVE('',#4575,#4580);
#4575 = PLANE('',#4576);
#4576 = AXIS2_PLACEMENT_3D('',#4577,#4578,#4579);
#4577 = CARTESIAN_POINT('',(228.6,-332.74,220.98));
#4578 = DIRECTION('',(1.,0.,-0.));
#4579 = DIRECTION('',(0.,0.,1.));
#4580 = DEFINITIONAL_REPRESENTATION('',(#4581),#4584);
#4581 = B_SPLINE_CURVE_WITH_KNOTS('',1,(#4582,#4583),.UNSPECIFIED.,.F.,
  .F.,(2,2),(-54.61,-8.89),.PIECEWISE_BEZIER_KNOTS.);
#4582 = CARTESIAN_POINT('',(45.72,-2.54));
#4583 = CARTESIAN_POINT('',(0.,-2.54));
#4584 = ( GEOMETRIC_REPRESENTATION_CONTEXT(2) 
PARAMETRIC_REPRESENTATION_CONTEXT() REPRESENTATION_CONTEXT('2D SPACE',''
  ) );
#4585 = ORIENTED_EDGE('',*,*,#4586,.F.);
#4586 = EDGE_CURVE('',#4587,#4561,#4589,.T.);
#4587 = VERTEX_POINT('',#4588);
#4588 = CARTESIAN_POINT('',(177.8,-330.2,223.52));
#4589 = SURFACE_CURVE('',#4590,(#4594,#4600),.PCURVE_S1.);
#4590 = LINE('',#4591,#4592);
#4591 = CARTESIAN_POINT('',(-63.5,-330.2,223.52));
#4592 = VECTOR('',#4593,1.);
#4593 = DIRECTION('',(1.,0.,-0.));
#4594 = PCURVE('',#94,#4595);
#4595 = DEFINITIONAL_REPRESENTATION('',(#4596),#4599);
#4596 = B_SPLINE_CURVE_WITH_KNOTS('',1,(#4597,#4598),.UNSPECIFIED.,.F.,
  .F.,(2,2),(241.3,292.1),.PIECEWISE_BEZIER_KNOTS.);
#4597 = CARTESIAN_POINT('',(20.32,482.6));
#4598 = CARTESIAN_POINT('',(20.32,533.4));
#4599 = ( GEOMETRIC_REPRESENTATION_CONTEXT(2) 
PARAMETRIC_REPRESENTATION_CONTEXT() REPRESENTATION_CONTEXT('2D SPACE',''
  ) );
#4600 = PCURVE('',#4601,#4606);
#4601 = PLANE('',#4602);
#4602 = AXIS2_PLACEMENT_3D('',#4603,#4604,#4605);
#4603 = CARTESIAN_POINT('',(177.8,-332.74,223.52));
#4604 = DIRECTION('',(0.,0.,1.));
#4605 = DIRECTION('',(1.,0.,-0.));
#4606 = DEFINITIONAL_REPRESENTATION('',(#4607),#4610);
#4607 = B_SPLINE_CURVE_WITH_KNOTS('',1,(#4608,#4609),.UNSPECIFIED.,.F.,
  .F.,(2,2),(241.3,292.1),.PIECEWISE_BEZIER_KNOTS.);
#4608 = CARTESIAN_POINT('',(0.,2.54));
#4609 = CARTESIAN_POINT('',(50.8,2.54));
#4610 = ( GEOMETRIC_REPRESENTATION_CONTEXT(2) 
PARAMETRIC_REPRESENTATION_CONTEXT() REPRESENTATION_CONTEXT('2D SPACE',''
  ) );
#4611 = ORIENTED_EDGE('',*,*,#4612,.T.);
#4612 = EDGE_CURVE('',#4587,#4613,#4615,.T.);
#4613 = VERTEX_POINT('',#4614);
#4614 = CARTESIAN_POINT('',(177.8,-330.2,210.82));
#4615 = SURFACE_CURVE('',#4616,(#4620,#4626),.PCURVE_S1.);
#4616 = LINE('',#4617,#4618);
#4617 = CARTESIAN_POINT('',(177.8,-330.2,207.01));
#4618 = VECTOR('',#4619,1.);
#4619 = DIRECTION('',(-0.,0.,-1.));
#4620 = PCURVE('',#94,#4621);
#4621 = DEFINITIONAL_REPRESENTATION('',(#4622),#4625);
#4622 = B_SPLINE_CURVE_WITH_KNOTS('',1,(#4623,#4624),.UNSPECIFIED.,.F.,
  .F.,(2,2),(-16.51,-3.81),.PIECEWISE_BEZIER_KNOTS.);
#4623 = CARTESIAN_POINT('',(20.32,482.6));
#4624 = CARTESIAN_POINT('',(7.62,482.6));
#4625 = ( GEOMETRIC_REPRESENTATION_CONTEXT(2) 
PARAMETRIC_REPRESENTATION_CONTEXT() REPRESENTATION_CONTEXT('2D SPACE',''
  ) );
#4626 = PCURVE('',#4627,#4632);
#4627 = PLANE('',#4628);
#4628 = AXIS2_PLACEMENT_3D('',#4629,#4630,#4631);
#4629 = CARTESIAN_POINT('',(177.8,-332.74,210.82));
#4630 = DIRECTION('',(1.,0.,-0.));
#4631 = DIRECTION('',(0.,0.,1.));
#4632 = DEFINITIONAL_REPRESENTATION('',(#4633),#4636);
#4633 = B_SPLINE_CURVE_WITH_KNOTS('',1,(#4634,#4635),.UNSPECIFIED.,.F.,
  .F.,(2,2),(-16.51,-3.81),.PIECEWISE_BEZIER_KNOTS.);
#4634 = CARTESIAN_POINT('',(12.7,-2.54));
#4635 = CARTESIAN_POINT('',(0.,-2.54));
#4636 = ( GEOMETRIC_REPRESENTATION_CONTEXT(2) 
PARAMETRIC_REPRESENTATION_CONTEXT() REPRESENTATION_CONTEXT('2D SPACE',''
  ) );
#4637 = ORIENTED_EDGE('',*,*,#4638,.T.);
#4638 = EDGE_CURVE('',#4613,#4639,#4641,.T.);
#4639 = VERTEX_POINT('',#4640);
#4640 = CARTESIAN_POINT('',(185.4073,-330.2,210.82));
#4641 = SURFACE_CURVE('',#4642,(#4646,#4652),.PCURVE_S1.);
#4642 = LINE('',#4643,#4644);
#4643 = CARTESIAN_POINT('',(-63.5,-330.2,210.82));
#4644 = VECTOR('',#4645,1.);
#4645 = DIRECTION('',(1.,0.,-0.));
#4646 = PCURVE('',#94,#4647);
#4647 = DEFINITIONAL_REPRESENTATION('',(#4648),#4651);
#4648 = B_SPLINE_CURVE_WITH_KNOTS('',1,(#4649,#4650),.UNSPECIFIED.,.F.,
  .F.,(2,2),(241.3,292.1),.PIECEWISE_BEZIER_KNOTS.);
#4649 = CARTESIAN_POINT('',(7.62,482.6));
#4650 = CARTESIAN_POINT('',(7.62,533.4));
#4651 = ( GEOMETRIC_REPRESENTATION_CONTEXT(2) 
PARAMETRIC_REPRESENTATION_CONTEXT() REPRESENTATION_CONTEXT('2D SPACE',''
  ) );
#4652 = PCURVE('',#4653,#4658);
#4653 = PLANE('',#4654);
#4654 = AXIS2_PLACEMENT_3D('',#4655,#4656,#4657);
#4655 = CARTESIAN_POINT('',(177.8,-332.74,210.82));
#4656 = DIRECTION('',(0.,0.,1.));
#4657 = DIRECTION('',(1.,0.,-0.));
#4658 = DEFINITIONAL_REPRESENTATION('',(#4659),#4662);
#4659 = B_SPLINE_CURVE_WITH_KNOTS('',1,(#4660,#4661),.UNSPECIFIED.,.F.,
  .F.,(2,2),(241.3,292.1),.PIECEWISE_BEZIER_KNOTS.);
#4660 = CARTESIAN_POINT('',(0.,2.54));
#4661 = CARTESIAN_POINT('',(50.8,2.54));
#4662 = ( GEOMETRIC_REPRESENTATION_CONTEXT(2) 
PARAMETRIC_REPRESENTATION_CONTEXT() REPRESENTATION_CONTEXT('2D SPACE',''
  ) );
#4663 = ORIENTED_EDGE('',*,*,#4664,.F.);
#4664 = EDGE_CURVE('',#4665,#4639,#4667,.T.);
#4665 = VERTEX_POINT('',#4666);
#4666 = CARTESIAN_POINT('',(190.51269999999,-330.2,210.82));
#4667 = SURFACE_CURVE('',#4668,(#4673,#4680),.PCURVE_S1.);
#4668 = CIRCLE('',#4669,2.5527);
#4669 = AXIS2_PLACEMENT_3D('',#4670,#4671,#4672);
#4670 = CARTESIAN_POINT('',(187.96,-330.2,210.82));
#4671 = DIRECTION('',(0.,1.,0.));
#4672 = DIRECTION('',(0.,-0.,1.));
#4673 = PCURVE('',#94,#4674);
#4674 = DEFINITIONAL_REPRESENTATION('',(#4675),#4679);
#4675 = CIRCLE('',#4676,2.5527);
#4676 = AXIS2_PLACEMENT_2D('',#4677,#4678);
#4677 = CARTESIAN_POINT('',(7.62,492.76));
#4678 = DIRECTION('',(1.,0.));
#4679 = ( GEOMETRIC_REPRESENTATION_CONTEXT(2) 
PARAMETRIC_REPRESENTATION_CONTEXT() REPRESENTATION_CONTEXT('2D SPACE',''
  ) );
#4680 = PCURVE('',#4681,#4686);
#4681 = CYLINDRICAL_SURFACE('',#4682,2.5527);
#4682 = AXIS2_PLACEMENT_3D('',#4683,#4684,#4685);
#4683 = CARTESIAN_POINT('',(187.96,-332.74,210.82));
#4684 = DIRECTION('',(0.,1.,0.));
#4685 = DIRECTION('',(0.,-0.,1.));
#4686 = DEFINITIONAL_REPRESENTATION('',(#4687),#4691);
#4687 = LINE('',#4688,#4689);
#4688 = CARTESIAN_POINT('',(0.,2.54));
#4689 = VECTOR('',#4690,1.);
#4690 = DIRECTION('',(1.,0.));
#4691 = ( GEOMETRIC_REPRESENTATION_CONTEXT(2) 
PARAMETRIC_REPRESENTATION_CONTEXT() REPRESENTATION_CONTEXT('2D SPACE',''
  ) );
#4692 = ORIENTED_EDGE('',*,*,#4693,.T.);
#4693 = EDGE_CURVE('',#4665,#4694,#4696,.T.);
#4694 = VERTEX_POINT('',#4695);
#4695 = CARTESIAN_POINT('',(228.6,-330.2,210.82));
#4696 = SURFACE_CURVE('',#4697,(#4701,#4707),.PCURVE_S1.);
#4697 = LINE('',#4698,#4699);
#4698 = CARTESIAN_POINT('',(-63.5,-330.2,210.82));
#4699 = VECTOR('',#4700,1.);
#4700 = DIRECTION('',(1.,0.,-0.));
#4701 = PCURVE('',#94,#4702);
#4702 = DEFINITIONAL_REPRESENTATION('',(#4703),#4706);
#4703 = B_SPLINE_CURVE_WITH_KNOTS('',1,(#4704,#4705),.UNSPECIFIED.,.F.,
  .F.,(2,2),(241.3,292.1),.PIECEWISE_BEZIER_KNOTS.);
#4704 = CARTESIAN_POINT('',(7.62,482.6));
#4705 = CARTESIAN_POINT('',(7.62,533.4));
#4706 = ( GEOMETRIC_REPRESENTATION_CONTEXT(2) 
PARAMETRIC_REPRESENTATION_CONTEXT() REPRESENTATION_CONTEXT('2D SPACE',''
  ) );
#4707 = PCURVE('',#4708,#4713);
#4708 = PLANE('',#4709);
#4709 = AXIS2_PLACEMENT_3D('',#4710,#4711,#4712);
#4710 = CARTESIAN_POINT('',(177.8,-332.74,210.82));
#4711 = DIRECTION('',(0.,0.,1.));
#4712 = DIRECTION('',(1.,0.,-0.));
#4713 = DEFINITIONAL_REPRESENTATION('',(#4714),#4717);
#4714 = B_SPLINE_CURVE_WITH_KNOTS('',1,(#4715,#4716),.UNSPECIFIED.,.F.,
  .F.,(2,2),(241.3,292.1),.PIECEWISE_BEZIER_KNOTS.);
#4715 = CARTESIAN_POINT('',(0.,2.54));
#4716 = CARTESIAN_POINT('',(50.8,2.54));
#4717 = ( GEOMETRIC_REPRESENTATION_CONTEXT(2) 
PARAMETRIC_REPRESENTATION_CONTEXT() REPRESENTATION_CONTEXT('2D SPACE',''
  ) );
#4718 = ORIENTED_EDGE('',*,*,#4719,.F.);
#4719 = EDGE_CURVE('',#4720,#4694,#4722,.T.);
#4720 = VERTEX_POINT('',#4721);
#4721 = CARTESIAN_POINT('',(228.6,-330.2,220.98));
#4722 = SURFACE_CURVE('',#4723,(#4727,#4733),.PCURVE_S1.);
#4723 = LINE('',#4724,#4725);
#4724 = CARTESIAN_POINT('',(228.6,-330.2,207.01));
#4725 = VECTOR('',#4726,1.);
#4726 = DIRECTION('',(-0.,0.,-1.));
#4727 = PCURVE('',#94,#4728);
#4728 = DEFINITIONAL_REPRESENTATION('',(#4729),#4732);
#4729 = B_SPLINE_CURVE_WITH_KNOTS('',1,(#4730,#4731),.UNSPECIFIED.,.F.,
  .F.,(2,2),(-16.51,-3.81),.PIECEWISE_BEZIER_KNOTS.);
#4730 = CARTESIAN_POINT('',(20.32,533.4));
#4731 = CARTESIAN_POINT('',(7.62,533.4));
#4732 = ( GEOMETRIC_REPRESENTATION_CONTEXT(2) 
PARAMETRIC_REPRESENTATION_CONTEXT() REPRESENTATION_CONTEXT('2D SPACE',''
  ) );
#4733 = PCURVE('',#4734,#4739);
#4734 = PLANE('',#4735);
#4735 = AXIS2_PLACEMENT_3D('',#4736,#4737,#4738);
#4736 = CARTESIAN_POINT('',(228.6,-332.74,210.82));
#4737 = DIRECTION('',(1.,0.,-0.));
#4738 = DIRECTION('',(0.,0.,1.));
#4739 = DEFINITIONAL_REPRESENTATION('',(#4740),#4743);
#4740 = B_SPLINE_CURVE_WITH_KNOTS('',1,(#4741,#4742),.UNSPECIFIED.,.F.,
  .F.,(2,2),(-16.51,-3.81),.PIECEWISE_BEZIER_KNOTS.);
#4741 = CARTESIAN_POINT('',(12.7,-2.54));
#4742 = CARTESIAN_POINT('',(0.,-2.54));
#4743 = ( GEOMETRIC_REPRESENTATION_CONTEXT(2) 
PARAMETRIC_REPRESENTATION_CONTEXT() REPRESENTATION_CONTEXT('2D SPACE',''
  ) );
#4744 = ORIENTED_EDGE('',*,*,#4745,.T.);
#4745 = EDGE_CURVE('',#4720,#4746,#4748,.T.);
#4746 = VERTEX_POINT('',#4747);
#4747 = CARTESIAN_POINT('',(299.72,-330.2,220.98));
#4748 = SURFACE_CURVE('',#4749,(#4753,#4759),.PCURVE_S1.);
#4749 = LINE('',#4750,#4751);
#4750 = CARTESIAN_POINT('',(-38.1,-330.2,220.98));
#4751 = VECTOR('',#4752,1.);
#4752 = DIRECTION('',(1.,0.,-0.));
#4753 = PCURVE('',#94,#4754);
#4754 = DEFINITIONAL_REPRESENTATION('',(#4755),#4758);
#4755 = B_SPLINE_CURVE_WITH_KNOTS('',1,(#4756,#4757),.UNSPECIFIED.,.F.,
  .F.,(2,2),(266.7,337.82),.PIECEWISE_BEZIER_KNOTS.);
#4756 = CARTESIAN_POINT('',(17.78,533.4));
#4757 = CARTESIAN_POINT('',(17.78,604.52));
#4758 = ( GEOMETRIC_REPRESENTATION_CONTEXT(2) 
PARAMETRIC_REPRESENTATION_CONTEXT() REPRESENTATION_CONTEXT('2D SPACE',''
  ) );
#4759 = PCURVE('',#4760,#4765);
#4760 = PLANE('',#4761);
#4761 = AXIS2_PLACEMENT_3D('',#4762,#4763,#4764);
#4762 = CARTESIAN_POINT('',(228.6,-332.74,220.98));
#4763 = DIRECTION('',(0.,0.,1.));
#4764 = DIRECTION('',(1.,0.,-0.));
#4765 = DEFINITIONAL_REPRESENTATION('',(#4766),#4769);
#4766 = B_SPLINE_CURVE_WITH_KNOTS('',1,(#4767,#4768),.UNSPECIFIED.,.F.,
  .F.,(2,2),(266.7,337.82),.PIECEWISE_BEZIER_KNOTS.);
#4767 = CARTESIAN_POINT('',(0.,2.54));
#4768 = CARTESIAN_POINT('',(71.12,2.54));
#4769 = ( GEOMETRIC_REPRESENTATION_CONTEXT(2) 
PARAMETRIC_REPRESENTATION_CONTEXT() REPRESENTATION_CONTEXT('2D SPACE',''
  ) );
#4770 = ORIENTED_EDGE('',*,*,#4771,.F.);
#4771 = EDGE_CURVE('',#4535,#4746,#4772,.T.);
#4772 = SURFACE_CURVE('',#4773,(#4777,#4783),.PCURVE_S1.);
#4773 = LINE('',#4774,#4775);
#4774 = CARTESIAN_POINT('',(299.72,-330.2,212.09));
#4775 = VECTOR('',#4776,1.);
#4776 = DIRECTION('',(-0.,0.,-1.));
#4777 = PCURVE('',#94,#4778);
#4778 = DEFINITIONAL_REPRESENTATION('',(#4779),#4782);
#4779 = B_SPLINE_CURVE_WITH_KNOTS('',1,(#4780,#4781),.UNSPECIFIED.,.F.,
  .F.,(2,2),(-54.61,-8.89),.PIECEWISE_BEZIER_KNOTS.);
#4780 = CARTESIAN_POINT('',(63.5,604.52));
#4781 = CARTESIAN_POINT('',(17.78,604.52));
#4782 = ( GEOMETRIC_REPRESENTATION_CONTEXT(2) 
PARAMETRIC_REPRESENTATION_CONTEXT() REPRESENTATION_CONTEXT('2D SPACE',''
  ) );
#4783 = PCURVE('',#4784,#4789);
#4784 = PLANE('',#4785);
#4785 = AXIS2_PLACEMENT_3D('',#4786,#4787,#4788);
#4786 = CARTESIAN_POINT('',(299.72,-332.74,220.98));
#4787 = DIRECTION('',(1.,0.,-0.));
#4788 = DIRECTION('',(0.,0.,1.));
#4789 = DEFINITIONAL_REPRESENTATION('',(#4790),#4793);
#4790 = B_SPLINE_CURVE_WITH_KNOTS('',1,(#4791,#4792),.UNSPECIFIED.,.F.,
  .F.,(2,2),(-54.61,-8.89),.PIECEWISE_BEZIER_KNOTS.);
#4791 = CARTESIAN_POINT('',(45.72,-2.54));
#4792 = CARTESIAN_POINT('',(0.,-2.54));
#4793 = ( GEOMETRIC_REPRESENTATION_CONTEXT(2) 
PARAMETRIC_REPRESENTATION_CONTEXT() REPRESENTATION_CONTEXT('2D SPACE',''
  ) );
#4794 = FACE_BOUND('',#4795,.F.);
#4795 = EDGE_LOOP('',(#4796));
#4796 = ORIENTED_EDGE('',*,*,#4797,.F.);
#4797 = EDGE_CURVE('',#4798,#4798,#4800,.T.);
#4798 = VERTEX_POINT('',#4799);
#4799 = CARTESIAN_POINT('',(38.1,-330.2,281.94));
#4800 = SURFACE_CURVE('',#4801,(#4806,#4813),.PCURVE_S1.);
#4801 = CIRCLE('',#4802,2.54);
#4802 = AXIS2_PLACEMENT_3D('',#4803,#4804,#4805);
#4803 = CARTESIAN_POINT('',(38.1,-330.2,279.4));
#4804 = DIRECTION('',(0.,1.,0.));
#4805 = DIRECTION('',(0.,-0.,1.));
#4806 = PCURVE('',#94,#4807);
#4807 = DEFINITIONAL_REPRESENTATION('',(#4808),#4812);
#4808 = CIRCLE('',#4809,2.54);
#4809 = AXIS2_PLACEMENT_2D('',#4810,#4811);
#4810 = CARTESIAN_POINT('',(76.2,342.9));
#4811 = DIRECTION('',(1.,0.));
#4812 = ( GEOMETRIC_REPRESENTATION_CONTEXT(2) 
PARAMETRIC_REPRESENTATION_CONTEXT() REPRESENTATION_CONTEXT('2D SPACE',''
  ) );
#4813 = PCURVE('',#4814,#4819);
#4814 = CYLINDRICAL_SURFACE('',#4815,2.54);
#4815 = AXIS2_PLACEMENT_3D('',#4816,#4817,#4818);
#4816 = CARTESIAN_POINT('',(38.1,-332.74,279.4));
#4817 = DIRECTION('',(0.,1.,0.));
#4818 = DIRECTION('',(0.,-0.,1.));
#4819 = DEFINITIONAL_REPRESENTATION('',(#4820),#4824);
#4820 = LINE('',#4821,#4822);
#4821 = CARTESIAN_POINT('',(0.,2.54));
#4822 = VECTOR('',#4823,1.);
#4823 = DIRECTION('',(1.,0.));
#4824 = ( GEOMETRIC_REPRESENTATION_CONTEXT(2) 
PARAMETRIC_REPRESENTATION_CONTEXT() REPRESENTATION_CONTEXT('2D SPACE',''
  ) );
#4825 = FACE_BOUND('',#4826,.F.);
#4826 = EDGE_LOOP('',(#4827));
#4827 = ORIENTED_EDGE('',*,*,#4828,.F.);
#4828 = EDGE_CURVE('',#4829,#4829,#4831,.T.);
#4829 = VERTEX_POINT('',#4830);
#4830 = CARTESIAN_POINT('',(50.8,-330.2,281.94));
#4831 = SURFACE_CURVE('',#4832,(#4837,#4844),.PCURVE_S1.);
#4832 = CIRCLE('',#4833,2.54);
#4833 = AXIS2_PLACEMENT_3D('',#4834,#4835,#4836);
#4834 = CARTESIAN_POINT('',(50.8,-330.2,279.4));
#4835 = DIRECTION('',(0.,1.,0.));
#4836 = DIRECTION('',(0.,-0.,1.));
#4837 = PCURVE('',#94,#4838);
#4838 = DEFINITIONAL_REPRESENTATION('',(#4839),#4843);
#4839 = CIRCLE('',#4840,2.54);
#4840 = AXIS2_PLACEMENT_2D('',#4841,#4842);
#4841 = CARTESIAN_POINT('',(76.2,355.6));
#4842 = DIRECTION('',(1.,0.));
#4843 = ( GEOMETRIC_REPRESENTATION_CONTEXT(2) 
PARAMETRIC_REPRESENTATION_CONTEXT() REPRESENTATION_CONTEXT('2D SPACE',''
  ) );
#4844 = PCURVE('',#4845,#4850);
#4845 = CYLINDRICAL_SURFACE('',#4846,2.54);
#4846 = AXIS2_PLACEMENT_3D('',#4847,#4848,#4849);
#4847 = CARTESIAN_POINT('',(50.8,-332.74,279.4));
#4848 = DIRECTION('',(0.,1.,0.));
#4849 = DIRECTION('',(0.,-0.,1.));
#4850 = DEFINITIONAL_REPRESENTATION('',(#4851),#4855);
#4851 = LINE('',#4852,#4853);
#4852 = CARTESIAN_POINT('',(0.,2.54));
#4853 = VECTOR('',#4854,1.);
#4854 = DIRECTION('',(1.,0.));
#4855 = ( GEOMETRIC_REPRESENTATION_CONTEXT(2) 
PARAMETRIC_REPRESENTATION_CONTEXT() REPRESENTATION_CONTEXT('2D SPACE',''
  ) );
#4856 = FACE_BOUND('',#4857,.F.);
#4857 = EDGE_LOOP('',(#4858));
#4858 = ORIENTED_EDGE('',*,*,#4859,.F.);
#4859 = EDGE_CURVE('',#4860,#4860,#4862,.T.);
#4860 = VERTEX_POINT('',#4861);
#4861 = CARTESIAN_POINT('',(63.5,-330.2,281.94));
#4862 = SURFACE_CURVE('',#4863,(#4868,#4875),.PCURVE_S1.);
#4863 = CIRCLE('',#4864,2.54);
#4864 = AXIS2_PLACEMENT_3D('',#4865,#4866,#4867);
#4865 = CARTESIAN_POINT('',(63.5,-330.2,279.4));
#4866 = DIRECTION('',(0.,1.,0.));
#4867 = DIRECTION('',(0.,-0.,1.));
#4868 = PCURVE('',#94,#4869);
#4869 = DEFINITIONAL_REPRESENTATION('',(#4870),#4874);
#4870 = CIRCLE('',#4871,2.54);
#4871 = AXIS2_PLACEMENT_2D('',#4872,#4873);
#4872 = CARTESIAN_POINT('',(76.2,368.3));
#4873 = DIRECTION('',(1.,0.));
#4874 = ( GEOMETRIC_REPRESENTATION_CONTEXT(2) 
PARAMETRIC_REPRESENTATION_CONTEXT() REPRESENTATION_CONTEXT('2D SPACE',''
  ) );
#4875 = PCURVE('',#4876,#4881);
#4876 = CYLINDRICAL_SURFACE('',#4877,2.54);
#4877 = AXIS2_PLACEMENT_3D('',#4878,#4879,#4880);
#4878 = CARTESIAN_POINT('',(63.5,-332.74,279.4));
#4879 = DIRECTION('',(0.,1.,0.));
#4880 = DIRECTION('',(0.,-0.,1.));
#4881 = DEFINITIONAL_REPRESENTATION('',(#4882),#4886);
#4882 = LINE('',#4883,#4884);
#4883 = CARTESIAN_POINT('',(0.,2.54));
#4884 = VECTOR('',#4885,1.);
#4885 = DIRECTION('',(1.,0.));
#4886 = ( GEOMETRIC_REPRESENTATION_CONTEXT(2) 
PARAMETRIC_REPRESENTATION_CONTEXT() REPRESENTATION_CONTEXT('2D SPACE',''
  ) );
#4887 = FACE_BOUND('',#4888,.F.);
#4888 = EDGE_LOOP('',(#4889));
#4889 = ORIENTED_EDGE('',*,*,#4890,.F.);
#4890 = EDGE_CURVE('',#4891,#4891,#4893,.T.);
#4891 = VERTEX_POINT('',#4892);
#4892 = CARTESIAN_POINT('',(76.2,-330.2,281.94));
#4893 = SURFACE_CURVE('',#4894,(#4899,#4906),.PCURVE_S1.);
#4894 = CIRCLE('',#4895,2.54);
#4895 = AXIS2_PLACEMENT_3D('',#4896,#4897,#4898);
#4896 = CARTESIAN_POINT('',(76.2,-330.2,279.4));
#4897 = DIRECTION('',(0.,1.,0.));
#4898 = DIRECTION('',(0.,-0.,1.));
#4899 = PCURVE('',#94,#4900);
#4900 = DEFINITIONAL_REPRESENTATION('',(#4901),#4905);
#4901 = CIRCLE('',#4902,2.54);
#4902 = AXIS2_PLACEMENT_2D('',#4903,#4904);
#4903 = CARTESIAN_POINT('',(76.2,381.));
#4904 = DIRECTION('',(1.,0.));
#4905 = ( GEOMETRIC_REPRESENTATION_CONTEXT(2) 
PARAMETRIC_REPRESENTATION_CONTEXT() REPRESENTATION_CONTEXT('2D SPACE',''
  ) );
#4906 = PCURVE('',#4907,#4912);
#4907 = CYLINDRICAL_SURFACE('',#4908,2.54);
#4908 = AXIS2_PLACEMENT_3D('',#4909,#4910,#4911);
#4909 = CARTESIAN_POINT('',(76.2,-332.74,279.4));
#4910 = DIRECTION('',(0.,1.,0.));
#4911 = DIRECTION('',(0.,-0.,1.));
#4912 = DEFINITIONAL_REPRESENTATION('',(#4913),#4917);
#4913 = LINE('',#4914,#4915);
#4914 = CARTESIAN_POINT('',(0.,2.54));
#4915 = VECTOR('',#4916,1.);
#4916 = DIRECTION('',(1.,0.));
#4917 = ( GEOMETRIC_REPRESENTATION_CONTEXT(2) 
PARAMETRIC_REPRESENTATION_CONTEXT() REPRESENTATION_CONTEXT('2D SPACE',''
  ) );
#4918 = FACE_BOUND('',#4919,.F.);
#4919 = EDGE_LOOP('',(#4920));
#4920 = ORIENTED_EDGE('',*,*,#4921,.F.);
#4921 = EDGE_CURVE('',#4922,#4922,#4924,.T.);
#4922 = VERTEX_POINT('',#4923);
#4923 = CARTESIAN_POINT('',(88.9,-330.2,281.94));
#4924 = SURFACE_CURVE('',#4925,(#4930,#4937),.PCURVE_S1.);
#4925 = CIRCLE('',#4926,2.54);
#4926 = AXIS2_PLACEMENT_3D('',#4927,#4928,#4929);
#4927 = CARTESIAN_POINT('',(88.9,-330.2,279.4));
#4928 = DIRECTION('',(0.,1.,0.));
#4929 = DIRECTION('',(0.,-0.,1.));
#4930 = PCURVE('',#94,#4931);
#4931 = DEFINITIONAL_REPRESENTATION('',(#4932),#4936);
#4932 = CIRCLE('',#4933,2.54);
#4933 = AXIS2_PLACEMENT_2D('',#4934,#4935);
#4934 = CARTESIAN_POINT('',(76.2,393.7));
#4935 = DIRECTION('',(1.,0.));
#4936 = ( GEOMETRIC_REPRESENTATION_CONTEXT(2) 
PARAMETRIC_REPRESENTATION_CONTEXT() REPRESENTATION_CONTEXT('2D SPACE',''
  ) );
#4937 = PCURVE('',#4938,#4943);
#4938 = CYLINDRICAL_SURFACE('',#4939,2.54);
#4939 = AXIS2_PLACEMENT_3D('',#4940,#4941,#4942);
#4940 = CARTESIAN_POINT('',(88.9,-332.74,279.4));
#4941 = DIRECTION('',(0.,1.,0.));
#4942 = DIRECTION('',(0.,-0.,1.));
#4943 = DEFINITIONAL_REPRESENTATION('',(#4944),#4948);
#4944 = LINE('',#4945,#4946);
#4945 = CARTESIAN_POINT('',(0.,2.54));
#4946 = VECTOR('',#4947,1.);
#4947 = DIRECTION('',(1.,0.));
#4948 = ( GEOMETRIC_REPRESENTATION_CONTEXT(2) 
PARAMETRIC_REPRESENTATION_CONTEXT() REPRESENTATION_CONTEXT('2D SPACE',''
  ) );
#4949 = FACE_BOUND('',#4950,.F.);
#4950 = EDGE_LOOP('',(#4951));
#4951 = ORIENTED_EDGE('',*,*,#4952,.F.);
#4952 = EDGE_CURVE('',#4953,#4953,#4955,.T.);
#4953 = VERTEX_POINT('',#4954);
#4954 = CARTESIAN_POINT('',(38.1,-330.2,294.64));
#4955 = SURFACE_CURVE('',#4956,(#4961,#4968),.PCURVE_S1.);
#4956 = CIRCLE('',#4957,2.54);
#4957 = AXIS2_PLACEMENT_3D('',#4958,#4959,#4960);
#4958 = CARTESIAN_POINT('',(38.1,-330.2,292.1));
#4959 = DIRECTION('',(0.,1.,0.));
#4960 = DIRECTION('',(0.,-0.,1.));
#4961 = PCURVE('',#94,#4962);
#4962 = DEFINITIONAL_REPRESENTATION('',(#4963),#4967);
#4963 = CIRCLE('',#4964,2.54);
#4964 = AXIS2_PLACEMENT_2D('',#4965,#4966);
#4965 = CARTESIAN_POINT('',(88.9,342.9));
#4966 = DIRECTION('',(1.,0.));
#4967 = ( GEOMETRIC_REPRESENTATION_CONTEXT(2) 
PARAMETRIC_REPRESENTATION_CONTEXT() REPRESENTATION_CONTEXT('2D SPACE',''
  ) );
#4968 = PCURVE('',#4969,#4974);
#4969 = CYLINDRICAL_SURFACE('',#4970,2.54);
#4970 = AXIS2_PLACEMENT_3D('',#4971,#4972,#4973);
#4971 = CARTESIAN_POINT('',(38.1,-332.74,292.1));
#4972 = DIRECTION('',(0.,1.,0.));
#4973 = DIRECTION('',(0.,-0.,1.));
#4974 = DEFINITIONAL_REPRESENTATION('',(#4975),#4979);
#4975 = LINE('',#4976,#4977);
#4976 = CARTESIAN_POINT('',(0.,2.54));
#4977 = VECTOR('',#4978,1.);
#4978 = DIRECTION('',(1.,0.));
#4979 = ( GEOMETRIC_REPRESENTATION_CONTEXT(2) 
PARAMETRIC_REPRESENTATION_CONTEXT() REPRESENTATION_CONTEXT('2D SPACE',''
  ) );
#4980 = FACE_BOUND('',#4981,.F.);
#4981 = EDGE_LOOP('',(#4982));
#4982 = ORIENTED_EDGE('',*,*,#4983,.F.);
#4983 = EDGE_CURVE('',#4984,#4984,#4986,.T.);
#4984 = VERTEX_POINT('',#4985);
#4985 = CARTESIAN_POINT('',(50.8,-330.2,294.64));
#4986 = SURFACE_CURVE('',#4987,(#4992,#4999),.PCURVE_S1.);
#4987 = CIRCLE('',#4988,2.54);
#4988 = AXIS2_PLACEMENT_3D('',#4989,#4990,#4991);
#4989 = CARTESIAN_POINT('',(50.8,-330.2,292.1));
#4990 = DIRECTION('',(0.,1.,0.));
#4991 = DIRECTION('',(0.,-0.,1.));
#4992 = PCURVE('',#94,#4993);
#4993 = DEFINITIONAL_REPRESENTATION('',(#4994),#4998);
#4994 = CIRCLE('',#4995,2.54);
#4995 = AXIS2_PLACEMENT_2D('',#4996,#4997);
#4996 = CARTESIAN_POINT('',(88.9,355.6));
#4997 = DIRECTION('',(1.,0.));
#4998 = ( GEOMETRIC_REPRESENTATION_CONTEXT(2) 
PARAMETRIC_REPRESENTATION_CONTEXT() REPRESENTATION_CONTEXT('2D SPACE',''
  ) );
#4999 = PCURVE('',#5000,#5005);
#5000 = CYLINDRICAL_SURFACE('',#5001,2.54);
#5001 = AXIS2_PLACEMENT_3D('',#5002,#5003,#5004);
#5002 = CARTESIAN_POINT('',(50.8,-332.74,292.1));
#5003 = DIRECTION('',(0.,1.,0.));
#5004 = DIRECTION('',(0.,-0.,1.));
#5005 = DEFINITIONAL_REPRESENTATION('',(#5006),#5010);
#5006 = LINE('',#5007,#5008);
#5007 = CARTESIAN_POINT('',(0.,2.54));
#5008 = VECTOR('',#5009,1.);
#5009 = DIRECTION('',(1.,0.));
#5010 = ( GEOMETRIC_REPRESENTATION_CONTEXT(2) 
PARAMETRIC_REPRESENTATION_CONTEXT() REPRESENTATION_CONTEXT('2D SPACE',''
  ) );
#5011 = FACE_BOUND('',#5012,.F.);
#5012 = EDGE_LOOP('',(#5013));
#5013 = ORIENTED_EDGE('',*,*,#5014,.F.);
#5014 = EDGE_CURVE('',#5015,#5015,#5017,.T.);
#5015 = VERTEX_POINT('',#5016);
#5016 = CARTESIAN_POINT('',(63.5,-330.2,294.64));
#5017 = SURFACE_CURVE('',#5018,(#5023,#5030),.PCURVE_S1.);
#5018 = CIRCLE('',#5019,2.54);
#5019 = AXIS2_PLACEMENT_3D('',#5020,#5021,#5022);
#5020 = CARTESIAN_POINT('',(63.5,-330.2,292.1));
#5021 = DIRECTION('',(0.,1.,0.));
#5022 = DIRECTION('',(0.,-0.,1.));
#5023 = PCURVE('',#94,#5024);
#5024 = DEFINITIONAL_REPRESENTATION('',(#5025),#5029);
#5025 = CIRCLE('',#5026,2.54);
#5026 = AXIS2_PLACEMENT_2D('',#5027,#5028);
#5027 = CARTESIAN_POINT('',(88.9,368.3));
#5028 = DIRECTION('',(1.,0.));
#5029 = ( GEOMETRIC_REPRESENTATION_CONTEXT(2) 
PARAMETRIC_REPRESENTATION_CONTEXT() REPRESENTATION_CONTEXT('2D SPACE',''
  ) );
#5030 = PCURVE('',#5031,#5036);
#5031 = CYLINDRICAL_SURFACE('',#5032,2.54);
#5032 = AXIS2_PLACEMENT_3D('',#5033,#5034,#5035);
#5033 = CARTESIAN_POINT('',(63.5,-332.74,292.1));
#5034 = DIRECTION('',(0.,1.,0.));
#5035 = DIRECTION('',(0.,-0.,1.));
#5036 = DEFINITIONAL_REPRESENTATION('',(#5037),#5041);
#5037 = LINE('',#5038,#5039);
#5038 = CARTESIAN_POINT('',(0.,2.54));
#5039 = VECTOR('',#5040,1.);
#5040 = DIRECTION('',(1.,0.));
#5041 = ( GEOMETRIC_REPRESENTATION_CONTEXT(2) 
PARAMETRIC_REPRESENTATION_CONTEXT() REPRESENTATION_CONTEXT('2D SPACE',''
  ) );
#5042 = FACE_BOUND('',#5043,.F.);
#5043 = EDGE_LOOP('',(#5044));
#5044 = ORIENTED_EDGE('',*,*,#5045,.F.);
#5045 = EDGE_CURVE('',#5046,#5046,#5048,.T.);
#5046 = VERTEX_POINT('',#5047);
#5047 = CARTESIAN_POINT('',(76.2,-330.2,294.64));
#5048 = SURFACE_CURVE('',#5049,(#5054,#5061),.PCURVE_S1.);
#5049 = CIRCLE('',#5050,2.54);
#5050 = AXIS2_PLACEMENT_3D('',#5051,#5052,#5053);
#5051 = CARTESIAN_POINT('',(76.2,-330.2,292.1));
#5052 = DIRECTION('',(0.,1.,0.));
#5053 = DIRECTION('',(0.,-0.,1.));
#5054 = PCURVE('',#94,#5055);
#5055 = DEFINITIONAL_REPRESENTATION('',(#5056),#5060);
#5056 = CIRCLE('',#5057,2.54);
#5057 = AXIS2_PLACEMENT_2D('',#5058,#5059);
#5058 = CARTESIAN_POINT('',(88.9,381.));
#5059 = DIRECTION('',(1.,0.));
#5060 = ( GEOMETRIC_REPRESENTATION_CONTEXT(2) 
PARAMETRIC_REPRESENTATION_CONTEXT() REPRESENTATION_CONTEXT('2D SPACE',''
  ) );
#5061 = PCURVE('',#5062,#5067);
#5062 = CYLINDRICAL_SURFACE('',#5063,2.54);
#5063 = AXIS2_PLACEMENT_3D('',#5064,#5065,#5066);
#5064 = CARTESIAN_POINT('',(76.2,-332.74,292.1));
#5065 = DIRECTION('',(0.,1.,0.));
#5066 = DIRECTION('',(0.,-0.,1.));
#5067 = DEFINITIONAL_REPRESENTATION('',(#5068),#5072);
#5068 = LINE('',#5069,#5070);
#5069 = CARTESIAN_POINT('',(0.,2.54));
#5070 = VECTOR('',#5071,1.);
#5071 = DIRECTION('',(1.,0.));
#5072 = ( GEOMETRIC_REPRESENTATION_CONTEXT(2) 
PARAMETRIC_REPRESENTATION_CONTEXT() REPRESENTATION_CONTEXT('2D SPACE',''
  ) );
#5073 = FACE_BOUND('',#5074,.F.);
#5074 = EDGE_LOOP('',(#5075));
#5075 = ORIENTED_EDGE('',*,*,#5076,.F.);
#5076 = EDGE_CURVE('',#5077,#5077,#5079,.T.);
#5077 = VERTEX_POINT('',#5078);
#5078 = CARTESIAN_POINT('',(88.9,-330.2,294.64));
#5079 = SURFACE_CURVE('',#5080,(#5085,#5092),.PCURVE_S1.);
#5080 = CIRCLE('',#5081,2.54);
#5081 = AXIS2_PLACEMENT_3D('',#5082,#5083,#5084);
#5082 = CARTESIAN_POINT('',(88.9,-330.2,292.1));
#5083 = DIRECTION('',(0.,1.,0.));
#5084 = DIRECTION('',(0.,-0.,1.));
#5085 = PCURVE('',#94,#5086);
#5086 = DEFINITIONAL_REPRESENTATION('',(#5087),#5091);
#5087 = CIRCLE('',#5088,2.54);
#5088 = AXIS2_PLACEMENT_2D('',#5089,#5090);
#5089 = CARTESIAN_POINT('',(88.9,393.7));
#5090 = DIRECTION('',(1.,0.));
#5091 = ( GEOMETRIC_REPRESENTATION_CONTEXT(2) 
PARAMETRIC_REPRESENTATION_CONTEXT() REPRESENTATION_CONTEXT('2D SPACE',''
  ) );
#5092 = PCURVE('',#5093,#5098);
#5093 = CYLINDRICAL_SURFACE('',#5094,2.54);
#5094 = AXIS2_PLACEMENT_3D('',#5095,#5096,#5097);
#5095 = CARTESIAN_POINT('',(88.9,-332.74,292.1));
#5096 = DIRECTION('',(0.,1.,0.));
#5097 = DIRECTION('',(0.,-0.,1.));
#5098 = DEFINITIONAL_REPRESENTATION('',(#5099),#5103);
#5099 = LINE('',#5100,#5101);
#5100 = CARTESIAN_POINT('',(0.,2.54));
#5101 = VECTOR('',#5102,1.);
#5102 = DIRECTION('',(1.,0.));
#5103 = ( GEOMETRIC_REPRESENTATION_CONTEXT(2) 
PARAMETRIC_REPRESENTATION_CONTEXT() REPRESENTATION_CONTEXT('2D SPACE',''
  ) );
#5104 = FACE_BOUND('',#5105,.F.);
#5105 = EDGE_LOOP('',(#5106));
#5106 = ORIENTED_EDGE('',*,*,#5107,.F.);
#5107 = EDGE_CURVE('',#5108,#5108,#5110,.T.);
#5108 = VERTEX_POINT('',#5109);
#5109 = CARTESIAN_POINT('',(101.6,-330.2,281.94));
#5110 = SURFACE_CURVE('',#5111,(#5116,#5123),.PCURVE_S1.);
#5111 = CIRCLE('',#5112,2.54);
#5112 = AXIS2_PLACEMENT_3D('',#5113,#5114,#5115);
#5113 = CARTESIAN_POINT('',(101.6,-330.2,279.4));
#5114 = DIRECTION('',(0.,1.,0.));
#5115 = DIRECTION('',(0.,-0.,1.));
#5116 = PCURVE('',#94,#5117);
#5117 = DEFINITIONAL_REPRESENTATION('',(#5118),#5122);
#5118 = CIRCLE('',#5119,2.54);
#5119 = AXIS2_PLACEMENT_2D('',#5120,#5121);
#5120 = CARTESIAN_POINT('',(76.2,406.4));
#5121 = DIRECTION('',(1.,0.));
#5122 = ( GEOMETRIC_REPRESENTATION_CONTEXT(2) 
PARAMETRIC_REPRESENTATION_CONTEXT() REPRESENTATION_CONTEXT('2D SPACE',''
  ) );
#5123 = PCURVE('',#5124,#5129);
#5124 = CYLINDRICAL_SURFACE('',#5125,2.54);
#5125 = AXIS2_PLACEMENT_3D('',#5126,#5127,#5128);
#5126 = CARTESIAN_POINT('',(101.6,-332.74,279.4));
#5127 = DIRECTION('',(0.,1.,0.));
#5128 = DIRECTION('',(0.,-0.,1.));
#5129 = DEFINITIONAL_REPRESENTATION('',(#5130),#5134);
#5130 = LINE('',#5131,#5132);
#5131 = CARTESIAN_POINT('',(0.,2.54));
#5132 = VECTOR('',#5133,1.);
#5133 = DIRECTION('',(1.,0.));
#5134 = ( GEOMETRIC_REPRESENTATION_CONTEXT(2) 
PARAMETRIC_REPRESENTATION_CONTEXT() REPRESENTATION_CONTEXT('2D SPACE',''
  ) );
#5135 = FACE_BOUND('',#5136,.F.);
#5136 = EDGE_LOOP('',(#5137));
#5137 = ORIENTED_EDGE('',*,*,#5138,.F.);
#5138 = EDGE_CURVE('',#5139,#5139,#5141,.T.);
#5139 = VERTEX_POINT('',#5140);
#5140 = CARTESIAN_POINT('',(101.6,-330.2,294.64));
#5141 = SURFACE_CURVE('',#5142,(#5147,#5154),.PCURVE_S1.);
#5142 = CIRCLE('',#5143,2.54);
#5143 = AXIS2_PLACEMENT_3D('',#5144,#5145,#5146);
#5144 = CARTESIAN_POINT('',(101.6,-330.2,292.1));
#5145 = DIRECTION('',(0.,1.,0.));
#5146 = DIRECTION('',(0.,-0.,1.));
#5147 = PCURVE('',#94,#5148);
#5148 = DEFINITIONAL_REPRESENTATION('',(#5149),#5153);
#5149 = CIRCLE('',#5150,2.54);
#5150 = AXIS2_PLACEMENT_2D('',#5151,#5152);
#5151 = CARTESIAN_POINT('',(88.9,406.4));
#5152 = DIRECTION('',(1.,0.));
#5153 = ( GEOMETRIC_REPRESENTATION_CONTEXT(2) 
PARAMETRIC_REPRESENTATION_CONTEXT() REPRESENTATION_CONTEXT('2D SPACE',''
  ) );
#5154 = PCURVE('',#5155,#5160);
#5155 = CYLINDRICAL_SURFACE('',#5156,2.54);
#5156 = AXIS2_PLACEMENT_3D('',#5157,#5158,#5159);
#5157 = CARTESIAN_POINT('',(101.6,-332.74,292.1));
#5158 = DIRECTION('',(0.,1.,0.));
#5159 = DIRECTION('',(0.,-0.,1.));
#5160 = DEFINITIONAL_REPRESENTATION('',(#5161),#5165);
#5161 = LINE('',#5162,#5163);
#5162 = CARTESIAN_POINT('',(0.,2.54));
#5163 = VECTOR('',#5164,1.);
#5164 = DIRECTION('',(1.,0.));
#5165 = ( GEOMETRIC_REPRESENTATION_CONTEXT(2) 
PARAMETRIC_REPRESENTATION_CONTEXT() REPRESENTATION_CONTEXT('2D SPACE',''
  ) );
#5166 = FACE_BOUND('',#5167,.F.);
#5167 = EDGE_LOOP('',(#5168));
#5168 = ORIENTED_EDGE('',*,*,#5169,.F.);
#5169 = EDGE_CURVE('',#5170,#5170,#5172,.T.);
#5170 = VERTEX_POINT('',#5171);
#5171 = CARTESIAN_POINT('',(38.1,-330.2,307.34));
#5172 = SURFACE_CURVE('',#5173,(#5178,#5185),.PCURVE_S1.);
#5173 = CIRCLE('',#5174,2.54);
#5174 = AXIS2_PLACEMENT_3D('',#5175,#5176,#5177);
#5175 = CARTESIAN_POINT('',(38.1,-330.2,304.8));
#5176 = DIRECTION('',(0.,1.,0.));
#5177 = DIRECTION('',(0.,-0.,1.));
#5178 = PCURVE('',#94,#5179);
#5179 = DEFINITIONAL_REPRESENTATION('',(#5180),#5184);
#5180 = CIRCLE('',#5181,2.54);
#5181 = AXIS2_PLACEMENT_2D('',#5182,#5183);
#5182 = CARTESIAN_POINT('',(101.6,342.9));
#5183 = DIRECTION('',(1.,0.));
#5184 = ( GEOMETRIC_REPRESENTATION_CONTEXT(2) 
PARAMETRIC_REPRESENTATION_CONTEXT() REPRESENTATION_CONTEXT('2D SPACE',''
  ) );
#5185 = PCURVE('',#5186,#5191);
#5186 = CYLINDRICAL_SURFACE('',#5187,2.54);
#5187 = AXIS2_PLACEMENT_3D('',#5188,#5189,#5190);
#5188 = CARTESIAN_POINT('',(38.1,-332.74,304.8));
#5189 = DIRECTION('',(0.,1.,0.));
#5190 = DIRECTION('',(0.,-0.,1.));
#5191 = DEFINITIONAL_REPRESENTATION('',(#5192),#5196);
#5192 = LINE('',#5193,#5194);
#5193 = CARTESIAN_POINT('',(0.,2.54));
#5194 = VECTOR('',#5195,1.);
#5195 = DIRECTION('',(1.,0.));
#5196 = ( GEOMETRIC_REPRESENTATION_CONTEXT(2) 
PARAMETRIC_REPRESENTATION_CONTEXT() REPRESENTATION_CONTEXT('2D SPACE',''
  ) );
#5197 = FACE_BOUND('',#5198,.F.);
#5198 = EDGE_LOOP('',(#5199));
#5199 = ORIENTED_EDGE('',*,*,#5200,.F.);
#5200 = EDGE_CURVE('',#5201,#5201,#5203,.T.);
#5201 = VERTEX_POINT('',#5202);
#5202 = CARTESIAN_POINT('',(50.8,-330.2,307.34));
#5203 = SURFACE_CURVE('',#5204,(#5209,#5216),.PCURVE_S1.);
#5204 = CIRCLE('',#5205,2.54);
#5205 = AXIS2_PLACEMENT_3D('',#5206,#5207,#5208);
#5206 = CARTESIAN_POINT('',(50.8,-330.2,304.8));
#5207 = DIRECTION('',(0.,1.,0.));
#5208 = DIRECTION('',(0.,-0.,1.));
#5209 = PCURVE('',#94,#5210);
#5210 = DEFINITIONAL_REPRESENTATION('',(#5211),#5215);
#5211 = CIRCLE('',#5212,2.54);
#5212 = AXIS2_PLACEMENT_2D('',#5213,#5214);
#5213 = CARTESIAN_POINT('',(101.6,355.6));
#5214 = DIRECTION('',(1.,0.));
#5215 = ( GEOMETRIC_REPRESENTATION_CONTEXT(2) 
PARAMETRIC_REPRESENTATION_CONTEXT() REPRESENTATION_CONTEXT('2D SPACE',''
  ) );
#5216 = PCURVE('',#5217,#5222);
#5217 = CYLINDRICAL_SURFACE('',#5218,2.54);
#5218 = AXIS2_PLACEMENT_3D('',#5219,#5220,#5221);
#5219 = CARTESIAN_POINT('',(50.8,-332.74,304.8));
#5220 = DIRECTION('',(0.,1.,0.));
#5221 = DIRECTION('',(0.,-0.,1.));
#5222 = DEFINITIONAL_REPRESENTATION('',(#5223),#5227);
#5223 = LINE('',#5224,#5225);
#5224 = CARTESIAN_POINT('',(0.,2.54));
#5225 = VECTOR('',#5226,1.);
#5226 = DIRECTION('',(1.,0.));
#5227 = ( GEOMETRIC_REPRESENTATION_CONTEXT(2) 
PARAMETRIC_REPRESENTATION_CONTEXT() REPRESENTATION_CONTEXT('2D SPACE',''
  ) );
#5228 = FACE_BOUND('',#5229,.F.);
#5229 = EDGE_LOOP('',(#5230));
#5230 = ORIENTED_EDGE('',*,*,#5231,.F.);
#5231 = EDGE_CURVE('',#5232,#5232,#5234,.T.);
#5232 = VERTEX_POINT('',#5233);
#5233 = CARTESIAN_POINT('',(63.5,-330.2,307.34));
#5234 = SURFACE_CURVE('',#5235,(#5240,#5247),.PCURVE_S1.);
#5235 = CIRCLE('',#5236,2.54);
#5236 = AXIS2_PLACEMENT_3D('',#5237,#5238,#5239);
#5237 = CARTESIAN_POINT('',(63.5,-330.2,304.8));
#5238 = DIRECTION('',(0.,1.,0.));
#5239 = DIRECTION('',(0.,-0.,1.));
#5240 = PCURVE('',#94,#5241);
#5241 = DEFINITIONAL_REPRESENTATION('',(#5242),#5246);
#5242 = CIRCLE('',#5243,2.54);
#5243 = AXIS2_PLACEMENT_2D('',#5244,#5245);
#5244 = CARTESIAN_POINT('',(101.6,368.3));
#5245 = DIRECTION('',(1.,0.));
#5246 = ( GEOMETRIC_REPRESENTATION_CONTEXT(2) 
PARAMETRIC_REPRESENTATION_CONTEXT() REPRESENTATION_CONTEXT('2D SPACE',''
  ) );
#5247 = PCURVE('',#5248,#5253);
#5248 = CYLINDRICAL_SURFACE('',#5249,2.54);
#5249 = AXIS2_PLACEMENT_3D('',#5250,#5251,#5252);
#5250 = CARTESIAN_POINT('',(63.5,-332.74,304.8));
#5251 = DIRECTION('',(0.,1.,0.));
#5252 = DIRECTION('',(0.,-0.,1.));
#5253 = DEFINITIONAL_REPRESENTATION('',(#5254),#5258);
#5254 = LINE('',#5255,#5256);
#5255 = CARTESIAN_POINT('',(0.,2.54));
#5256 = VECTOR('',#5257,1.);
#5257 = DIRECTION('',(1.,0.));
#5258 = ( GEOMETRIC_REPRESENTATION_CONTEXT(2) 
PARAMETRIC_REPRESENTATION_CONTEXT() REPRESENTATION_CONTEXT('2D SPACE',''
  ) );
#5259 = FACE_BOUND('',#5260,.F.);
#5260 = EDGE_LOOP('',(#5261));
#5261 = ORIENTED_EDGE('',*,*,#5262,.F.);
#5262 = EDGE_CURVE('',#5263,#5263,#5265,.T.);
#5263 = VERTEX_POINT('',#5264);
#5264 = CARTESIAN_POINT('',(76.2,-330.2,307.34));
#5265 = SURFACE_CURVE('',#5266,(#5271,#5278),.PCURVE_S1.);
#5266 = CIRCLE('',#5267,2.54);
#5267 = AXIS2_PLACEMENT_3D('',#5268,#5269,#5270);
#5268 = CARTESIAN_POINT('',(76.2,-330.2,304.8));
#5269 = DIRECTION('',(0.,1.,0.));
#5270 = DIRECTION('',(0.,-0.,1.));
#5271 = PCURVE('',#94,#5272);
#5272 = DEFINITIONAL_REPRESENTATION('',(#5273),#5277);
#5273 = CIRCLE('',#5274,2.54);
#5274 = AXIS2_PLACEMENT_2D('',#5275,#5276);
#5275 = CARTESIAN_POINT('',(101.6,381.));
#5276 = DIRECTION('',(1.,0.));
#5277 = ( GEOMETRIC_REPRESENTATION_CONTEXT(2) 
PARAMETRIC_REPRESENTATION_CONTEXT() REPRESENTATION_CONTEXT('2D SPACE',''
  ) );
#5278 = PCURVE('',#5279,#5284);
#5279 = CYLINDRICAL_SURFACE('',#5280,2.54);
#5280 = AXIS2_PLACEMENT_3D('',#5281,#5282,#5283);
#5281 = CARTESIAN_POINT('',(76.2,-332.74,304.8));
#5282 = DIRECTION('',(0.,1.,0.));
#5283 = DIRECTION('',(0.,-0.,1.));
#5284 = DEFINITIONAL_REPRESENTATION('',(#5285),#5289);
#5285 = LINE('',#5286,#5287);
#5286 = CARTESIAN_POINT('',(0.,2.54));
#5287 = VECTOR('',#5288,1.);
#5288 = DIRECTION('',(1.,0.));
#5289 = ( GEOMETRIC_REPRESENTATION_CONTEXT(2) 
PARAMETRIC_REPRESENTATION_CONTEXT() REPRESENTATION_CONTEXT('2D SPACE',''
  ) );
#5290 = FACE_BOUND('',#5291,.F.);
#5291 = EDGE_LOOP('',(#5292));
#5292 = ORIENTED_EDGE('',*,*,#5293,.F.);
#5293 = EDGE_CURVE('',#5294,#5294,#5296,.T.);
#5294 = VERTEX_POINT('',#5295);
#5295 = CARTESIAN_POINT('',(88.9,-330.2,307.34));
#5296 = SURFACE_CURVE('',#5297,(#5302,#5309),.PCURVE_S1.);
#5297 = CIRCLE('',#5298,2.54);
#5298 = AXIS2_PLACEMENT_3D('',#5299,#5300,#5301);
#5299 = CARTESIAN_POINT('',(88.9,-330.2,304.8));
#5300 = DIRECTION('',(0.,1.,0.));
#5301 = DIRECTION('',(0.,-0.,1.));
#5302 = PCURVE('',#94,#5303);
#5303 = DEFINITIONAL_REPRESENTATION('',(#5304),#5308);
#5304 = CIRCLE('',#5305,2.54);
#5305 = AXIS2_PLACEMENT_2D('',#5306,#5307);
#5306 = CARTESIAN_POINT('',(101.6,393.7));
#5307 = DIRECTION('',(1.,0.));
#5308 = ( GEOMETRIC_REPRESENTATION_CONTEXT(2) 
PARAMETRIC_REPRESENTATION_CONTEXT() REPRESENTATION_CONTEXT('2D SPACE',''
  ) );
#5309 = PCURVE('',#5310,#5315);
#5310 = CYLINDRICAL_SURFACE('',#5311,2.54);
#5311 = AXIS2_PLACEMENT_3D('',#5312,#5313,#5314);
#5312 = CARTESIAN_POINT('',(88.9,-332.74,304.8));
#5313 = DIRECTION('',(0.,1.,0.));
#5314 = DIRECTION('',(0.,-0.,1.));
#5315 = DEFINITIONAL_REPRESENTATION('',(#5316),#5320);
#5316 = LINE('',#5317,#5318);
#5317 = CARTESIAN_POINT('',(0.,2.54));
#5318 = VECTOR('',#5319,1.);
#5319 = DIRECTION('',(1.,0.));
#5320 = ( GEOMETRIC_REPRESENTATION_CONTEXT(2) 
PARAMETRIC_REPRESENTATION_CONTEXT() REPRESENTATION_CONTEXT('2D SPACE',''
  ) );
#5321 = FACE_BOUND('',#5322,.F.);
#5322 = EDGE_LOOP('',(#5323));
#5323 = ORIENTED_EDGE('',*,*,#5324,.F.);
#5324 = EDGE_CURVE('',#5325,#5325,#5327,.T.);
#5325 = VERTEX_POINT('',#5326);
#5326 = CARTESIAN_POINT('',(38.1,-330.2,320.04));
#5327 = SURFACE_CURVE('',#5328,(#5333,#5340),.PCURVE_S1.);
#5328 = CIRCLE('',#5329,2.54);
#5329 = AXIS2_PLACEMENT_3D('',#5330,#5331,#5332);
#5330 = CARTESIAN_POINT('',(38.1,-330.2,317.5));
#5331 = DIRECTION('',(0.,1.,0.));
#5332 = DIRECTION('',(0.,-0.,1.));
#5333 = PCURVE('',#94,#5334);
#5334 = DEFINITIONAL_REPRESENTATION('',(#5335),#5339);
#5335 = CIRCLE('',#5336,2.54);
#5336 = AXIS2_PLACEMENT_2D('',#5337,#5338);
#5337 = CARTESIAN_POINT('',(114.3,342.9));
#5338 = DIRECTION('',(1.,0.));
#5339 = ( GEOMETRIC_REPRESENTATION_CONTEXT(2) 
PARAMETRIC_REPRESENTATION_CONTEXT() REPRESENTATION_CONTEXT('2D SPACE',''
  ) );
#5340 = PCURVE('',#5341,#5346);
#5341 = CYLINDRICAL_SURFACE('',#5342,2.54);
#5342 = AXIS2_PLACEMENT_3D('',#5343,#5344,#5345);
#5343 = CARTESIAN_POINT('',(38.1,-332.74,317.5));
#5344 = DIRECTION('',(0.,1.,0.));
#5345 = DIRECTION('',(0.,-0.,1.));
#5346 = DEFINITIONAL_REPRESENTATION('',(#5347),#5351);
#5347 = LINE('',#5348,#5349);
#5348 = CARTESIAN_POINT('',(0.,2.54));
#5349 = VECTOR('',#5350,1.);
#5350 = DIRECTION('',(1.,0.));
#5351 = ( GEOMETRIC_REPRESENTATION_CONTEXT(2) 
PARAMETRIC_REPRESENTATION_CONTEXT() REPRESENTATION_CONTEXT('2D SPACE',''
  ) );
#5352 = FACE_BOUND('',#5353,.F.);
#5353 = EDGE_LOOP('',(#5354));
#5354 = ORIENTED_EDGE('',*,*,#5355,.F.);
#5355 = EDGE_CURVE('',#5356,#5356,#5358,.T.);
#5356 = VERTEX_POINT('',#5357);
#5357 = CARTESIAN_POINT('',(50.8,-330.2,320.04));
#5358 = SURFACE_CURVE('',#5359,(#5364,#5371),.PCURVE_S1.);
#5359 = CIRCLE('',#5360,2.54);
#5360 = AXIS2_PLACEMENT_3D('',#5361,#5362,#5363);
#5361 = CARTESIAN_POINT('',(50.8,-330.2,317.5));
#5362 = DIRECTION('',(0.,1.,0.));
#5363 = DIRECTION('',(0.,-0.,1.));
#5364 = PCURVE('',#94,#5365);
#5365 = DEFINITIONAL_REPRESENTATION('',(#5366),#5370);
#5366 = CIRCLE('',#5367,2.54);
#5367 = AXIS2_PLACEMENT_2D('',#5368,#5369);
#5368 = CARTESIAN_POINT('',(114.3,355.6));
#5369 = DIRECTION('',(1.,0.));
#5370 = ( GEOMETRIC_REPRESENTATION_CONTEXT(2) 
PARAMETRIC_REPRESENTATION_CONTEXT() REPRESENTATION_CONTEXT('2D SPACE',''
  ) );
#5371 = PCURVE('',#5372,#5377);
#5372 = CYLINDRICAL_SURFACE('',#5373,2.54);
#5373 = AXIS2_PLACEMENT_3D('',#5374,#5375,#5376);
#5374 = CARTESIAN_POINT('',(50.8,-332.74,317.5));
#5375 = DIRECTION('',(0.,1.,0.));
#5376 = DIRECTION('',(0.,-0.,1.));
#5377 = DEFINITIONAL_REPRESENTATION('',(#5378),#5382);
#5378 = LINE('',#5379,#5380);
#5379 = CARTESIAN_POINT('',(0.,2.54));
#5380 = VECTOR('',#5381,1.);
#5381 = DIRECTION('',(1.,0.));
#5382 = ( GEOMETRIC_REPRESENTATION_CONTEXT(2) 
PARAMETRIC_REPRESENTATION_CONTEXT() REPRESENTATION_CONTEXT('2D SPACE',''
  ) );
#5383 = FACE_BOUND('',#5384,.F.);
#5384 = EDGE_LOOP('',(#5385));
#5385 = ORIENTED_EDGE('',*,*,#5386,.F.);
#5386 = EDGE_CURVE('',#5387,#5387,#5389,.T.);
#5387 = VERTEX_POINT('',#5388);
#5388 = CARTESIAN_POINT('',(63.5,-330.2,320.04));
#5389 = SURFACE_CURVE('',#5390,(#5395,#5402),.PCURVE_S1.);
#5390 = CIRCLE('',#5391,2.54);
#5391 = AXIS2_PLACEMENT_3D('',#5392,#5393,#5394);
#5392 = CARTESIAN_POINT('',(63.5,-330.2,317.5));
#5393 = DIRECTION('',(0.,1.,0.));
#5394 = DIRECTION('',(0.,-0.,1.));
#5395 = PCURVE('',#94,#5396);
#5396 = DEFINITIONAL_REPRESENTATION('',(#5397),#5401);
#5397 = CIRCLE('',#5398,2.54);
#5398 = AXIS2_PLACEMENT_2D('',#5399,#5400);
#5399 = CARTESIAN_POINT('',(114.3,368.3));
#5400 = DIRECTION('',(1.,0.));
#5401 = ( GEOMETRIC_REPRESENTATION_CONTEXT(2) 
PARAMETRIC_REPRESENTATION_CONTEXT() REPRESENTATION_CONTEXT('2D SPACE',''
  ) );
#5402 = PCURVE('',#5403,#5408);
#5403 = CYLINDRICAL_SURFACE('',#5404,2.54);
#5404 = AXIS2_PLACEMENT_3D('',#5405,#5406,#5407);
#5405 = CARTESIAN_POINT('',(63.5,-332.74,317.5));
#5406 = DIRECTION('',(0.,1.,0.));
#5407 = DIRECTION('',(0.,-0.,1.));
#5408 = DEFINITIONAL_REPRESENTATION('',(#5409),#5413);
#5409 = LINE('',#5410,#5411);
#5410 = CARTESIAN_POINT('',(0.,2.54));
#5411 = VECTOR('',#5412,1.);
#5412 = DIRECTION('',(1.,0.));
#5413 = ( GEOMETRIC_REPRESENTATION_CONTEXT(2) 
PARAMETRIC_REPRESENTATION_CONTEXT() REPRESENTATION_CONTEXT('2D SPACE',''
  ) );
#5414 = FACE_BOUND('',#5415,.F.);
#5415 = EDGE_LOOP('',(#5416));
#5416 = ORIENTED_EDGE('',*,*,#5417,.F.);
#5417 = EDGE_CURVE('',#5418,#5418,#5420,.T.);
#5418 = VERTEX_POINT('',#5419);
#5419 = CARTESIAN_POINT('',(38.1,-330.2,332.74));
#5420 = SURFACE_CURVE('',#5421,(#5426,#5433),.PCURVE_S1.);
#5421 = CIRCLE('',#5422,2.54);
#5422 = AXIS2_PLACEMENT_3D('',#5423,#5424,#5425);
#5423 = CARTESIAN_POINT('',(38.1,-330.2,330.2));
#5424 = DIRECTION('',(0.,1.,0.));
#5425 = DIRECTION('',(0.,-0.,1.));
#5426 = PCURVE('',#94,#5427);
#5427 = DEFINITIONAL_REPRESENTATION('',(#5428),#5432);
#5428 = CIRCLE('',#5429,2.54);
#5429 = AXIS2_PLACEMENT_2D('',#5430,#5431);
#5430 = CARTESIAN_POINT('',(127.,342.9));
#5431 = DIRECTION('',(1.,0.));
#5432 = ( GEOMETRIC_REPRESENTATION_CONTEXT(2) 
PARAMETRIC_REPRESENTATION_CONTEXT() REPRESENTATION_CONTEXT('2D SPACE',''
  ) );
#5433 = PCURVE('',#5434,#5439);
#5434 = CYLINDRICAL_SURFACE('',#5435,2.54);
#5435 = AXIS2_PLACEMENT_3D('',#5436,#5437,#5438);
#5436 = CARTESIAN_POINT('',(38.1,-332.74,330.2));
#5437 = DIRECTION('',(0.,1.,0.));
#5438 = DIRECTION('',(0.,-0.,1.));
#5439 = DEFINITIONAL_REPRESENTATION('',(#5440),#5444);
#5440 = LINE('',#5441,#5442);
#5441 = CARTESIAN_POINT('',(0.,2.54));
#5442 = VECTOR('',#5443,1.);
#5443 = DIRECTION('',(1.,0.));
#5444 = ( GEOMETRIC_REPRESENTATION_CONTEXT(2) 
PARAMETRIC_REPRESENTATION_CONTEXT() REPRESENTATION_CONTEXT('2D SPACE',''
  ) );
#5445 = FACE_BOUND('',#5446,.F.);
#5446 = EDGE_LOOP('',(#5447));
#5447 = ORIENTED_EDGE('',*,*,#5448,.F.);
#5448 = EDGE_CURVE('',#5449,#5449,#5451,.T.);
#5449 = VERTEX_POINT('',#5450);
#5450 = CARTESIAN_POINT('',(50.8,-330.2,332.74));
#5451 = SURFACE_CURVE('',#5452,(#5457,#5464),.PCURVE_S1.);
#5452 = CIRCLE('',#5453,2.54);
#5453 = AXIS2_PLACEMENT_3D('',#5454,#5455,#5456);
#5454 = CARTESIAN_POINT('',(50.8,-330.2,330.2));
#5455 = DIRECTION('',(0.,1.,0.));
#5456 = DIRECTION('',(0.,-0.,1.));
#5457 = PCURVE('',#94,#5458);
#5458 = DEFINITIONAL_REPRESENTATION('',(#5459),#5463);
#5459 = CIRCLE('',#5460,2.54);
#5460 = AXIS2_PLACEMENT_2D('',#5461,#5462);
#5461 = CARTESIAN_POINT('',(127.,355.6));
#5462 = DIRECTION('',(1.,0.));
#5463 = ( GEOMETRIC_REPRESENTATION_CONTEXT(2) 
PARAMETRIC_REPRESENTATION_CONTEXT() REPRESENTATION_CONTEXT('2D SPACE',''
  ) );
#5464 = PCURVE('',#5465,#5470);
#5465 = CYLINDRICAL_SURFACE('',#5466,2.54);
#5466 = AXIS2_PLACEMENT_3D('',#5467,#5468,#5469);
#5467 = CARTESIAN_POINT('',(50.8,-332.74,330.2));
#5468 = DIRECTION('',(0.,1.,0.));
#5469 = DIRECTION('',(0.,-0.,1.));
#5470 = DEFINITIONAL_REPRESENTATION('',(#5471),#5475);
#5471 = LINE('',#5472,#5473);
#5472 = CARTESIAN_POINT('',(0.,2.54));
#5473 = VECTOR('',#5474,1.);
#5474 = DIRECTION('',(1.,0.));
#5475 = ( GEOMETRIC_REPRESENTATION_CONTEXT(2) 
PARAMETRIC_REPRESENTATION_CONTEXT() REPRESENTATION_CONTEXT('2D SPACE',''
  ) );
#5476 = FACE_BOUND('',#5477,.F.);
#5477 = EDGE_LOOP('',(#5478));
#5478 = ORIENTED_EDGE('',*,*,#5479,.F.);
#5479 = EDGE_CURVE('',#5480,#5480,#5482,.T.);
#5480 = VERTEX_POINT('',#5481);
#5481 = CARTESIAN_POINT('',(63.5,-330.2,332.74));
#5482 = SURFACE_CURVE('',#5483,(#5488,#5495),.PCURVE_S1.);
#5483 = CIRCLE('',#5484,2.54);
#5484 = AXIS2_PLACEMENT_3D('',#5485,#5486,#5487);
#5485 = CARTESIAN_POINT('',(63.5,-330.2,330.2));
#5486 = DIRECTION('',(0.,1.,0.));
#5487 = DIRECTION('',(0.,-0.,1.));
#5488 = PCURVE('',#94,#5489);
#5489 = DEFINITIONAL_REPRESENTATION('',(#5490),#5494);
#5490 = CIRCLE('',#5491,2.54);
#5491 = AXIS2_PLACEMENT_2D('',#5492,#5493);
#5492 = CARTESIAN_POINT('',(127.,368.3));
#5493 = DIRECTION('',(1.,0.));
#5494 = ( GEOMETRIC_REPRESENTATION_CONTEXT(2) 
PARAMETRIC_REPRESENTATION_CONTEXT() REPRESENTATION_CONTEXT('2D SPACE',''
  ) );
#5495 = PCURVE('',#5496,#5501);
#5496 = CYLINDRICAL_SURFACE('',#5497,2.54);
#5497 = AXIS2_PLACEMENT_3D('',#5498,#5499,#5500);
#5498 = CARTESIAN_POINT('',(63.5,-332.74,330.2));
#5499 = DIRECTION('',(0.,1.,0.));
#5500 = DIRECTION('',(0.,-0.,1.));
#5501 = DEFINITIONAL_REPRESENTATION('',(#5502),#5506);
#5502 = LINE('',#5503,#5504);
#5503 = CARTESIAN_POINT('',(0.,2.54));
#5504 = VECTOR('',#5505,1.);
#5505 = DIRECTION('',(1.,0.));
#5506 = ( GEOMETRIC_REPRESENTATION_CONTEXT(2) 
PARAMETRIC_REPRESENTATION_CONTEXT() REPRESENTATION_CONTEXT('2D SPACE',''
  ) );
#5507 = FACE_BOUND('',#5508,.F.);
#5508 = EDGE_LOOP('',(#5509));
#5509 = ORIENTED_EDGE('',*,*,#5510,.F.);
#5510 = EDGE_CURVE('',#5511,#5511,#5513,.T.);
#5511 = VERTEX_POINT('',#5512);
#5512 = CARTESIAN_POINT('',(76.2,-330.2,320.04));
#5513 = SURFACE_CURVE('',#5514,(#5519,#5526),.PCURVE_S1.);
#5514 = CIRCLE('',#5515,2.54);
#5515 = AXIS2_PLACEMENT_3D('',#5516,#5517,#5518);
#5516 = CARTESIAN_POINT('',(76.2,-330.2,317.5));
#5517 = DIRECTION('',(0.,1.,0.));
#5518 = DIRECTION('',(0.,-0.,1.));
#5519 = PCURVE('',#94,#5520);
#5520 = DEFINITIONAL_REPRESENTATION('',(#5521),#5525);
#5521 = CIRCLE('',#5522,2.54);
#5522 = AXIS2_PLACEMENT_2D('',#5523,#5524);
#5523 = CARTESIAN_POINT('',(114.3,381.));
#5524 = DIRECTION('',(1.,0.));
#5525 = ( GEOMETRIC_REPRESENTATION_CONTEXT(2) 
PARAMETRIC_REPRESENTATION_CONTEXT() REPRESENTATION_CONTEXT('2D SPACE',''
  ) );
#5526 = PCURVE('',#5527,#5532);
#5527 = CYLINDRICAL_SURFACE('',#5528,2.54);
#5528 = AXIS2_PLACEMENT_3D('',#5529,#5530,#5531);
#5529 = CARTESIAN_POINT('',(76.2,-332.74,317.5));
#5530 = DIRECTION('',(0.,1.,0.));
#5531 = DIRECTION('',(0.,-0.,1.));
#5532 = DEFINITIONAL_REPRESENTATION('',(#5533),#5537);
#5533 = LINE('',#5534,#5535);
#5534 = CARTESIAN_POINT('',(0.,2.54));
#5535 = VECTOR('',#5536,1.);
#5536 = DIRECTION('',(1.,0.));
#5537 = ( GEOMETRIC_REPRESENTATION_CONTEXT(2) 
PARAMETRIC_REPRESENTATION_CONTEXT() REPRESENTATION_CONTEXT('2D SPACE',''
  ) );
#5538 = FACE_BOUND('',#5539,.F.);
#5539 = EDGE_LOOP('',(#5540));
#5540 = ORIENTED_EDGE('',*,*,#5541,.F.);
#5541 = EDGE_CURVE('',#5542,#5542,#5544,.T.);
#5542 = VERTEX_POINT('',#5543);
#5543 = CARTESIAN_POINT('',(88.9,-330.2,320.04));
#5544 = SURFACE_CURVE('',#5545,(#5550,#5557),.PCURVE_S1.);
#5545 = CIRCLE('',#5546,2.54);
#5546 = AXIS2_PLACEMENT_3D('',#5547,#5548,#5549);
#5547 = CARTESIAN_POINT('',(88.9,-330.2,317.5));
#5548 = DIRECTION('',(0.,1.,0.));
#5549 = DIRECTION('',(0.,-0.,1.));
#5550 = PCURVE('',#94,#5551);
#5551 = DEFINITIONAL_REPRESENTATION('',(#5552),#5556);
#5552 = CIRCLE('',#5553,2.54);
#5553 = AXIS2_PLACEMENT_2D('',#5554,#5555);
#5554 = CARTESIAN_POINT('',(114.3,393.7));
#5555 = DIRECTION('',(1.,0.));
#5556 = ( GEOMETRIC_REPRESENTATION_CONTEXT(2) 
PARAMETRIC_REPRESENTATION_CONTEXT() REPRESENTATION_CONTEXT('2D SPACE',''
  ) );
#5557 = PCURVE('',#5558,#5563);
#5558 = CYLINDRICAL_SURFACE('',#5559,2.54);
#5559 = AXIS2_PLACEMENT_3D('',#5560,#5561,#5562);
#5560 = CARTESIAN_POINT('',(88.9,-332.74,317.5));
#5561 = DIRECTION('',(0.,1.,0.));
#5562 = DIRECTION('',(0.,-0.,1.));
#5563 = DEFINITIONAL_REPRESENTATION('',(#5564),#5568);
#5564 = LINE('',#5565,#5566);
#5565 = CARTESIAN_POINT('',(0.,2.54));
#5566 = VECTOR('',#5567,1.);
#5567 = DIRECTION('',(1.,0.));
#5568 = ( GEOMETRIC_REPRESENTATION_CONTEXT(2) 
PARAMETRIC_REPRESENTATION_CONTEXT() REPRESENTATION_CONTEXT('2D SPACE',''
  ) );
#5569 = FACE_BOUND('',#5570,.F.);
#5570 = EDGE_LOOP('',(#5571));
#5571 = ORIENTED_EDGE('',*,*,#5572,.F.);
#5572 = EDGE_CURVE('',#5573,#5573,#5575,.T.);
#5573 = VERTEX_POINT('',#5574);
#5574 = CARTESIAN_POINT('',(76.2,-330.2,332.74));
#5575 = SURFACE_CURVE('',#5576,(#5581,#5588),.PCURVE_S1.);
#5576 = CIRCLE('',#5577,2.54);
#5577 = AXIS2_PLACEMENT_3D('',#5578,#5579,#5580);
#5578 = CARTESIAN_POINT('',(76.2,-330.2,330.2));
#5579 = DIRECTION('',(0.,1.,0.));
#5580 = DIRECTION('',(0.,-0.,1.));
#5581 = PCURVE('',#94,#5582);
#5582 = DEFINITIONAL_REPRESENTATION('',(#5583),#5587);
#5583 = CIRCLE('',#5584,2.54);
#5584 = AXIS2_PLACEMENT_2D('',#5585,#5586);
#5585 = CARTESIAN_POINT('',(127.,381.));
#5586 = DIRECTION('',(1.,0.));
#5587 = ( GEOMETRIC_REPRESENTATION_CONTEXT(2) 
PARAMETRIC_REPRESENTATION_CONTEXT() REPRESENTATION_CONTEXT('2D SPACE',''
  ) );
#5588 = PCURVE('',#5589,#5594);
#5589 = CYLINDRICAL_SURFACE('',#5590,2.54);
#5590 = AXIS2_PLACEMENT_3D('',#5591,#5592,#5593);
#5591 = CARTESIAN_POINT('',(76.2,-332.74,330.2));
#5592 = DIRECTION('',(0.,1.,0.));
#5593 = DIRECTION('',(0.,-0.,1.));
#5594 = DEFINITIONAL_REPRESENTATION('',(#5595),#5599);
#5595 = LINE('',#5596,#5597);
#5596 = CARTESIAN_POINT('',(0.,2.54));
#5597 = VECTOR('',#5598,1.);
#5598 = DIRECTION('',(1.,0.));
#5599 = ( GEOMETRIC_REPRESENTATION_CONTEXT(2) 
PARAMETRIC_REPRESENTATION_CONTEXT() REPRESENTATION_CONTEXT('2D SPACE',''
  ) );
#5600 = FACE_BOUND('',#5601,.F.);
#5601 = EDGE_LOOP('',(#5602));
#5602 = ORIENTED_EDGE('',*,*,#5603,.F.);
#5603 = EDGE_CURVE('',#5604,#5604,#5606,.T.);
#5604 = VERTEX_POINT('',#5605);
#5605 = CARTESIAN_POINT('',(88.9,-330.2,332.74));
#5606 = SURFACE_CURVE('',#5607,(#5612,#5619),.PCURVE_S1.);
#5607 = CIRCLE('',#5608,2.54);
#5608 = AXIS2_PLACEMENT_3D('',#5609,#5610,#5611);
#5609 = CARTESIAN_POINT('',(88.9,-330.2,330.2));
#5610 = DIRECTION('',(0.,1.,0.));
#5611 = DIRECTION('',(0.,-0.,1.));
#5612 = PCURVE('',#94,#5613);
#5613 = DEFINITIONAL_REPRESENTATION('',(#5614),#5618);
#5614 = CIRCLE('',#5615,2.54);
#5615 = AXIS2_PLACEMENT_2D('',#5616,#5617);
#5616 = CARTESIAN_POINT('',(127.,393.7));
#5617 = DIRECTION('',(1.,0.));
#5618 = ( GEOMETRIC_REPRESENTATION_CONTEXT(2) 
PARAMETRIC_REPRESENTATION_CONTEXT() REPRESENTATION_CONTEXT('2D SPACE',''
  ) );
#5619 = PCURVE('',#5620,#5625);
#5620 = CYLINDRICAL_SURFACE('',#5621,2.54);
#5621 = AXIS2_PLACEMENT_3D('',#5622,#5623,#5624);
#5622 = CARTESIAN_POINT('',(88.9,-332.74,330.2));
#5623 = DIRECTION('',(0.,1.,0.));
#5624 = DIRECTION('',(0.,-0.,1.));
#5625 = DEFINITIONAL_REPRESENTATION('',(#5626),#5630);
#5626 = LINE('',#5627,#5628);
#5627 = CARTESIAN_POINT('',(0.,2.54));
#5628 = VECTOR('',#5629,1.);
#5629 = DIRECTION('',(1.,0.));
#5630 = ( GEOMETRIC_REPRESENTATION_CONTEXT(2) 
PARAMETRIC_REPRESENTATION_CONTEXT() REPRESENTATION_CONTEXT('2D SPACE',''
  ) );
#5631 = FACE_BOUND('',#5632,.F.);
#5632 = EDGE_LOOP('',(#5633));
#5633 = ORIENTED_EDGE('',*,*,#5634,.F.);
#5634 = EDGE_CURVE('',#5635,#5635,#5637,.T.);
#5635 = VERTEX_POINT('',#5636);
#5636 = CARTESIAN_POINT('',(101.6,-330.2,307.34));
#5637 = SURFACE_CURVE('',#5638,(#5643,#5650),.PCURVE_S1.);
#5638 = CIRCLE('',#5639,2.54);
#5639 = AXIS2_PLACEMENT_3D('',#5640,#5641,#5642);
#5640 = CARTESIAN_POINT('',(101.6,-330.2,304.8));
#5641 = DIRECTION('',(0.,1.,0.));
#5642 = DIRECTION('',(0.,-0.,1.));
#5643 = PCURVE('',#94,#5644);
#5644 = DEFINITIONAL_REPRESENTATION('',(#5645),#5649);
#5645 = CIRCLE('',#5646,2.54);
#5646 = AXIS2_PLACEMENT_2D('',#5647,#5648);
#5647 = CARTESIAN_POINT('',(101.6,406.4));
#5648 = DIRECTION('',(1.,0.));
#5649 = ( GEOMETRIC_REPRESENTATION_CONTEXT(2) 
PARAMETRIC_REPRESENTATION_CONTEXT() REPRESENTATION_CONTEXT('2D SPACE',''
  ) );
#5650 = PCURVE('',#5651,#5656);
#5651 = CYLINDRICAL_SURFACE('',#5652,2.54);
#5652 = AXIS2_PLACEMENT_3D('',#5653,#5654,#5655);
#5653 = CARTESIAN_POINT('',(101.6,-332.74,304.8));
#5654 = DIRECTION('',(0.,1.,0.));
#5655 = DIRECTION('',(0.,-0.,1.));
#5656 = DEFINITIONAL_REPRESENTATION('',(#5657),#5661);
#5657 = LINE('',#5658,#5659);
#5658 = CARTESIAN_POINT('',(0.,2.54));
#5659 = VECTOR('',#5660,1.);
#5660 = DIRECTION('',(1.,0.));
#5661 = ( GEOMETRIC_REPRESENTATION_CONTEXT(2) 
PARAMETRIC_REPRESENTATION_CONTEXT() REPRESENTATION_CONTEXT('2D SPACE',''
  ) );
#5662 = FACE_BOUND('',#5663,.F.);
#5663 = EDGE_LOOP('',(#5664));
#5664 = ORIENTED_EDGE('',*,*,#5665,.F.);
#5665 = EDGE_CURVE('',#5666,#5666,#5668,.T.);
#5666 = VERTEX_POINT('',#5667);
#5667 = CARTESIAN_POINT('',(101.6,-330.2,320.04));
#5668 = SURFACE_CURVE('',#5669,(#5674,#5681),.PCURVE_S1.);
#5669 = CIRCLE('',#5670,2.54);
#5670 = AXIS2_PLACEMENT_3D('',#5671,#5672,#5673);
#5671 = CARTESIAN_POINT('',(101.6,-330.2,317.5));
#5672 = DIRECTION('',(0.,1.,0.));
#5673 = DIRECTION('',(0.,-0.,1.));
#5674 = PCURVE('',#94,#5675);
#5675 = DEFINITIONAL_REPRESENTATION('',(#5676),#5680);
#5676 = CIRCLE('',#5677,2.54);
#5677 = AXIS2_PLACEMENT_2D('',#5678,#5679);
#5678 = CARTESIAN_POINT('',(114.3,406.4));
#5679 = DIRECTION('',(1.,0.));
#5680 = ( GEOMETRIC_REPRESENTATION_CONTEXT(2) 
PARAMETRIC_REPRESENTATION_CONTEXT() REPRESENTATION_CONTEXT('2D SPACE',''
  ) );
#5681 = PCURVE('',#5682,#5687);
#5682 = CYLINDRICAL_SURFACE('',#5683,2.54);
#5683 = AXIS2_PLACEMENT_3D('',#5684,#5685,#5686);
#5684 = CARTESIAN_POINT('',(101.6,-332.74,317.5));
#5685 = DIRECTION('',(0.,1.,0.));
#5686 = DIRECTION('',(0.,-0.,1.));
#5687 = DEFINITIONAL_REPRESENTATION('',(#5688),#5692);
#5688 = LINE('',#5689,#5690);
#5689 = CARTESIAN_POINT('',(0.,2.54));
#5690 = VECTOR('',#5691,1.);
#5691 = DIRECTION('',(1.,0.));
#5692 = ( GEOMETRIC_REPRESENTATION_CONTEXT(2) 
PARAMETRIC_REPRESENTATION_CONTEXT() REPRESENTATION_CONTEXT('2D SPACE',''
  ) );
#5693 = FACE_BOUND('',#5694,.F.);
#5694 = EDGE_LOOP('',(#5695));
#5695 = ORIENTED_EDGE('',*,*,#5696,.F.);
#5696 = EDGE_CURVE('',#5697,#5697,#5699,.T.);
#5697 = VERTEX_POINT('',#5698);
#5698 = CARTESIAN_POINT('',(101.6,-330.2,332.74));
#5699 = SURFACE_CURVE('',#5700,(#5705,#5712),.PCURVE_S1.);
#5700 = CIRCLE('',#5701,2.54);
#5701 = AXIS2_PLACEMENT_3D('',#5702,#5703,#5704);
#5702 = CARTESIAN_POINT('',(101.6,-330.2,330.2));
#5703 = DIRECTION('',(0.,1.,0.));
#5704 = DIRECTION('',(0.,-0.,1.));
#5705 = PCURVE('',#94,#5706);
#5706 = DEFINITIONAL_REPRESENTATION('',(#5707),#5711);
#5707 = CIRCLE('',#5708,2.54);
#5708 = AXIS2_PLACEMENT_2D('',#5709,#5710);
#5709 = CARTESIAN_POINT('',(127.,406.4));
#5710 = DIRECTION('',(1.,0.));
#5711 = ( GEOMETRIC_REPRESENTATION_CONTEXT(2) 
PARAMETRIC_REPRESENTATION_CONTEXT() REPRESENTATION_CONTEXT('2D SPACE',''
  ) );
#5712 = PCURVE('',#5713,#5718);
#5713 = CYLINDRICAL_SURFACE('',#5714,2.54);
#5714 = AXIS2_PLACEMENT_3D('',#5715,#5716,#5717);
#5715 = CARTESIAN_POINT('',(101.6,-332.74,330.2));
#5716 = DIRECTION('',(0.,1.,0.));
#5717 = DIRECTION('',(0.,-0.,1.));
#5718 = DEFINITIONAL_REPRESENTATION('',(#5719),#5723);
#5719 = LINE('',#5720,#5721);
#5720 = CARTESIAN_POINT('',(0.,2.54));
#5721 = VECTOR('',#5722,1.);
#5722 = DIRECTION('',(1.,0.));
#5723 = ( GEOMETRIC_REPRESENTATION_CONTEXT(2) 
PARAMETRIC_REPRESENTATION_CONTEXT() REPRESENTATION_CONTEXT('2D SPACE',''
  ) );
#5724 = ADVANCED_FACE('',(#5725),#176,.T.);
#5725 = FACE_BOUND('',#5726,.T.);
#5726 = EDGE_LOOP('',(#5727,#5728,#5729,#5752));
#5727 = ORIENTED_EDGE('',*,*,#162,.F.);
#5728 = ORIENTED_EDGE('',*,*,#215,.T.);
#5729 = ORIENTED_EDGE('',*,*,#5730,.T.);
#5730 = EDGE_CURVE('',#216,#5731,#5733,.T.);
#5731 = VERTEX_POINT('',#5732);
#5732 = CARTESIAN_POINT('',(304.8,-323.85,368.3));
#5733 = SURFACE_CURVE('',#5734,(#5738,#5745),.PCURVE_S1.);
#5734 = LINE('',#5735,#5736);
#5735 = CARTESIAN_POINT('',(304.8,-330.2,368.3));
#5736 = VECTOR('',#5737,1.);
#5737 = DIRECTION('',(-0.,1.,0.));
#5738 = PCURVE('',#176,#5739);
#5739 = DEFINITIONAL_REPRESENTATION('',(#5740),#5744);
#5740 = LINE('',#5741,#5742);
#5741 = CARTESIAN_POINT('',(609.6,0.));
#5742 = VECTOR('',#5743,1.);
#5743 = DIRECTION('',(0.,1.));
#5744 = ( GEOMETRIC_REPRESENTATION_CONTEXT(2) 
PARAMETRIC_REPRESENTATION_CONTEXT() REPRESENTATION_CONTEXT('2D SPACE',''
  ) );
#5745 = PCURVE('',#252,#5746);
#5746 = DEFINITIONAL_REPRESENTATION('',(#5747),#5751);
#5747 = LINE('',#5748,#5749);
#5748 = CARTESIAN_POINT('',(165.1,0.));
#5749 = VECTOR('',#5750,1.);
#5750 = DIRECTION('',(0.,-1.));
#5751 = ( GEOMETRIC_REPRESENTATION_CONTEXT(2) 
PARAMETRIC_REPRESENTATION_CONTEXT() REPRESENTATION_CONTEXT('2D SPACE',''
  ) );
#5752 = ORIENTED_EDGE('',*,*,#5753,.F.);
#5753 = EDGE_CURVE('',#135,#5731,#5754,.T.);
#5754 = SURFACE_CURVE('',#5755,(#5759,#5766),.PCURVE_S1.);
#5755 = LINE('',#5756,#5757);
#5756 = CARTESIAN_POINT('',(-304.8,-323.85,368.3));
#5757 = VECTOR('',#5758,1.);
#5758 = DIRECTION('',(1.,0.,-0.));
#5759 = PCURVE('',#176,#5760);
#5760 = DEFINITIONAL_REPRESENTATION('',(#5761),#5765);
#5761 = LINE('',#5762,#5763);
#5762 = CARTESIAN_POINT('',(0.,6.35));
#5763 = VECTOR('',#5764,1.);
#5764 = DIRECTION('',(1.,0.));
#5765 = ( GEOMETRIC_REPRESENTATION_CONTEXT(2) 
PARAMETRIC_REPRESENTATION_CONTEXT() REPRESENTATION_CONTEXT('2D SPACE',''
  ) );
#5766 = PCURVE('',#150,#5767);
#5767 = DEFINITIONAL_REPRESENTATION('',(#5768),#5772);
#5768 = LINE('',#5769,#5770);
#5769 = CARTESIAN_POINT('',(165.1,0.));
#5770 = VECTOR('',#5771,1.);
#5771 = DIRECTION('',(0.,1.));
#5772 = ( GEOMETRIC_REPRESENTATION_CONTEXT(2) 
PARAMETRIC_REPRESENTATION_CONTEXT() REPRESENTATION_CONTEXT('2D SPACE',''
  ) );
#5773 = ADVANCED_FACE('',(#5774,#5822,#5953,#5979,#6005,#6031,#6057,
    #6083,#6109,#6135,#6161,#6187,#6213,#6239,#6265,#6351,#6377,#6403,
    #6429,#6455,#6481,#6507,#6533,#6559,#6585,#6611,#6637,#6663,#6689,
    #6715,#6741,#6767,#6793,#6819,#6845,#6871,#6897,#6923,#6949,#6975,
    #7001,#7027,#7053,#7079,#7105,#7131,#7157,#7183,#7209,#7235,#7261,
    #7287,#7313,#7339,#7365,#7391,#7417,#7443,#7469,#7495,#7521,#7547,
    #7573,#7599,#7625,#7651,#7677,#7703,#7729,#7755,#7781,#7807,#7833,
    #7859,#7885,#7911,#7937,#7963,#7989,#8015,#8041,#8067,#8093,#8119,
    #8145,#8171,#8197,#8223,#8249,#8275,#8301,#8327,#8353,#8379,#8405,
    #8431,#8457,#8483,#8509,#8535,#8561,#8587,#8613,#8639,#8665,#8691,
    #8717,#8743,#8769,#8795,#8821,#8847,#8873,#8899,#8925,#8951,#8977,
    #9003,#9029,#9055,#9081,#9107,#9133,#9159,#9185,#9211,#9237,#9263,
    #9289,#9315,#9341,#9367,#9393,#9608,#9634,#9660,#9686,#9712,#9738,
    #9764,#9790,#9816,#9842,#9868,#9894,#9920,#9946,#9972,#9998,#10024,
    #10050,#10076,#10102,#10128,#10154,#10180,#10206,#10232,#10258,
    #10284,#10310,#10336,#10362),#150,.T.);
#5774 = FACE_BOUND('',#5775,.T.);
#5775 = EDGE_LOOP('',(#5776,#5799,#5800,#5801));
#5776 = ORIENTED_EDGE('',*,*,#5777,.F.);
#5777 = EDGE_CURVE('',#107,#5778,#5780,.T.);
#5778 = VERTEX_POINT('',#5779);
#5779 = CARTESIAN_POINT('',(304.8,-323.85,203.2));
#5780 = SURFACE_CURVE('',#5781,(#5785,#5792),.PCURVE_S1.);
#5781 = LINE('',#5782,#5783);
#5782 = CARTESIAN_POINT('',(-304.8,-323.85,203.2));
#5783 = VECTOR('',#5784,1.);
#5784 = DIRECTION('',(1.,0.,-0.));
#5785 = PCURVE('',#150,#5786);
#5786 = DEFINITIONAL_REPRESENTATION('',(#5787),#5791);
#5787 = LINE('',#5788,#5789);
#5788 = CARTESIAN_POINT('',(0.,0.));
#5789 = VECTOR('',#5790,1.);
#5790 = DIRECTION('',(0.,1.));
#5791 = ( GEOMETRIC_REPRESENTATION_CONTEXT(2) 
PARAMETRIC_REPRESENTATION_CONTEXT() REPRESENTATION_CONTEXT('2D SPACE',''
  ) );
#5792 = PCURVE('',#122,#5793);
#5793 = DEFINITIONAL_REPRESENTATION('',(#5794),#5798);
#5794 = LINE('',#5795,#5796);
#5795 = CARTESIAN_POINT('',(0.,6.35));
#5796 = VECTOR('',#5797,1.);
#5797 = DIRECTION('',(1.,0.));
#5798 = ( GEOMETRIC_REPRESENTATION_CONTEXT(2) 
PARAMETRIC_REPRESENTATION_CONTEXT() REPRESENTATION_CONTEXT('2D SPACE',''
  ) );
#5799 = ORIENTED_EDGE('',*,*,#134,.T.);
#5800 = ORIENTED_EDGE('',*,*,#5753,.T.);
#5801 = ORIENTED_EDGE('',*,*,#5802,.F.);
#5802 = EDGE_CURVE('',#5778,#5731,#5803,.T.);
#5803 = SURFACE_CURVE('',#5804,(#5808,#5815),.PCURVE_S1.);
#5804 = LINE('',#5805,#5806);
#5805 = CARTESIAN_POINT('',(304.8,-323.85,203.2));
#5806 = VECTOR('',#5807,1.);
#5807 = DIRECTION('',(0.,0.,1.));
#5808 = PCURVE('',#150,#5809);
#5809 = DEFINITIONAL_REPRESENTATION('',(#5810),#5814);
#5810 = LINE('',#5811,#5812);
#5811 = CARTESIAN_POINT('',(0.,609.6));
#5812 = VECTOR('',#5813,1.);
#5813 = DIRECTION('',(1.,0.));
#5814 = ( GEOMETRIC_REPRESENTATION_CONTEXT(2) 
PARAMETRIC_REPRESENTATION_CONTEXT() REPRESENTATION_CONTEXT('2D SPACE',''
  ) );
#5815 = PCURVE('',#252,#5816);
#5816 = DEFINITIONAL_REPRESENTATION('',(#5817),#5821);
#5817 = LINE('',#5818,#5819);
#5818 = CARTESIAN_POINT('',(0.,-6.35));
#5819 = VECTOR('',#5820,1.);
#5820 = DIRECTION('',(1.,0.));
#5821 = ( GEOMETRIC_REPRESENTATION_CONTEXT(2) 
PARAMETRIC_REPRESENTATION_CONTEXT() REPRESENTATION_CONTEXT('2D SPACE',''
  ) );
#5822 = FACE_BOUND('',#5823,.T.);
#5823 = EDGE_LOOP('',(#5824,#5847,#5868,#5889,#5913,#5934));
#5824 = ORIENTED_EDGE('',*,*,#5825,.F.);
#5825 = EDGE_CURVE('',#5826,#5828,#5830,.T.);
#5826 = VERTEX_POINT('',#5827);
#5827 = CARTESIAN_POINT('',(-228.6,-323.85,223.52));
#5828 = VERTEX_POINT('',#5829);
#5829 = CARTESIAN_POINT('',(-177.8,-323.85,223.52));
#5830 = SURFACE_CURVE('',#5831,(#5835,#5841),.PCURVE_S1.);
#5831 = LINE('',#5832,#5833);
#5832 = CARTESIAN_POINT('',(-266.7,-323.85,223.52));
#5833 = VECTOR('',#5834,1.);
#5834 = DIRECTION('',(1.,0.,-0.));
#5835 = PCURVE('',#150,#5836);
#5836 = DEFINITIONAL_REPRESENTATION('',(#5837),#5840);
#5837 = B_SPLINE_CURVE_WITH_KNOTS('',1,(#5838,#5839),.UNSPECIFIED.,.F.,
  .F.,(2,2),(38.1,88.9),.PIECEWISE_BEZIER_KNOTS.);
#5838 = CARTESIAN_POINT('',(20.32,76.2));
#5839 = CARTESIAN_POINT('',(20.32,127.));
#5840 = ( GEOMETRIC_REPRESENTATION_CONTEXT(2) 
PARAMETRIC_REPRESENTATION_CONTEXT() REPRESENTATION_CONTEXT('2D SPACE',''
  ) );
#5841 = PCURVE('',#283,#5842);
#5842 = DEFINITIONAL_REPRESENTATION('',(#5843),#5846);
#5843 = B_SPLINE_CURVE_WITH_KNOTS('',1,(#5844,#5845),.UNSPECIFIED.,.F.,
  .F.,(2,2),(38.1,88.9),.PIECEWISE_BEZIER_KNOTS.);
#5844 = CARTESIAN_POINT('',(0.,8.89));
#5845 = CARTESIAN_POINT('',(50.8,8.89));
#5846 = ( GEOMETRIC_REPRESENTATION_CONTEXT(2) 
PARAMETRIC_REPRESENTATION_CONTEXT() REPRESENTATION_CONTEXT('2D SPACE',''
  ) );
#5847 = ORIENTED_EDGE('',*,*,#5848,.T.);
#5848 = EDGE_CURVE('',#5826,#5849,#5851,.T.);
#5849 = VERTEX_POINT('',#5850);
#5850 = CARTESIAN_POINT('',(-228.6,-323.85,210.82));
#5851 = SURFACE_CURVE('',#5852,(#5856,#5862),.PCURVE_S1.);
#5852 = LINE('',#5853,#5854);
#5853 = CARTESIAN_POINT('',(-228.6,-323.85,207.01));
#5854 = VECTOR('',#5855,1.);
#5855 = DIRECTION('',(-0.,0.,-1.));
#5856 = PCURVE('',#150,#5857);
#5857 = DEFINITIONAL_REPRESENTATION('',(#5858),#5861);
#5858 = B_SPLINE_CURVE_WITH_KNOTS('',1,(#5859,#5860),.UNSPECIFIED.,.F.,
  .F.,(2,2),(-16.51,-3.81),.PIECEWISE_BEZIER_KNOTS.);
#5859 = CARTESIAN_POINT('',(20.32,76.2));
#5860 = CARTESIAN_POINT('',(7.62,76.2));
#5861 = ( GEOMETRIC_REPRESENTATION_CONTEXT(2) 
PARAMETRIC_REPRESENTATION_CONTEXT() REPRESENTATION_CONTEXT('2D SPACE',''
  ) );
#5862 = PCURVE('',#309,#5863);
#5863 = DEFINITIONAL_REPRESENTATION('',(#5864),#5867);
#5864 = B_SPLINE_CURVE_WITH_KNOTS('',1,(#5865,#5866),.UNSPECIFIED.,.F.,
  .F.,(2,2),(-16.51,-3.81),.PIECEWISE_BEZIER_KNOTS.);
#5865 = CARTESIAN_POINT('',(12.7,-8.89));
#5866 = CARTESIAN_POINT('',(0.,-8.89));
#5867 = ( GEOMETRIC_REPRESENTATION_CONTEXT(2) 
PARAMETRIC_REPRESENTATION_CONTEXT() REPRESENTATION_CONTEXT('2D SPACE',''
  ) );
#5868 = ORIENTED_EDGE('',*,*,#5869,.T.);
#5869 = EDGE_CURVE('',#5849,#5870,#5872,.T.);
#5870 = VERTEX_POINT('',#5871);
#5871 = CARTESIAN_POINT('',(-190.5127,-323.85,210.82));
#5872 = SURFACE_CURVE('',#5873,(#5877,#5883),.PCURVE_S1.);
#5873 = LINE('',#5874,#5875);
#5874 = CARTESIAN_POINT('',(-266.7,-323.85,210.82));
#5875 = VECTOR('',#5876,1.);
#5876 = DIRECTION('',(1.,0.,-0.));
#5877 = PCURVE('',#150,#5878);
#5878 = DEFINITIONAL_REPRESENTATION('',(#5879),#5882);
#5879 = B_SPLINE_CURVE_WITH_KNOTS('',1,(#5880,#5881),.UNSPECIFIED.,.F.,
  .F.,(2,2),(38.1,88.9),.PIECEWISE_BEZIER_KNOTS.);
#5880 = CARTESIAN_POINT('',(7.62,76.2));
#5881 = CARTESIAN_POINT('',(7.62,127.));
#5882 = ( GEOMETRIC_REPRESENTATION_CONTEXT(2) 
PARAMETRIC_REPRESENTATION_CONTEXT() REPRESENTATION_CONTEXT('2D SPACE',''
  ) );
#5883 = PCURVE('',#335,#5884);
#5884 = DEFINITIONAL_REPRESENTATION('',(#5885),#5888);
#5885 = B_SPLINE_CURVE_WITH_KNOTS('',1,(#5886,#5887),.UNSPECIFIED.,.F.,
  .F.,(2,2),(38.1,88.9),.PIECEWISE_BEZIER_KNOTS.);
#5886 = CARTESIAN_POINT('',(0.,8.89));
#5887 = CARTESIAN_POINT('',(50.8,8.89));
#5888 = ( GEOMETRIC_REPRESENTATION_CONTEXT(2) 
PARAMETRIC_REPRESENTATION_CONTEXT() REPRESENTATION_CONTEXT('2D SPACE',''
  ) );
#5889 = ORIENTED_EDGE('',*,*,#5890,.F.);
#5890 = EDGE_CURVE('',#5891,#5870,#5893,.T.);
#5891 = VERTEX_POINT('',#5892);
#5892 = CARTESIAN_POINT('',(-185.4072999999,-323.85,210.82));
#5893 = SURFACE_CURVE('',#5894,(#5899,#5906),.PCURVE_S1.);
#5894 = CIRCLE('',#5895,2.5527);
#5895 = AXIS2_PLACEMENT_3D('',#5896,#5897,#5898);
#5896 = CARTESIAN_POINT('',(-187.96,-323.85,210.82));
#5897 = DIRECTION('',(0.,1.,0.));
#5898 = DIRECTION('',(0.,-0.,1.));
#5899 = PCURVE('',#150,#5900);
#5900 = DEFINITIONAL_REPRESENTATION('',(#5901),#5905);
#5901 = CIRCLE('',#5902,2.5527);
#5902 = AXIS2_PLACEMENT_2D('',#5903,#5904);
#5903 = CARTESIAN_POINT('',(7.62,116.84));
#5904 = DIRECTION('',(1.,0.));
#5905 = ( GEOMETRIC_REPRESENTATION_CONTEXT(2) 
PARAMETRIC_REPRESENTATION_CONTEXT() REPRESENTATION_CONTEXT('2D SPACE',''
  ) );
#5906 = PCURVE('',#363,#5907);
#5907 = DEFINITIONAL_REPRESENTATION('',(#5908),#5912);
#5908 = LINE('',#5909,#5910);
#5909 = CARTESIAN_POINT('',(0.,8.89));
#5910 = VECTOR('',#5911,1.);
#5911 = DIRECTION('',(1.,0.));
#5912 = ( GEOMETRIC_REPRESENTATION_CONTEXT(2) 
PARAMETRIC_REPRESENTATION_CONTEXT() REPRESENTATION_CONTEXT('2D SPACE',''
  ) );
#5913 = ORIENTED_EDGE('',*,*,#5914,.T.);
#5914 = EDGE_CURVE('',#5891,#5915,#5917,.T.);
#5915 = VERTEX_POINT('',#5916);
#5916 = CARTESIAN_POINT('',(-177.8,-323.85,210.82));
#5917 = SURFACE_CURVE('',#5918,(#5922,#5928),.PCURVE_S1.);
#5918 = LINE('',#5919,#5920);
#5919 = CARTESIAN_POINT('',(-266.7,-323.85,210.82));
#5920 = VECTOR('',#5921,1.);
#5921 = DIRECTION('',(1.,0.,-0.));
#5922 = PCURVE('',#150,#5923);
#5923 = DEFINITIONAL_REPRESENTATION('',(#5924),#5927);
#5924 = B_SPLINE_CURVE_WITH_KNOTS('',1,(#5925,#5926),.UNSPECIFIED.,.F.,
  .F.,(2,2),(38.1,88.9),.PIECEWISE_BEZIER_KNOTS.);
#5925 = CARTESIAN_POINT('',(7.62,76.2));
#5926 = CARTESIAN_POINT('',(7.62,127.));
#5927 = ( GEOMETRIC_REPRESENTATION_CONTEXT(2) 
PARAMETRIC_REPRESENTATION_CONTEXT() REPRESENTATION_CONTEXT('2D SPACE',''
  ) );
#5928 = PCURVE('',#390,#5929);
#5929 = DEFINITIONAL_REPRESENTATION('',(#5930),#5933);
#5930 = B_SPLINE_CURVE_WITH_KNOTS('',1,(#5931,#5932),.UNSPECIFIED.,.F.,
  .F.,(2,2),(38.1,88.9),.PIECEWISE_BEZIER_KNOTS.);
#5931 = CARTESIAN_POINT('',(0.,8.89));
#5932 = CARTESIAN_POINT('',(50.8,8.89));
#5933 = ( GEOMETRIC_REPRESENTATION_CONTEXT(2) 
PARAMETRIC_REPRESENTATION_CONTEXT() REPRESENTATION_CONTEXT('2D SPACE',''
  ) );
#5934 = ORIENTED_EDGE('',*,*,#5935,.F.);
#5935 = EDGE_CURVE('',#5828,#5915,#5936,.T.);
#5936 = SURFACE_CURVE('',#5937,(#5941,#5947),.PCURVE_S1.);
#5937 = LINE('',#5938,#5939);
#5938 = CARTESIAN_POINT('',(-177.8,-323.85,207.01));
#5939 = VECTOR('',#5940,1.);
#5940 = DIRECTION('',(-0.,0.,-1.));
#5941 = PCURVE('',#150,#5942);
#5942 = DEFINITIONAL_REPRESENTATION('',(#5943),#5946);
#5943 = B_SPLINE_CURVE_WITH_KNOTS('',1,(#5944,#5945),.UNSPECIFIED.,.F.,
  .F.,(2,2),(-16.51,-3.81),.PIECEWISE_BEZIER_KNOTS.);
#5944 = CARTESIAN_POINT('',(20.32,127.));
#5945 = CARTESIAN_POINT('',(7.62,127.));
#5946 = ( GEOMETRIC_REPRESENTATION_CONTEXT(2) 
PARAMETRIC_REPRESENTATION_CONTEXT() REPRESENTATION_CONTEXT('2D SPACE',''
  ) );
#5947 = PCURVE('',#414,#5948);
#5948 = DEFINITIONAL_REPRESENTATION('',(#5949),#5952);
#5949 = B_SPLINE_CURVE_WITH_KNOTS('',1,(#5950,#5951),.UNSPECIFIED.,.F.,
  .F.,(2,2),(-16.51,-3.81),.PIECEWISE_BEZIER_KNOTS.);
#5950 = CARTESIAN_POINT('',(12.7,-8.89));
#5951 = CARTESIAN_POINT('',(0.,-8.89));
#5952 = ( GEOMETRIC_REPRESENTATION_CONTEXT(2) 
PARAMETRIC_REPRESENTATION_CONTEXT() REPRESENTATION_CONTEXT('2D SPACE',''
  ) );
#5953 = FACE_BOUND('',#5954,.T.);
#5954 = EDGE_LOOP('',(#5955));
#5955 = ORIENTED_EDGE('',*,*,#5956,.F.);
#5956 = EDGE_CURVE('',#5957,#5957,#5959,.T.);
#5957 = VERTEX_POINT('',#5958);
#5958 = CARTESIAN_POINT('',(-167.64,-323.85,213.3727));
#5959 = SURFACE_CURVE('',#5960,(#5965,#5972),.PCURVE_S1.);
#5960 = CIRCLE('',#5961,2.5527);
#5961 = AXIS2_PLACEMENT_3D('',#5962,#5963,#5964);
#5962 = CARTESIAN_POINT('',(-167.64,-323.85,210.82));
#5963 = DIRECTION('',(0.,1.,0.));
#5964 = DIRECTION('',(0.,-0.,1.));
#5965 = PCURVE('',#150,#5966);
#5966 = DEFINITIONAL_REPRESENTATION('',(#5967),#5971);
#5967 = CIRCLE('',#5968,2.5527);
#5968 = AXIS2_PLACEMENT_2D('',#5969,#5970);
#5969 = CARTESIAN_POINT('',(7.62,137.16));
#5970 = DIRECTION('',(1.,0.));
#5971 = ( GEOMETRIC_REPRESENTATION_CONTEXT(2) 
PARAMETRIC_REPRESENTATION_CONTEXT() REPRESENTATION_CONTEXT('2D SPACE',''
  ) );
#5972 = PCURVE('',#444,#5973);
#5973 = DEFINITIONAL_REPRESENTATION('',(#5974),#5978);
#5974 = LINE('',#5975,#5976);
#5975 = CARTESIAN_POINT('',(0.,8.89));
#5976 = VECTOR('',#5977,1.);
#5977 = DIRECTION('',(1.,0.));
#5978 = ( GEOMETRIC_REPRESENTATION_CONTEXT(2) 
PARAMETRIC_REPRESENTATION_CONTEXT() REPRESENTATION_CONTEXT('2D SPACE',''
  ) );
#5979 = FACE_BOUND('',#5980,.T.);
#5980 = EDGE_LOOP('',(#5981));
#5981 = ORIENTED_EDGE('',*,*,#5982,.F.);
#5982 = EDGE_CURVE('',#5983,#5983,#5985,.T.);
#5983 = VERTEX_POINT('',#5984);
#5984 = CARTESIAN_POINT('',(-101.6,-323.85,231.14));
#5985 = SURFACE_CURVE('',#5986,(#5991,#5998),.PCURVE_S1.);
#5986 = CIRCLE('',#5987,2.54);
#5987 = AXIS2_PLACEMENT_3D('',#5988,#5989,#5990);
#5988 = CARTESIAN_POINT('',(-101.6,-323.85,228.6));
#5989 = DIRECTION('',(0.,1.,0.));
#5990 = DIRECTION('',(0.,-0.,1.));
#5991 = PCURVE('',#150,#5992);
#5992 = DEFINITIONAL_REPRESENTATION('',(#5993),#5997);
#5993 = CIRCLE('',#5994,2.54);
#5994 = AXIS2_PLACEMENT_2D('',#5995,#5996);
#5995 = CARTESIAN_POINT('',(25.4,203.2));
#5996 = DIRECTION('',(1.,0.));
#5997 = ( GEOMETRIC_REPRESENTATION_CONTEXT(2) 
PARAMETRIC_REPRESENTATION_CONTEXT() REPRESENTATION_CONTEXT('2D SPACE',''
  ) );
#5998 = PCURVE('',#475,#5999);
#5999 = DEFINITIONAL_REPRESENTATION('',(#6000),#6004);
#6000 = LINE('',#6001,#6002);
#6001 = CARTESIAN_POINT('',(0.,8.89));
#6002 = VECTOR('',#6003,1.);
#6003 = DIRECTION('',(1.,0.));
#6004 = ( GEOMETRIC_REPRESENTATION_CONTEXT(2) 
PARAMETRIC_REPRESENTATION_CONTEXT() REPRESENTATION_CONTEXT('2D SPACE',''
  ) );
#6005 = FACE_BOUND('',#6006,.T.);
#6006 = EDGE_LOOP('',(#6007));
#6007 = ORIENTED_EDGE('',*,*,#6008,.F.);
#6008 = EDGE_CURVE('',#6009,#6009,#6011,.T.);
#6009 = VERTEX_POINT('',#6010);
#6010 = CARTESIAN_POINT('',(-101.6,-323.85,243.84));
#6011 = SURFACE_CURVE('',#6012,(#6017,#6024),.PCURVE_S1.);
#6012 = CIRCLE('',#6013,2.54);
#6013 = AXIS2_PLACEMENT_3D('',#6014,#6015,#6016);
#6014 = CARTESIAN_POINT('',(-101.6,-323.85,241.3));
#6015 = DIRECTION('',(0.,1.,0.));
#6016 = DIRECTION('',(0.,-0.,1.));
#6017 = PCURVE('',#150,#6018);
#6018 = DEFINITIONAL_REPRESENTATION('',(#6019),#6023);
#6019 = CIRCLE('',#6020,2.54);
#6020 = AXIS2_PLACEMENT_2D('',#6021,#6022);
#6021 = CARTESIAN_POINT('',(38.1,203.2));
#6022 = DIRECTION('',(1.,0.));
#6023 = ( GEOMETRIC_REPRESENTATION_CONTEXT(2) 
PARAMETRIC_REPRESENTATION_CONTEXT() REPRESENTATION_CONTEXT('2D SPACE',''
  ) );
#6024 = PCURVE('',#506,#6025);
#6025 = DEFINITIONAL_REPRESENTATION('',(#6026),#6030);
#6026 = LINE('',#6027,#6028);
#6027 = CARTESIAN_POINT('',(0.,8.89));
#6028 = VECTOR('',#6029,1.);
#6029 = DIRECTION('',(1.,0.));
#6030 = ( GEOMETRIC_REPRESENTATION_CONTEXT(2) 
PARAMETRIC_REPRESENTATION_CONTEXT() REPRESENTATION_CONTEXT('2D SPACE',''
  ) );
#6031 = FACE_BOUND('',#6032,.T.);
#6032 = EDGE_LOOP('',(#6033));
#6033 = ORIENTED_EDGE('',*,*,#6034,.F.);
#6034 = EDGE_CURVE('',#6035,#6035,#6037,.T.);
#6035 = VERTEX_POINT('',#6036);
#6036 = CARTESIAN_POINT('',(-101.6,-323.85,256.54));
#6037 = SURFACE_CURVE('',#6038,(#6043,#6050),.PCURVE_S1.);
#6038 = CIRCLE('',#6039,2.54);
#6039 = AXIS2_PLACEMENT_3D('',#6040,#6041,#6042);
#6040 = CARTESIAN_POINT('',(-101.6,-323.85,254.));
#6041 = DIRECTION('',(0.,1.,0.));
#6042 = DIRECTION('',(0.,-0.,1.));
#6043 = PCURVE('',#150,#6044);
#6044 = DEFINITIONAL_REPRESENTATION('',(#6045),#6049);
#6045 = CIRCLE('',#6046,2.54);
#6046 = AXIS2_PLACEMENT_2D('',#6047,#6048);
#6047 = CARTESIAN_POINT('',(50.8,203.2));
#6048 = DIRECTION('',(1.,0.));
#6049 = ( GEOMETRIC_REPRESENTATION_CONTEXT(2) 
PARAMETRIC_REPRESENTATION_CONTEXT() REPRESENTATION_CONTEXT('2D SPACE',''
  ) );
#6050 = PCURVE('',#537,#6051);
#6051 = DEFINITIONAL_REPRESENTATION('',(#6052),#6056);
#6052 = LINE('',#6053,#6054);
#6053 = CARTESIAN_POINT('',(0.,8.89));
#6054 = VECTOR('',#6055,1.);
#6055 = DIRECTION('',(1.,0.));
#6056 = ( GEOMETRIC_REPRESENTATION_CONTEXT(2) 
PARAMETRIC_REPRESENTATION_CONTEXT() REPRESENTATION_CONTEXT('2D SPACE',''
  ) );
#6057 = FACE_BOUND('',#6058,.T.);
#6058 = EDGE_LOOP('',(#6059));
#6059 = ORIENTED_EDGE('',*,*,#6060,.F.);
#6060 = EDGE_CURVE('',#6061,#6061,#6063,.T.);
#6061 = VERTEX_POINT('',#6062);
#6062 = CARTESIAN_POINT('',(-101.6,-323.85,269.24));
#6063 = SURFACE_CURVE('',#6064,(#6069,#6076),.PCURVE_S1.);
#6064 = CIRCLE('',#6065,2.54);
#6065 = AXIS2_PLACEMENT_3D('',#6066,#6067,#6068);
#6066 = CARTESIAN_POINT('',(-101.6,-323.85,266.7));
#6067 = DIRECTION('',(0.,1.,0.));
#6068 = DIRECTION('',(0.,-0.,1.));
#6069 = PCURVE('',#150,#6070);
#6070 = DEFINITIONAL_REPRESENTATION('',(#6071),#6075);
#6071 = CIRCLE('',#6072,2.54);
#6072 = AXIS2_PLACEMENT_2D('',#6073,#6074);
#6073 = CARTESIAN_POINT('',(63.5,203.2));
#6074 = DIRECTION('',(1.,0.));
#6075 = ( GEOMETRIC_REPRESENTATION_CONTEXT(2) 
PARAMETRIC_REPRESENTATION_CONTEXT() REPRESENTATION_CONTEXT('2D SPACE',''
  ) );
#6076 = PCURVE('',#568,#6077);
#6077 = DEFINITIONAL_REPRESENTATION('',(#6078),#6082);
#6078 = LINE('',#6079,#6080);
#6079 = CARTESIAN_POINT('',(0.,8.89));
#6080 = VECTOR('',#6081,1.);
#6081 = DIRECTION('',(1.,0.));
#6082 = ( GEOMETRIC_REPRESENTATION_CONTEXT(2) 
PARAMETRIC_REPRESENTATION_CONTEXT() REPRESENTATION_CONTEXT('2D SPACE',''
  ) );
#6083 = FACE_BOUND('',#6084,.T.);
#6084 = EDGE_LOOP('',(#6085));
#6085 = ORIENTED_EDGE('',*,*,#6086,.F.);
#6086 = EDGE_CURVE('',#6087,#6087,#6089,.T.);
#6087 = VERTEX_POINT('',#6088);
#6088 = CARTESIAN_POINT('',(-73.66,-323.85,213.3727));
#6089 = SURFACE_CURVE('',#6090,(#6095,#6102),.PCURVE_S1.);
#6090 = CIRCLE('',#6091,2.5527);
#6091 = AXIS2_PLACEMENT_3D('',#6092,#6093,#6094);
#6092 = CARTESIAN_POINT('',(-73.66,-323.85,210.82));
#6093 = DIRECTION('',(0.,1.,0.));
#6094 = DIRECTION('',(0.,-0.,1.));
#6095 = PCURVE('',#150,#6096);
#6096 = DEFINITIONAL_REPRESENTATION('',(#6097),#6101);
#6097 = CIRCLE('',#6098,2.5527);
#6098 = AXIS2_PLACEMENT_2D('',#6099,#6100);
#6099 = CARTESIAN_POINT('',(7.62,231.14));
#6100 = DIRECTION('',(1.,0.));
#6101 = ( GEOMETRIC_REPRESENTATION_CONTEXT(2) 
PARAMETRIC_REPRESENTATION_CONTEXT() REPRESENTATION_CONTEXT('2D SPACE',''
  ) );
#6102 = PCURVE('',#599,#6103);
#6103 = DEFINITIONAL_REPRESENTATION('',(#6104),#6108);
#6104 = LINE('',#6105,#6106);
#6105 = CARTESIAN_POINT('',(0.,8.89));
#6106 = VECTOR('',#6107,1.);
#6107 = DIRECTION('',(1.,0.));
#6108 = ( GEOMETRIC_REPRESENTATION_CONTEXT(2) 
PARAMETRIC_REPRESENTATION_CONTEXT() REPRESENTATION_CONTEXT('2D SPACE',''
  ) );
#6109 = FACE_BOUND('',#6110,.T.);
#6110 = EDGE_LOOP('',(#6111));
#6111 = ORIENTED_EDGE('',*,*,#6112,.F.);
#6112 = EDGE_CURVE('',#6113,#6113,#6115,.T.);
#6113 = VERTEX_POINT('',#6114);
#6114 = CARTESIAN_POINT('',(-53.34,-323.85,213.3727));
#6115 = SURFACE_CURVE('',#6116,(#6121,#6128),.PCURVE_S1.);
#6116 = CIRCLE('',#6117,2.5527);
#6117 = AXIS2_PLACEMENT_3D('',#6118,#6119,#6120);
#6118 = CARTESIAN_POINT('',(-53.34,-323.85,210.82));
#6119 = DIRECTION('',(0.,1.,0.));
#6120 = DIRECTION('',(0.,-0.,1.));
#6121 = PCURVE('',#150,#6122);
#6122 = DEFINITIONAL_REPRESENTATION('',(#6123),#6127);
#6123 = CIRCLE('',#6124,2.5527);
#6124 = AXIS2_PLACEMENT_2D('',#6125,#6126);
#6125 = CARTESIAN_POINT('',(7.62,251.46));
#6126 = DIRECTION('',(1.,0.));
#6127 = ( GEOMETRIC_REPRESENTATION_CONTEXT(2) 
PARAMETRIC_REPRESENTATION_CONTEXT() REPRESENTATION_CONTEXT('2D SPACE',''
  ) );
#6128 = PCURVE('',#630,#6129);
#6129 = DEFINITIONAL_REPRESENTATION('',(#6130),#6134);
#6130 = LINE('',#6131,#6132);
#6131 = CARTESIAN_POINT('',(0.,8.89));
#6132 = VECTOR('',#6133,1.);
#6133 = DIRECTION('',(1.,0.));
#6134 = ( GEOMETRIC_REPRESENTATION_CONTEXT(2) 
PARAMETRIC_REPRESENTATION_CONTEXT() REPRESENTATION_CONTEXT('2D SPACE',''
  ) );
#6135 = FACE_BOUND('',#6136,.T.);
#6136 = EDGE_LOOP('',(#6137));
#6137 = ORIENTED_EDGE('',*,*,#6138,.F.);
#6138 = EDGE_CURVE('',#6139,#6139,#6141,.T.);
#6139 = VERTEX_POINT('',#6140);
#6140 = CARTESIAN_POINT('',(-88.9,-323.85,231.14));
#6141 = SURFACE_CURVE('',#6142,(#6147,#6154),.PCURVE_S1.);
#6142 = CIRCLE('',#6143,2.54);
#6143 = AXIS2_PLACEMENT_3D('',#6144,#6145,#6146);
#6144 = CARTESIAN_POINT('',(-88.9,-323.85,228.6));
#6145 = DIRECTION('',(0.,1.,0.));
#6146 = DIRECTION('',(0.,-0.,1.));
#6147 = PCURVE('',#150,#6148);
#6148 = DEFINITIONAL_REPRESENTATION('',(#6149),#6153);
#6149 = CIRCLE('',#6150,2.54);
#6150 = AXIS2_PLACEMENT_2D('',#6151,#6152);
#6151 = CARTESIAN_POINT('',(25.4,215.9));
#6152 = DIRECTION('',(1.,0.));
#6153 = ( GEOMETRIC_REPRESENTATION_CONTEXT(2) 
PARAMETRIC_REPRESENTATION_CONTEXT() REPRESENTATION_CONTEXT('2D SPACE',''
  ) );
#6154 = PCURVE('',#661,#6155);
#6155 = DEFINITIONAL_REPRESENTATION('',(#6156),#6160);
#6156 = LINE('',#6157,#6158);
#6157 = CARTESIAN_POINT('',(0.,8.89));
#6158 = VECTOR('',#6159,1.);
#6159 = DIRECTION('',(1.,0.));
#6160 = ( GEOMETRIC_REPRESENTATION_CONTEXT(2) 
PARAMETRIC_REPRESENTATION_CONTEXT() REPRESENTATION_CONTEXT('2D SPACE',''
  ) );
#6161 = FACE_BOUND('',#6162,.T.);
#6162 = EDGE_LOOP('',(#6163));
#6163 = ORIENTED_EDGE('',*,*,#6164,.F.);
#6164 = EDGE_CURVE('',#6165,#6165,#6167,.T.);
#6165 = VERTEX_POINT('',#6166);
#6166 = CARTESIAN_POINT('',(-76.2,-323.85,231.14));
#6167 = SURFACE_CURVE('',#6168,(#6173,#6180),.PCURVE_S1.);
#6168 = CIRCLE('',#6169,2.54);
#6169 = AXIS2_PLACEMENT_3D('',#6170,#6171,#6172);
#6170 = CARTESIAN_POINT('',(-76.2,-323.85,228.6));
#6171 = DIRECTION('',(0.,1.,0.));
#6172 = DIRECTION('',(0.,-0.,1.));
#6173 = PCURVE('',#150,#6174);
#6174 = DEFINITIONAL_REPRESENTATION('',(#6175),#6179);
#6175 = CIRCLE('',#6176,2.54);
#6176 = AXIS2_PLACEMENT_2D('',#6177,#6178);
#6177 = CARTESIAN_POINT('',(25.4,228.6));
#6178 = DIRECTION('',(1.,0.));
#6179 = ( GEOMETRIC_REPRESENTATION_CONTEXT(2) 
PARAMETRIC_REPRESENTATION_CONTEXT() REPRESENTATION_CONTEXT('2D SPACE',''
  ) );
#6180 = PCURVE('',#692,#6181);
#6181 = DEFINITIONAL_REPRESENTATION('',(#6182),#6186);
#6182 = LINE('',#6183,#6184);
#6183 = CARTESIAN_POINT('',(0.,8.89));
#6184 = VECTOR('',#6185,1.);
#6185 = DIRECTION('',(1.,0.));
#6186 = ( GEOMETRIC_REPRESENTATION_CONTEXT(2) 
PARAMETRIC_REPRESENTATION_CONTEXT() REPRESENTATION_CONTEXT('2D SPACE',''
  ) );
#6187 = FACE_BOUND('',#6188,.T.);
#6188 = EDGE_LOOP('',(#6189));
#6189 = ORIENTED_EDGE('',*,*,#6190,.F.);
#6190 = EDGE_CURVE('',#6191,#6191,#6193,.T.);
#6191 = VERTEX_POINT('',#6192);
#6192 = CARTESIAN_POINT('',(-63.5,-323.85,231.14));
#6193 = SURFACE_CURVE('',#6194,(#6199,#6206),.PCURVE_S1.);
#6194 = CIRCLE('',#6195,2.54);
#6195 = AXIS2_PLACEMENT_3D('',#6196,#6197,#6198);
#6196 = CARTESIAN_POINT('',(-63.5,-323.85,228.6));
#6197 = DIRECTION('',(0.,1.,0.));
#6198 = DIRECTION('',(0.,-0.,1.));
#6199 = PCURVE('',#150,#6200);
#6200 = DEFINITIONAL_REPRESENTATION('',(#6201),#6205);
#6201 = CIRCLE('',#6202,2.54);
#6202 = AXIS2_PLACEMENT_2D('',#6203,#6204);
#6203 = CARTESIAN_POINT('',(25.4,241.3));
#6204 = DIRECTION('',(1.,0.));
#6205 = ( GEOMETRIC_REPRESENTATION_CONTEXT(2) 
PARAMETRIC_REPRESENTATION_CONTEXT() REPRESENTATION_CONTEXT('2D SPACE',''
  ) );
#6206 = PCURVE('',#723,#6207);
#6207 = DEFINITIONAL_REPRESENTATION('',(#6208),#6212);
#6208 = LINE('',#6209,#6210);
#6209 = CARTESIAN_POINT('',(0.,8.89));
#6210 = VECTOR('',#6211,1.);
#6211 = DIRECTION('',(1.,0.));
#6212 = ( GEOMETRIC_REPRESENTATION_CONTEXT(2) 
PARAMETRIC_REPRESENTATION_CONTEXT() REPRESENTATION_CONTEXT('2D SPACE',''
  ) );
#6213 = FACE_BOUND('',#6214,.T.);
#6214 = EDGE_LOOP('',(#6215));
#6215 = ORIENTED_EDGE('',*,*,#6216,.F.);
#6216 = EDGE_CURVE('',#6217,#6217,#6219,.T.);
#6217 = VERTEX_POINT('',#6218);
#6218 = CARTESIAN_POINT('',(-50.8,-323.85,231.14));
#6219 = SURFACE_CURVE('',#6220,(#6225,#6232),.PCURVE_S1.);
#6220 = CIRCLE('',#6221,2.54);
#6221 = AXIS2_PLACEMENT_3D('',#6222,#6223,#6224);
#6222 = CARTESIAN_POINT('',(-50.8,-323.85,228.6));
#6223 = DIRECTION('',(0.,1.,0.));
#6224 = DIRECTION('',(0.,-0.,1.));
#6225 = PCURVE('',#150,#6226);
#6226 = DEFINITIONAL_REPRESENTATION('',(#6227),#6231);
#6227 = CIRCLE('',#6228,2.54);
#6228 = AXIS2_PLACEMENT_2D('',#6229,#6230);
#6229 = CARTESIAN_POINT('',(25.4,254.));
#6230 = DIRECTION('',(1.,0.));
#6231 = ( GEOMETRIC_REPRESENTATION_CONTEXT(2) 
PARAMETRIC_REPRESENTATION_CONTEXT() REPRESENTATION_CONTEXT('2D SPACE',''
  ) );
#6232 = PCURVE('',#754,#6233);
#6233 = DEFINITIONAL_REPRESENTATION('',(#6234),#6238);
#6234 = LINE('',#6235,#6236);
#6235 = CARTESIAN_POINT('',(0.,8.89));
#6236 = VECTOR('',#6237,1.);
#6237 = DIRECTION('',(1.,0.));
#6238 = ( GEOMETRIC_REPRESENTATION_CONTEXT(2) 
PARAMETRIC_REPRESENTATION_CONTEXT() REPRESENTATION_CONTEXT('2D SPACE',''
  ) );
#6239 = FACE_BOUND('',#6240,.T.);
#6240 = EDGE_LOOP('',(#6241));
#6241 = ORIENTED_EDGE('',*,*,#6242,.F.);
#6242 = EDGE_CURVE('',#6243,#6243,#6245,.T.);
#6243 = VERTEX_POINT('',#6244);
#6244 = CARTESIAN_POINT('',(-38.1,-323.85,231.14));
#6245 = SURFACE_CURVE('',#6246,(#6251,#6258),.PCURVE_S1.);
#6246 = CIRCLE('',#6247,2.54);
#6247 = AXIS2_PLACEMENT_3D('',#6248,#6249,#6250);
#6248 = CARTESIAN_POINT('',(-38.1,-323.85,228.6));
#6249 = DIRECTION('',(0.,1.,0.));
#6250 = DIRECTION('',(0.,-0.,1.));
#6251 = PCURVE('',#150,#6252);
#6252 = DEFINITIONAL_REPRESENTATION('',(#6253),#6257);
#6253 = CIRCLE('',#6254,2.54);
#6254 = AXIS2_PLACEMENT_2D('',#6255,#6256);
#6255 = CARTESIAN_POINT('',(25.4,266.7));
#6256 = DIRECTION('',(1.,0.));
#6257 = ( GEOMETRIC_REPRESENTATION_CONTEXT(2) 
PARAMETRIC_REPRESENTATION_CONTEXT() REPRESENTATION_CONTEXT('2D SPACE',''
  ) );
#6258 = PCURVE('',#785,#6259);
#6259 = DEFINITIONAL_REPRESENTATION('',(#6260),#6264);
#6260 = LINE('',#6261,#6262);
#6261 = CARTESIAN_POINT('',(0.,8.89));
#6262 = VECTOR('',#6263,1.);
#6263 = DIRECTION('',(1.,0.));
#6264 = ( GEOMETRIC_REPRESENTATION_CONTEXT(2) 
PARAMETRIC_REPRESENTATION_CONTEXT() REPRESENTATION_CONTEXT('2D SPACE',''
  ) );
#6265 = FACE_BOUND('',#6266,.T.);
#6266 = EDGE_LOOP('',(#6267,#6290,#6311,#6332));
#6267 = ORIENTED_EDGE('',*,*,#6268,.F.);
#6268 = EDGE_CURVE('',#6269,#6271,#6273,.T.);
#6269 = VERTEX_POINT('',#6270);
#6270 = CARTESIAN_POINT('',(-25.4,-323.85,223.52));
#6271 = VERTEX_POINT('',#6272);
#6272 = CARTESIAN_POINT('',(25.4,-323.85,223.52));
#6273 = SURFACE_CURVE('',#6274,(#6278,#6284),.PCURVE_S1.);
#6274 = LINE('',#6275,#6276);
#6275 = CARTESIAN_POINT('',(-165.1,-323.85,223.52));
#6276 = VECTOR('',#6277,1.);
#6277 = DIRECTION('',(1.,0.,-0.));
#6278 = PCURVE('',#150,#6279);
#6279 = DEFINITIONAL_REPRESENTATION('',(#6280),#6283);
#6280 = B_SPLINE_CURVE_WITH_KNOTS('',1,(#6281,#6282),.UNSPECIFIED.,.F.,
  .F.,(2,2),(139.7,190.5),.PIECEWISE_BEZIER_KNOTS.);
#6281 = CARTESIAN_POINT('',(20.32,279.4));
#6282 = CARTESIAN_POINT('',(20.32,330.2));
#6283 = ( GEOMETRIC_REPRESENTATION_CONTEXT(2) 
PARAMETRIC_REPRESENTATION_CONTEXT() REPRESENTATION_CONTEXT('2D SPACE',''
  ) );
#6284 = PCURVE('',#816,#6285);
#6285 = DEFINITIONAL_REPRESENTATION('',(#6286),#6289);
#6286 = B_SPLINE_CURVE_WITH_KNOTS('',1,(#6287,#6288),.UNSPECIFIED.,.F.,
  .F.,(2,2),(139.7,190.5),.PIECEWISE_BEZIER_KNOTS.);
#6287 = CARTESIAN_POINT('',(0.,8.89));
#6288 = CARTESIAN_POINT('',(50.8,8.89));
#6289 = ( GEOMETRIC_REPRESENTATION_CONTEXT(2) 
PARAMETRIC_REPRESENTATION_CONTEXT() REPRESENTATION_CONTEXT('2D SPACE',''
  ) );
#6290 = ORIENTED_EDGE('',*,*,#6291,.T.);
#6291 = EDGE_CURVE('',#6269,#6292,#6294,.T.);
#6292 = VERTEX_POINT('',#6293);
#6293 = CARTESIAN_POINT('',(-25.4,-323.85,210.82));
#6294 = SURFACE_CURVE('',#6295,(#6299,#6305),.PCURVE_S1.);
#6295 = LINE('',#6296,#6297);
#6296 = CARTESIAN_POINT('',(-25.4,-323.85,207.01));
#6297 = VECTOR('',#6298,1.);
#6298 = DIRECTION('',(-0.,0.,-1.));
#6299 = PCURVE('',#150,#6300);
#6300 = DEFINITIONAL_REPRESENTATION('',(#6301),#6304);
#6301 = B_SPLINE_CURVE_WITH_KNOTS('',1,(#6302,#6303),.UNSPECIFIED.,.F.,
  .F.,(2,2),(-16.51,-3.81),.PIECEWISE_BEZIER_KNOTS.);
#6302 = CARTESIAN_POINT('',(20.32,279.4));
#6303 = CARTESIAN_POINT('',(7.62,279.4));
#6304 = ( GEOMETRIC_REPRESENTATION_CONTEXT(2) 
PARAMETRIC_REPRESENTATION_CONTEXT() REPRESENTATION_CONTEXT('2D SPACE',''
  ) );
#6305 = PCURVE('',#842,#6306);
#6306 = DEFINITIONAL_REPRESENTATION('',(#6307),#6310);
#6307 = B_SPLINE_CURVE_WITH_KNOTS('',1,(#6308,#6309),.UNSPECIFIED.,.F.,
  .F.,(2,2),(-16.51,-3.81),.PIECEWISE_BEZIER_KNOTS.);
#6308 = CARTESIAN_POINT('',(12.7,-8.89));
#6309 = CARTESIAN_POINT('',(0.,-8.89));
#6310 = ( GEOMETRIC_REPRESENTATION_CONTEXT(2) 
PARAMETRIC_REPRESENTATION_CONTEXT() REPRESENTATION_CONTEXT('2D SPACE',''
  ) );
#6311 = ORIENTED_EDGE('',*,*,#6312,.T.);
#6312 = EDGE_CURVE('',#6292,#6313,#6315,.T.);
#6313 = VERTEX_POINT('',#6314);
#6314 = CARTESIAN_POINT('',(25.4,-323.85,210.82));
#6315 = SURFACE_CURVE('',#6316,(#6320,#6326),.PCURVE_S1.);
#6316 = LINE('',#6317,#6318);
#6317 = CARTESIAN_POINT('',(-165.1,-323.85,210.82));
#6318 = VECTOR('',#6319,1.);
#6319 = DIRECTION('',(1.,0.,-0.));
#6320 = PCURVE('',#150,#6321);
#6321 = DEFINITIONAL_REPRESENTATION('',(#6322),#6325);
#6322 = B_SPLINE_CURVE_WITH_KNOTS('',1,(#6323,#6324),.UNSPECIFIED.,.F.,
  .F.,(2,2),(139.7,190.5),.PIECEWISE_BEZIER_KNOTS.);
#6323 = CARTESIAN_POINT('',(7.62,279.4));
#6324 = CARTESIAN_POINT('',(7.62,330.2));
#6325 = ( GEOMETRIC_REPRESENTATION_CONTEXT(2) 
PARAMETRIC_REPRESENTATION_CONTEXT() REPRESENTATION_CONTEXT('2D SPACE',''
  ) );
#6326 = PCURVE('',#868,#6327);
#6327 = DEFINITIONAL_REPRESENTATION('',(#6328),#6331);
#6328 = B_SPLINE_CURVE_WITH_KNOTS('',1,(#6329,#6330),.UNSPECIFIED.,.F.,
  .F.,(2,2),(139.7,190.5),.PIECEWISE_BEZIER_KNOTS.);
#6329 = CARTESIAN_POINT('',(0.,8.89));
#6330 = CARTESIAN_POINT('',(50.8,8.89));
#6331 = ( GEOMETRIC_REPRESENTATION_CONTEXT(2) 
PARAMETRIC_REPRESENTATION_CONTEXT() REPRESENTATION_CONTEXT('2D SPACE',''
  ) );
#6332 = ORIENTED_EDGE('',*,*,#6333,.F.);
#6333 = EDGE_CURVE('',#6271,#6313,#6334,.T.);
#6334 = SURFACE_CURVE('',#6335,(#6339,#6345),.PCURVE_S1.);
#6335 = LINE('',#6336,#6337);
#6336 = CARTESIAN_POINT('',(25.4,-323.85,207.01));
#6337 = VECTOR('',#6338,1.);
#6338 = DIRECTION('',(-0.,0.,-1.));
#6339 = PCURVE('',#150,#6340);
#6340 = DEFINITIONAL_REPRESENTATION('',(#6341),#6344);
#6341 = B_SPLINE_CURVE_WITH_KNOTS('',1,(#6342,#6343),.UNSPECIFIED.,.F.,
  .F.,(2,2),(-16.51,-3.81),.PIECEWISE_BEZIER_KNOTS.);
#6342 = CARTESIAN_POINT('',(20.32,330.2));
#6343 = CARTESIAN_POINT('',(7.62,330.2));
#6344 = ( GEOMETRIC_REPRESENTATION_CONTEXT(2) 
PARAMETRIC_REPRESENTATION_CONTEXT() REPRESENTATION_CONTEXT('2D SPACE',''
  ) );
#6345 = PCURVE('',#892,#6346);
#6346 = DEFINITIONAL_REPRESENTATION('',(#6347),#6350);
#6347 = B_SPLINE_CURVE_WITH_KNOTS('',1,(#6348,#6349),.UNSPECIFIED.,.F.,
  .F.,(2,2),(-16.51,-3.81),.PIECEWISE_BEZIER_KNOTS.);
#6348 = CARTESIAN_POINT('',(12.7,-8.89));
#6349 = CARTESIAN_POINT('',(0.,-8.89));
#6350 = ( GEOMETRIC_REPRESENTATION_CONTEXT(2) 
PARAMETRIC_REPRESENTATION_CONTEXT() REPRESENTATION_CONTEXT('2D SPACE',''
  ) );
#6351 = FACE_BOUND('',#6352,.T.);
#6352 = EDGE_LOOP('',(#6353));
#6353 = ORIENTED_EDGE('',*,*,#6354,.F.);
#6354 = EDGE_CURVE('',#6355,#6355,#6357,.T.);
#6355 = VERTEX_POINT('',#6356);
#6356 = CARTESIAN_POINT('',(-25.4,-323.85,231.14));
#6357 = SURFACE_CURVE('',#6358,(#6363,#6370),.PCURVE_S1.);
#6358 = CIRCLE('',#6359,2.54);
#6359 = AXIS2_PLACEMENT_3D('',#6360,#6361,#6362);
#6360 = CARTESIAN_POINT('',(-25.4,-323.85,228.6));
#6361 = DIRECTION('',(0.,1.,0.));
#6362 = DIRECTION('',(0.,-0.,1.));
#6363 = PCURVE('',#150,#6364);
#6364 = DEFINITIONAL_REPRESENTATION('',(#6365),#6369);
#6365 = CIRCLE('',#6366,2.54);
#6366 = AXIS2_PLACEMENT_2D('',#6367,#6368);
#6367 = CARTESIAN_POINT('',(25.4,279.4));
#6368 = DIRECTION('',(1.,0.));
#6369 = ( GEOMETRIC_REPRESENTATION_CONTEXT(2) 
PARAMETRIC_REPRESENTATION_CONTEXT() REPRESENTATION_CONTEXT('2D SPACE',''
  ) );
#6370 = PCURVE('',#922,#6371);
#6371 = DEFINITIONAL_REPRESENTATION('',(#6372),#6376);
#6372 = LINE('',#6373,#6374);
#6373 = CARTESIAN_POINT('',(0.,8.89));
#6374 = VECTOR('',#6375,1.);
#6375 = DIRECTION('',(1.,0.));
#6376 = ( GEOMETRIC_REPRESENTATION_CONTEXT(2) 
PARAMETRIC_REPRESENTATION_CONTEXT() REPRESENTATION_CONTEXT('2D SPACE',''
  ) );
#6377 = FACE_BOUND('',#6378,.T.);
#6378 = EDGE_LOOP('',(#6379));
#6379 = ORIENTED_EDGE('',*,*,#6380,.F.);
#6380 = EDGE_CURVE('',#6381,#6381,#6383,.T.);
#6381 = VERTEX_POINT('',#6382);
#6382 = CARTESIAN_POINT('',(-12.7,-323.85,231.14));
#6383 = SURFACE_CURVE('',#6384,(#6389,#6396),.PCURVE_S1.);
#6384 = CIRCLE('',#6385,2.54);
#6385 = AXIS2_PLACEMENT_3D('',#6386,#6387,#6388);
#6386 = CARTESIAN_POINT('',(-12.7,-323.85,228.6));
#6387 = DIRECTION('',(0.,1.,0.));
#6388 = DIRECTION('',(0.,-0.,1.));
#6389 = PCURVE('',#150,#6390);
#6390 = DEFINITIONAL_REPRESENTATION('',(#6391),#6395);
#6391 = CIRCLE('',#6392,2.54);
#6392 = AXIS2_PLACEMENT_2D('',#6393,#6394);
#6393 = CARTESIAN_POINT('',(25.4,292.1));
#6394 = DIRECTION('',(1.,0.));
#6395 = ( GEOMETRIC_REPRESENTATION_CONTEXT(2) 
PARAMETRIC_REPRESENTATION_CONTEXT() REPRESENTATION_CONTEXT('2D SPACE',''
  ) );
#6396 = PCURVE('',#953,#6397);
#6397 = DEFINITIONAL_REPRESENTATION('',(#6398),#6402);
#6398 = LINE('',#6399,#6400);
#6399 = CARTESIAN_POINT('',(0.,8.89));
#6400 = VECTOR('',#6401,1.);
#6401 = DIRECTION('',(1.,0.));
#6402 = ( GEOMETRIC_REPRESENTATION_CONTEXT(2) 
PARAMETRIC_REPRESENTATION_CONTEXT() REPRESENTATION_CONTEXT('2D SPACE',''
  ) );
#6403 = FACE_BOUND('',#6404,.T.);
#6404 = EDGE_LOOP('',(#6405));
#6405 = ORIENTED_EDGE('',*,*,#6406,.F.);
#6406 = EDGE_CURVE('',#6407,#6407,#6409,.T.);
#6407 = VERTEX_POINT('',#6408);
#6408 = CARTESIAN_POINT('',(-6.221205739669E-16,-323.85,231.14));
#6409 = SURFACE_CURVE('',#6410,(#6415,#6422),.PCURVE_S1.);
#6410 = CIRCLE('',#6411,2.54);
#6411 = AXIS2_PLACEMENT_3D('',#6412,#6413,#6414);
#6412 = CARTESIAN_POINT('',(0.,-323.85,228.6));
#6413 = DIRECTION('',(0.,1.,0.));
#6414 = DIRECTION('',(0.,-0.,1.));
#6415 = PCURVE('',#150,#6416);
#6416 = DEFINITIONAL_REPRESENTATION('',(#6417),#6421);
#6417 = CIRCLE('',#6418,2.54);
#6418 = AXIS2_PLACEMENT_2D('',#6419,#6420);
#6419 = CARTESIAN_POINT('',(25.4,304.8));
#6420 = DIRECTION('',(1.,0.));
#6421 = ( GEOMETRIC_REPRESENTATION_CONTEXT(2) 
PARAMETRIC_REPRESENTATION_CONTEXT() REPRESENTATION_CONTEXT('2D SPACE',''
  ) );
#6422 = PCURVE('',#984,#6423);
#6423 = DEFINITIONAL_REPRESENTATION('',(#6424),#6428);
#6424 = LINE('',#6425,#6426);
#6425 = CARTESIAN_POINT('',(0.,8.89));
#6426 = VECTOR('',#6427,1.);
#6427 = DIRECTION('',(1.,0.));
#6428 = ( GEOMETRIC_REPRESENTATION_CONTEXT(2) 
PARAMETRIC_REPRESENTATION_CONTEXT() REPRESENTATION_CONTEXT('2D SPACE',''
  ) );
#6429 = FACE_BOUND('',#6430,.T.);
#6430 = EDGE_LOOP('',(#6431));
#6431 = ORIENTED_EDGE('',*,*,#6432,.F.);
#6432 = EDGE_CURVE('',#6433,#6433,#6435,.T.);
#6433 = VERTEX_POINT('',#6434);
#6434 = CARTESIAN_POINT('',(12.7,-323.85,231.14));
#6435 = SURFACE_CURVE('',#6436,(#6441,#6448),.PCURVE_S1.);
#6436 = CIRCLE('',#6437,2.54);
#6437 = AXIS2_PLACEMENT_3D('',#6438,#6439,#6440);
#6438 = CARTESIAN_POINT('',(12.7,-323.85,228.6));
#6439 = DIRECTION('',(0.,1.,0.));
#6440 = DIRECTION('',(0.,-0.,1.));
#6441 = PCURVE('',#150,#6442);
#6442 = DEFINITIONAL_REPRESENTATION('',(#6443),#6447);
#6443 = CIRCLE('',#6444,2.54);
#6444 = AXIS2_PLACEMENT_2D('',#6445,#6446);
#6445 = CARTESIAN_POINT('',(25.4,317.5));
#6446 = DIRECTION('',(1.,0.));
#6447 = ( GEOMETRIC_REPRESENTATION_CONTEXT(2) 
PARAMETRIC_REPRESENTATION_CONTEXT() REPRESENTATION_CONTEXT('2D SPACE',''
  ) );
#6448 = PCURVE('',#1015,#6449);
#6449 = DEFINITIONAL_REPRESENTATION('',(#6450),#6454);
#6450 = LINE('',#6451,#6452);
#6451 = CARTESIAN_POINT('',(0.,8.89));
#6452 = VECTOR('',#6453,1.);
#6453 = DIRECTION('',(1.,0.));
#6454 = ( GEOMETRIC_REPRESENTATION_CONTEXT(2) 
PARAMETRIC_REPRESENTATION_CONTEXT() REPRESENTATION_CONTEXT('2D SPACE',''
  ) );
#6455 = FACE_BOUND('',#6456,.T.);
#6456 = EDGE_LOOP('',(#6457));
#6457 = ORIENTED_EDGE('',*,*,#6458,.F.);
#6458 = EDGE_CURVE('',#6459,#6459,#6461,.T.);
#6459 = VERTEX_POINT('',#6460);
#6460 = CARTESIAN_POINT('',(25.4,-323.85,231.14));
#6461 = SURFACE_CURVE('',#6462,(#6467,#6474),.PCURVE_S1.);
#6462 = CIRCLE('',#6463,2.54);
#6463 = AXIS2_PLACEMENT_3D('',#6464,#6465,#6466);
#6464 = CARTESIAN_POINT('',(25.4,-323.85,228.6));
#6465 = DIRECTION('',(0.,1.,0.));
#6466 = DIRECTION('',(0.,-0.,1.));
#6467 = PCURVE('',#150,#6468);
#6468 = DEFINITIONAL_REPRESENTATION('',(#6469),#6473);
#6469 = CIRCLE('',#6470,2.54);
#6470 = AXIS2_PLACEMENT_2D('',#6471,#6472);
#6471 = CARTESIAN_POINT('',(25.4,330.2));
#6472 = DIRECTION('',(1.,0.));
#6473 = ( GEOMETRIC_REPRESENTATION_CONTEXT(2) 
PARAMETRIC_REPRESENTATION_CONTEXT() REPRESENTATION_CONTEXT('2D SPACE',''
  ) );
#6474 = PCURVE('',#1046,#6475);
#6475 = DEFINITIONAL_REPRESENTATION('',(#6476),#6480);
#6476 = LINE('',#6477,#6478);
#6477 = CARTESIAN_POINT('',(0.,8.89));
#6478 = VECTOR('',#6479,1.);
#6479 = DIRECTION('',(1.,0.));
#6480 = ( GEOMETRIC_REPRESENTATION_CONTEXT(2) 
PARAMETRIC_REPRESENTATION_CONTEXT() REPRESENTATION_CONTEXT('2D SPACE',''
  ) );
#6481 = FACE_BOUND('',#6482,.T.);
#6482 = EDGE_LOOP('',(#6483));
#6483 = ORIENTED_EDGE('',*,*,#6484,.F.);
#6484 = EDGE_CURVE('',#6485,#6485,#6487,.T.);
#6485 = VERTEX_POINT('',#6486);
#6486 = CARTESIAN_POINT('',(-88.9,-323.85,243.84));
#6487 = SURFACE_CURVE('',#6488,(#6493,#6500),.PCURVE_S1.);
#6488 = CIRCLE('',#6489,2.54);
#6489 = AXIS2_PLACEMENT_3D('',#6490,#6491,#6492);
#6490 = CARTESIAN_POINT('',(-88.9,-323.85,241.3));
#6491 = DIRECTION('',(0.,1.,0.));
#6492 = DIRECTION('',(0.,-0.,1.));
#6493 = PCURVE('',#150,#6494);
#6494 = DEFINITIONAL_REPRESENTATION('',(#6495),#6499);
#6495 = CIRCLE('',#6496,2.54);
#6496 = AXIS2_PLACEMENT_2D('',#6497,#6498);
#6497 = CARTESIAN_POINT('',(38.1,215.9));
#6498 = DIRECTION('',(1.,0.));
#6499 = ( GEOMETRIC_REPRESENTATION_CONTEXT(2) 
PARAMETRIC_REPRESENTATION_CONTEXT() REPRESENTATION_CONTEXT('2D SPACE',''
  ) );
#6500 = PCURVE('',#1077,#6501);
#6501 = DEFINITIONAL_REPRESENTATION('',(#6502),#6506);
#6502 = LINE('',#6503,#6504);
#6503 = CARTESIAN_POINT('',(0.,8.89));
#6504 = VECTOR('',#6505,1.);
#6505 = DIRECTION('',(1.,0.));
#6506 = ( GEOMETRIC_REPRESENTATION_CONTEXT(2) 
PARAMETRIC_REPRESENTATION_CONTEXT() REPRESENTATION_CONTEXT('2D SPACE',''
  ) );
#6507 = FACE_BOUND('',#6508,.T.);
#6508 = EDGE_LOOP('',(#6509));
#6509 = ORIENTED_EDGE('',*,*,#6510,.F.);
#6510 = EDGE_CURVE('',#6511,#6511,#6513,.T.);
#6511 = VERTEX_POINT('',#6512);
#6512 = CARTESIAN_POINT('',(-76.2,-323.85,243.84));
#6513 = SURFACE_CURVE('',#6514,(#6519,#6526),.PCURVE_S1.);
#6514 = CIRCLE('',#6515,2.54);
#6515 = AXIS2_PLACEMENT_3D('',#6516,#6517,#6518);
#6516 = CARTESIAN_POINT('',(-76.2,-323.85,241.3));
#6517 = DIRECTION('',(0.,1.,0.));
#6518 = DIRECTION('',(0.,-0.,1.));
#6519 = PCURVE('',#150,#6520);
#6520 = DEFINITIONAL_REPRESENTATION('',(#6521),#6525);
#6521 = CIRCLE('',#6522,2.54);
#6522 = AXIS2_PLACEMENT_2D('',#6523,#6524);
#6523 = CARTESIAN_POINT('',(38.1,228.6));
#6524 = DIRECTION('',(1.,0.));
#6525 = ( GEOMETRIC_REPRESENTATION_CONTEXT(2) 
PARAMETRIC_REPRESENTATION_CONTEXT() REPRESENTATION_CONTEXT('2D SPACE',''
  ) );
#6526 = PCURVE('',#1108,#6527);
#6527 = DEFINITIONAL_REPRESENTATION('',(#6528),#6532);
#6528 = LINE('',#6529,#6530);
#6529 = CARTESIAN_POINT('',(0.,8.89));
#6530 = VECTOR('',#6531,1.);
#6531 = DIRECTION('',(1.,0.));
#6532 = ( GEOMETRIC_REPRESENTATION_CONTEXT(2) 
PARAMETRIC_REPRESENTATION_CONTEXT() REPRESENTATION_CONTEXT('2D SPACE',''
  ) );
#6533 = FACE_BOUND('',#6534,.T.);
#6534 = EDGE_LOOP('',(#6535));
#6535 = ORIENTED_EDGE('',*,*,#6536,.F.);
#6536 = EDGE_CURVE('',#6537,#6537,#6539,.T.);
#6537 = VERTEX_POINT('',#6538);
#6538 = CARTESIAN_POINT('',(-88.9,-323.85,256.54));
#6539 = SURFACE_CURVE('',#6540,(#6545,#6552),.PCURVE_S1.);
#6540 = CIRCLE('',#6541,2.54);
#6541 = AXIS2_PLACEMENT_3D('',#6542,#6543,#6544);
#6542 = CARTESIAN_POINT('',(-88.9,-323.85,254.));
#6543 = DIRECTION('',(0.,1.,0.));
#6544 = DIRECTION('',(0.,-0.,1.));
#6545 = PCURVE('',#150,#6546);
#6546 = DEFINITIONAL_REPRESENTATION('',(#6547),#6551);
#6547 = CIRCLE('',#6548,2.54);
#6548 = AXIS2_PLACEMENT_2D('',#6549,#6550);
#6549 = CARTESIAN_POINT('',(50.8,215.9));
#6550 = DIRECTION('',(1.,0.));
#6551 = ( GEOMETRIC_REPRESENTATION_CONTEXT(2) 
PARAMETRIC_REPRESENTATION_CONTEXT() REPRESENTATION_CONTEXT('2D SPACE',''
  ) );
#6552 = PCURVE('',#1139,#6553);
#6553 = DEFINITIONAL_REPRESENTATION('',(#6554),#6558);
#6554 = LINE('',#6555,#6556);
#6555 = CARTESIAN_POINT('',(0.,8.89));
#6556 = VECTOR('',#6557,1.);
#6557 = DIRECTION('',(1.,0.));
#6558 = ( GEOMETRIC_REPRESENTATION_CONTEXT(2) 
PARAMETRIC_REPRESENTATION_CONTEXT() REPRESENTATION_CONTEXT('2D SPACE',''
  ) );
#6559 = FACE_BOUND('',#6560,.T.);
#6560 = EDGE_LOOP('',(#6561));
#6561 = ORIENTED_EDGE('',*,*,#6562,.F.);
#6562 = EDGE_CURVE('',#6563,#6563,#6565,.T.);
#6563 = VERTEX_POINT('',#6564);
#6564 = CARTESIAN_POINT('',(-76.2,-323.85,256.54));
#6565 = SURFACE_CURVE('',#6566,(#6571,#6578),.PCURVE_S1.);
#6566 = CIRCLE('',#6567,2.54);
#6567 = AXIS2_PLACEMENT_3D('',#6568,#6569,#6570);
#6568 = CARTESIAN_POINT('',(-76.2,-323.85,254.));
#6569 = DIRECTION('',(0.,1.,0.));
#6570 = DIRECTION('',(0.,-0.,1.));
#6571 = PCURVE('',#150,#6572);
#6572 = DEFINITIONAL_REPRESENTATION('',(#6573),#6577);
#6573 = CIRCLE('',#6574,2.54);
#6574 = AXIS2_PLACEMENT_2D('',#6575,#6576);
#6575 = CARTESIAN_POINT('',(50.8,228.6));
#6576 = DIRECTION('',(1.,0.));
#6577 = ( GEOMETRIC_REPRESENTATION_CONTEXT(2) 
PARAMETRIC_REPRESENTATION_CONTEXT() REPRESENTATION_CONTEXT('2D SPACE',''
  ) );
#6578 = PCURVE('',#1170,#6579);
#6579 = DEFINITIONAL_REPRESENTATION('',(#6580),#6584);
#6580 = LINE('',#6581,#6582);
#6581 = CARTESIAN_POINT('',(0.,8.89));
#6582 = VECTOR('',#6583,1.);
#6583 = DIRECTION('',(1.,0.));
#6584 = ( GEOMETRIC_REPRESENTATION_CONTEXT(2) 
PARAMETRIC_REPRESENTATION_CONTEXT() REPRESENTATION_CONTEXT('2D SPACE',''
  ) );
#6585 = FACE_BOUND('',#6586,.T.);
#6586 = EDGE_LOOP('',(#6587));
#6587 = ORIENTED_EDGE('',*,*,#6588,.F.);
#6588 = EDGE_CURVE('',#6589,#6589,#6591,.T.);
#6589 = VERTEX_POINT('',#6590);
#6590 = CARTESIAN_POINT('',(-63.5,-323.85,243.84));
#6591 = SURFACE_CURVE('',#6592,(#6597,#6604),.PCURVE_S1.);
#6592 = CIRCLE('',#6593,2.54);
#6593 = AXIS2_PLACEMENT_3D('',#6594,#6595,#6596);
#6594 = CARTESIAN_POINT('',(-63.5,-323.85,241.3));
#6595 = DIRECTION('',(0.,1.,0.));
#6596 = DIRECTION('',(0.,-0.,1.));
#6597 = PCURVE('',#150,#6598);
#6598 = DEFINITIONAL_REPRESENTATION('',(#6599),#6603);
#6599 = CIRCLE('',#6600,2.54);
#6600 = AXIS2_PLACEMENT_2D('',#6601,#6602);
#6601 = CARTESIAN_POINT('',(38.1,241.3));
#6602 = DIRECTION('',(1.,0.));
#6603 = ( GEOMETRIC_REPRESENTATION_CONTEXT(2) 
PARAMETRIC_REPRESENTATION_CONTEXT() REPRESENTATION_CONTEXT('2D SPACE',''
  ) );
#6604 = PCURVE('',#1201,#6605);
#6605 = DEFINITIONAL_REPRESENTATION('',(#6606),#6610);
#6606 = LINE('',#6607,#6608);
#6607 = CARTESIAN_POINT('',(0.,8.89));
#6608 = VECTOR('',#6609,1.);
#6609 = DIRECTION('',(1.,0.));
#6610 = ( GEOMETRIC_REPRESENTATION_CONTEXT(2) 
PARAMETRIC_REPRESENTATION_CONTEXT() REPRESENTATION_CONTEXT('2D SPACE',''
  ) );
#6611 = FACE_BOUND('',#6612,.T.);
#6612 = EDGE_LOOP('',(#6613));
#6613 = ORIENTED_EDGE('',*,*,#6614,.F.);
#6614 = EDGE_CURVE('',#6615,#6615,#6617,.T.);
#6615 = VERTEX_POINT('',#6616);
#6616 = CARTESIAN_POINT('',(-50.8,-323.85,243.84));
#6617 = SURFACE_CURVE('',#6618,(#6623,#6630),.PCURVE_S1.);
#6618 = CIRCLE('',#6619,2.54);
#6619 = AXIS2_PLACEMENT_3D('',#6620,#6621,#6622);
#6620 = CARTESIAN_POINT('',(-50.8,-323.85,241.3));
#6621 = DIRECTION('',(0.,1.,0.));
#6622 = DIRECTION('',(0.,-0.,1.));
#6623 = PCURVE('',#150,#6624);
#6624 = DEFINITIONAL_REPRESENTATION('',(#6625),#6629);
#6625 = CIRCLE('',#6626,2.54);
#6626 = AXIS2_PLACEMENT_2D('',#6627,#6628);
#6627 = CARTESIAN_POINT('',(38.1,254.));
#6628 = DIRECTION('',(1.,0.));
#6629 = ( GEOMETRIC_REPRESENTATION_CONTEXT(2) 
PARAMETRIC_REPRESENTATION_CONTEXT() REPRESENTATION_CONTEXT('2D SPACE',''
  ) );
#6630 = PCURVE('',#1232,#6631);
#6631 = DEFINITIONAL_REPRESENTATION('',(#6632),#6636);
#6632 = LINE('',#6633,#6634);
#6633 = CARTESIAN_POINT('',(0.,8.89));
#6634 = VECTOR('',#6635,1.);
#6635 = DIRECTION('',(1.,0.));
#6636 = ( GEOMETRIC_REPRESENTATION_CONTEXT(2) 
PARAMETRIC_REPRESENTATION_CONTEXT() REPRESENTATION_CONTEXT('2D SPACE',''
  ) );
#6637 = FACE_BOUND('',#6638,.T.);
#6638 = EDGE_LOOP('',(#6639));
#6639 = ORIENTED_EDGE('',*,*,#6640,.F.);
#6640 = EDGE_CURVE('',#6641,#6641,#6643,.T.);
#6641 = VERTEX_POINT('',#6642);
#6642 = CARTESIAN_POINT('',(-38.1,-323.85,243.84));
#6643 = SURFACE_CURVE('',#6644,(#6649,#6656),.PCURVE_S1.);
#6644 = CIRCLE('',#6645,2.54);
#6645 = AXIS2_PLACEMENT_3D('',#6646,#6647,#6648);
#6646 = CARTESIAN_POINT('',(-38.1,-323.85,241.3));
#6647 = DIRECTION('',(0.,1.,0.));
#6648 = DIRECTION('',(0.,-0.,1.));
#6649 = PCURVE('',#150,#6650);
#6650 = DEFINITIONAL_REPRESENTATION('',(#6651),#6655);
#6651 = CIRCLE('',#6652,2.54);
#6652 = AXIS2_PLACEMENT_2D('',#6653,#6654);
#6653 = CARTESIAN_POINT('',(38.1,266.7));
#6654 = DIRECTION('',(1.,0.));
#6655 = ( GEOMETRIC_REPRESENTATION_CONTEXT(2) 
PARAMETRIC_REPRESENTATION_CONTEXT() REPRESENTATION_CONTEXT('2D SPACE',''
  ) );
#6656 = PCURVE('',#1263,#6657);
#6657 = DEFINITIONAL_REPRESENTATION('',(#6658),#6662);
#6658 = LINE('',#6659,#6660);
#6659 = CARTESIAN_POINT('',(0.,8.89));
#6660 = VECTOR('',#6661,1.);
#6661 = DIRECTION('',(1.,0.));
#6662 = ( GEOMETRIC_REPRESENTATION_CONTEXT(2) 
PARAMETRIC_REPRESENTATION_CONTEXT() REPRESENTATION_CONTEXT('2D SPACE',''
  ) );
#6663 = FACE_BOUND('',#6664,.T.);
#6664 = EDGE_LOOP('',(#6665));
#6665 = ORIENTED_EDGE('',*,*,#6666,.F.);
#6666 = EDGE_CURVE('',#6667,#6667,#6669,.T.);
#6667 = VERTEX_POINT('',#6668);
#6668 = CARTESIAN_POINT('',(-63.5,-323.85,256.54));
#6669 = SURFACE_CURVE('',#6670,(#6675,#6682),.PCURVE_S1.);
#6670 = CIRCLE('',#6671,2.54);
#6671 = AXIS2_PLACEMENT_3D('',#6672,#6673,#6674);
#6672 = CARTESIAN_POINT('',(-63.5,-323.85,254.));
#6673 = DIRECTION('',(0.,1.,0.));
#6674 = DIRECTION('',(0.,-0.,1.));
#6675 = PCURVE('',#150,#6676);
#6676 = DEFINITIONAL_REPRESENTATION('',(#6677),#6681);
#6677 = CIRCLE('',#6678,2.54);
#6678 = AXIS2_PLACEMENT_2D('',#6679,#6680);
#6679 = CARTESIAN_POINT('',(50.8,241.3));
#6680 = DIRECTION('',(1.,0.));
#6681 = ( GEOMETRIC_REPRESENTATION_CONTEXT(2) 
PARAMETRIC_REPRESENTATION_CONTEXT() REPRESENTATION_CONTEXT('2D SPACE',''
  ) );
#6682 = PCURVE('',#1294,#6683);
#6683 = DEFINITIONAL_REPRESENTATION('',(#6684),#6688);
#6684 = LINE('',#6685,#6686);
#6685 = CARTESIAN_POINT('',(0.,8.89));
#6686 = VECTOR('',#6687,1.);
#6687 = DIRECTION('',(1.,0.));
#6688 = ( GEOMETRIC_REPRESENTATION_CONTEXT(2) 
PARAMETRIC_REPRESENTATION_CONTEXT() REPRESENTATION_CONTEXT('2D SPACE',''
  ) );
#6689 = FACE_BOUND('',#6690,.T.);
#6690 = EDGE_LOOP('',(#6691));
#6691 = ORIENTED_EDGE('',*,*,#6692,.F.);
#6692 = EDGE_CURVE('',#6693,#6693,#6695,.T.);
#6693 = VERTEX_POINT('',#6694);
#6694 = CARTESIAN_POINT('',(-50.8,-323.85,256.54));
#6695 = SURFACE_CURVE('',#6696,(#6701,#6708),.PCURVE_S1.);
#6696 = CIRCLE('',#6697,2.54);
#6697 = AXIS2_PLACEMENT_3D('',#6698,#6699,#6700);
#6698 = CARTESIAN_POINT('',(-50.8,-323.85,254.));
#6699 = DIRECTION('',(0.,1.,0.));
#6700 = DIRECTION('',(0.,-0.,1.));
#6701 = PCURVE('',#150,#6702);
#6702 = DEFINITIONAL_REPRESENTATION('',(#6703),#6707);
#6703 = CIRCLE('',#6704,2.54);
#6704 = AXIS2_PLACEMENT_2D('',#6705,#6706);
#6705 = CARTESIAN_POINT('',(50.8,254.));
#6706 = DIRECTION('',(1.,0.));
#6707 = ( GEOMETRIC_REPRESENTATION_CONTEXT(2) 
PARAMETRIC_REPRESENTATION_CONTEXT() REPRESENTATION_CONTEXT('2D SPACE',''
  ) );
#6708 = PCURVE('',#1325,#6709);
#6709 = DEFINITIONAL_REPRESENTATION('',(#6710),#6714);
#6710 = LINE('',#6711,#6712);
#6711 = CARTESIAN_POINT('',(0.,8.89));
#6712 = VECTOR('',#6713,1.);
#6713 = DIRECTION('',(1.,0.));
#6714 = ( GEOMETRIC_REPRESENTATION_CONTEXT(2) 
PARAMETRIC_REPRESENTATION_CONTEXT() REPRESENTATION_CONTEXT('2D SPACE',''
  ) );
#6715 = FACE_BOUND('',#6716,.T.);
#6716 = EDGE_LOOP('',(#6717));
#6717 = ORIENTED_EDGE('',*,*,#6718,.F.);
#6718 = EDGE_CURVE('',#6719,#6719,#6721,.T.);
#6719 = VERTEX_POINT('',#6720);
#6720 = CARTESIAN_POINT('',(-38.1,-323.85,256.54));
#6721 = SURFACE_CURVE('',#6722,(#6727,#6734),.PCURVE_S1.);
#6722 = CIRCLE('',#6723,2.54);
#6723 = AXIS2_PLACEMENT_3D('',#6724,#6725,#6726);
#6724 = CARTESIAN_POINT('',(-38.1,-323.85,254.));
#6725 = DIRECTION('',(0.,1.,0.));
#6726 = DIRECTION('',(0.,-0.,1.));
#6727 = PCURVE('',#150,#6728);
#6728 = DEFINITIONAL_REPRESENTATION('',(#6729),#6733);
#6729 = CIRCLE('',#6730,2.54);
#6730 = AXIS2_PLACEMENT_2D('',#6731,#6732);
#6731 = CARTESIAN_POINT('',(50.8,266.7));
#6732 = DIRECTION('',(1.,0.));
#6733 = ( GEOMETRIC_REPRESENTATION_CONTEXT(2) 
PARAMETRIC_REPRESENTATION_CONTEXT() REPRESENTATION_CONTEXT('2D SPACE',''
  ) );
#6734 = PCURVE('',#1356,#6735);
#6735 = DEFINITIONAL_REPRESENTATION('',(#6736),#6740);
#6736 = LINE('',#6737,#6738);
#6737 = CARTESIAN_POINT('',(0.,8.89));
#6738 = VECTOR('',#6739,1.);
#6739 = DIRECTION('',(1.,0.));
#6740 = ( GEOMETRIC_REPRESENTATION_CONTEXT(2) 
PARAMETRIC_REPRESENTATION_CONTEXT() REPRESENTATION_CONTEXT('2D SPACE',''
  ) );
#6741 = FACE_BOUND('',#6742,.T.);
#6742 = EDGE_LOOP('',(#6743));
#6743 = ORIENTED_EDGE('',*,*,#6744,.F.);
#6744 = EDGE_CURVE('',#6745,#6745,#6747,.T.);
#6745 = VERTEX_POINT('',#6746);
#6746 = CARTESIAN_POINT('',(-88.9,-323.85,269.24));
#6747 = SURFACE_CURVE('',#6748,(#6753,#6760),.PCURVE_S1.);
#6748 = CIRCLE('',#6749,2.54);
#6749 = AXIS2_PLACEMENT_3D('',#6750,#6751,#6752);
#6750 = CARTESIAN_POINT('',(-88.9,-323.85,266.7));
#6751 = DIRECTION('',(0.,1.,0.));
#6752 = DIRECTION('',(0.,-0.,1.));
#6753 = PCURVE('',#150,#6754);
#6754 = DEFINITIONAL_REPRESENTATION('',(#6755),#6759);
#6755 = CIRCLE('',#6756,2.54);
#6756 = AXIS2_PLACEMENT_2D('',#6757,#6758);
#6757 = CARTESIAN_POINT('',(63.5,215.9));
#6758 = DIRECTION('',(1.,0.));
#6759 = ( GEOMETRIC_REPRESENTATION_CONTEXT(2) 
PARAMETRIC_REPRESENTATION_CONTEXT() REPRESENTATION_CONTEXT('2D SPACE',''
  ) );
#6760 = PCURVE('',#1387,#6761);
#6761 = DEFINITIONAL_REPRESENTATION('',(#6762),#6766);
#6762 = LINE('',#6763,#6764);
#6763 = CARTESIAN_POINT('',(0.,8.89));
#6764 = VECTOR('',#6765,1.);
#6765 = DIRECTION('',(1.,0.));
#6766 = ( GEOMETRIC_REPRESENTATION_CONTEXT(2) 
PARAMETRIC_REPRESENTATION_CONTEXT() REPRESENTATION_CONTEXT('2D SPACE',''
  ) );
#6767 = FACE_BOUND('',#6768,.T.);
#6768 = EDGE_LOOP('',(#6769));
#6769 = ORIENTED_EDGE('',*,*,#6770,.F.);
#6770 = EDGE_CURVE('',#6771,#6771,#6773,.T.);
#6771 = VERTEX_POINT('',#6772);
#6772 = CARTESIAN_POINT('',(-76.2,-323.85,269.24));
#6773 = SURFACE_CURVE('',#6774,(#6779,#6786),.PCURVE_S1.);
#6774 = CIRCLE('',#6775,2.54);
#6775 = AXIS2_PLACEMENT_3D('',#6776,#6777,#6778);
#6776 = CARTESIAN_POINT('',(-76.2,-323.85,266.7));
#6777 = DIRECTION('',(0.,1.,0.));
#6778 = DIRECTION('',(0.,-0.,1.));
#6779 = PCURVE('',#150,#6780);
#6780 = DEFINITIONAL_REPRESENTATION('',(#6781),#6785);
#6781 = CIRCLE('',#6782,2.54);
#6782 = AXIS2_PLACEMENT_2D('',#6783,#6784);
#6783 = CARTESIAN_POINT('',(63.5,228.6));
#6784 = DIRECTION('',(1.,0.));
#6785 = ( GEOMETRIC_REPRESENTATION_CONTEXT(2) 
PARAMETRIC_REPRESENTATION_CONTEXT() REPRESENTATION_CONTEXT('2D SPACE',''
  ) );
#6786 = PCURVE('',#1418,#6787);
#6787 = DEFINITIONAL_REPRESENTATION('',(#6788),#6792);
#6788 = LINE('',#6789,#6790);
#6789 = CARTESIAN_POINT('',(0.,8.89));
#6790 = VECTOR('',#6791,1.);
#6791 = DIRECTION('',(1.,0.));
#6792 = ( GEOMETRIC_REPRESENTATION_CONTEXT(2) 
PARAMETRIC_REPRESENTATION_CONTEXT() REPRESENTATION_CONTEXT('2D SPACE',''
  ) );
#6793 = FACE_BOUND('',#6794,.T.);
#6794 = EDGE_LOOP('',(#6795));
#6795 = ORIENTED_EDGE('',*,*,#6796,.F.);
#6796 = EDGE_CURVE('',#6797,#6797,#6799,.T.);
#6797 = VERTEX_POINT('',#6798);
#6798 = CARTESIAN_POINT('',(-63.5,-323.85,269.24));
#6799 = SURFACE_CURVE('',#6800,(#6805,#6812),.PCURVE_S1.);
#6800 = CIRCLE('',#6801,2.54);
#6801 = AXIS2_PLACEMENT_3D('',#6802,#6803,#6804);
#6802 = CARTESIAN_POINT('',(-63.5,-323.85,266.7));
#6803 = DIRECTION('',(0.,1.,0.));
#6804 = DIRECTION('',(0.,-0.,1.));
#6805 = PCURVE('',#150,#6806);
#6806 = DEFINITIONAL_REPRESENTATION('',(#6807),#6811);
#6807 = CIRCLE('',#6808,2.54);
#6808 = AXIS2_PLACEMENT_2D('',#6809,#6810);
#6809 = CARTESIAN_POINT('',(63.5,241.3));
#6810 = DIRECTION('',(1.,0.));
#6811 = ( GEOMETRIC_REPRESENTATION_CONTEXT(2) 
PARAMETRIC_REPRESENTATION_CONTEXT() REPRESENTATION_CONTEXT('2D SPACE',''
  ) );
#6812 = PCURVE('',#1449,#6813);
#6813 = DEFINITIONAL_REPRESENTATION('',(#6814),#6818);
#6814 = LINE('',#6815,#6816);
#6815 = CARTESIAN_POINT('',(0.,8.89));
#6816 = VECTOR('',#6817,1.);
#6817 = DIRECTION('',(1.,0.));
#6818 = ( GEOMETRIC_REPRESENTATION_CONTEXT(2) 
PARAMETRIC_REPRESENTATION_CONTEXT() REPRESENTATION_CONTEXT('2D SPACE',''
  ) );
#6819 = FACE_BOUND('',#6820,.T.);
#6820 = EDGE_LOOP('',(#6821));
#6821 = ORIENTED_EDGE('',*,*,#6822,.F.);
#6822 = EDGE_CURVE('',#6823,#6823,#6825,.T.);
#6823 = VERTEX_POINT('',#6824);
#6824 = CARTESIAN_POINT('',(-50.8,-323.85,269.24));
#6825 = SURFACE_CURVE('',#6826,(#6831,#6838),.PCURVE_S1.);
#6826 = CIRCLE('',#6827,2.54);
#6827 = AXIS2_PLACEMENT_3D('',#6828,#6829,#6830);
#6828 = CARTESIAN_POINT('',(-50.8,-323.85,266.7));
#6829 = DIRECTION('',(0.,1.,0.));
#6830 = DIRECTION('',(0.,-0.,1.));
#6831 = PCURVE('',#150,#6832);
#6832 = DEFINITIONAL_REPRESENTATION('',(#6833),#6837);
#6833 = CIRCLE('',#6834,2.54);
#6834 = AXIS2_PLACEMENT_2D('',#6835,#6836);
#6835 = CARTESIAN_POINT('',(63.5,254.));
#6836 = DIRECTION('',(1.,0.));
#6837 = ( GEOMETRIC_REPRESENTATION_CONTEXT(2) 
PARAMETRIC_REPRESENTATION_CONTEXT() REPRESENTATION_CONTEXT('2D SPACE',''
  ) );
#6838 = PCURVE('',#1480,#6839);
#6839 = DEFINITIONAL_REPRESENTATION('',(#6840),#6844);
#6840 = LINE('',#6841,#6842);
#6841 = CARTESIAN_POINT('',(0.,8.89));
#6842 = VECTOR('',#6843,1.);
#6843 = DIRECTION('',(1.,0.));
#6844 = ( GEOMETRIC_REPRESENTATION_CONTEXT(2) 
PARAMETRIC_REPRESENTATION_CONTEXT() REPRESENTATION_CONTEXT('2D SPACE',''
  ) );
#6845 = FACE_BOUND('',#6846,.T.);
#6846 = EDGE_LOOP('',(#6847));
#6847 = ORIENTED_EDGE('',*,*,#6848,.F.);
#6848 = EDGE_CURVE('',#6849,#6849,#6851,.T.);
#6849 = VERTEX_POINT('',#6850);
#6850 = CARTESIAN_POINT('',(-38.1,-323.85,269.24));
#6851 = SURFACE_CURVE('',#6852,(#6857,#6864),.PCURVE_S1.);
#6852 = CIRCLE('',#6853,2.54);
#6853 = AXIS2_PLACEMENT_3D('',#6854,#6855,#6856);
#6854 = CARTESIAN_POINT('',(-38.1,-323.85,266.7));
#6855 = DIRECTION('',(0.,1.,0.));
#6856 = DIRECTION('',(0.,-0.,1.));
#6857 = PCURVE('',#150,#6858);
#6858 = DEFINITIONAL_REPRESENTATION('',(#6859),#6863);
#6859 = CIRCLE('',#6860,2.54);
#6860 = AXIS2_PLACEMENT_2D('',#6861,#6862);
#6861 = CARTESIAN_POINT('',(63.5,266.7));
#6862 = DIRECTION('',(1.,0.));
#6863 = ( GEOMETRIC_REPRESENTATION_CONTEXT(2) 
PARAMETRIC_REPRESENTATION_CONTEXT() REPRESENTATION_CONTEXT('2D SPACE',''
  ) );
#6864 = PCURVE('',#1511,#6865);
#6865 = DEFINITIONAL_REPRESENTATION('',(#6866),#6870);
#6866 = LINE('',#6867,#6868);
#6867 = CARTESIAN_POINT('',(0.,8.89));
#6868 = VECTOR('',#6869,1.);
#6869 = DIRECTION('',(1.,0.));
#6870 = ( GEOMETRIC_REPRESENTATION_CONTEXT(2) 
PARAMETRIC_REPRESENTATION_CONTEXT() REPRESENTATION_CONTEXT('2D SPACE',''
  ) );
#6871 = FACE_BOUND('',#6872,.T.);
#6872 = EDGE_LOOP('',(#6873));
#6873 = ORIENTED_EDGE('',*,*,#6874,.F.);
#6874 = EDGE_CURVE('',#6875,#6875,#6877,.T.);
#6875 = VERTEX_POINT('',#6876);
#6876 = CARTESIAN_POINT('',(-25.4,-323.85,243.84));
#6877 = SURFACE_CURVE('',#6878,(#6883,#6890),.PCURVE_S1.);
#6878 = CIRCLE('',#6879,2.54);
#6879 = AXIS2_PLACEMENT_3D('',#6880,#6881,#6882);
#6880 = CARTESIAN_POINT('',(-25.4,-323.85,241.3));
#6881 = DIRECTION('',(0.,1.,0.));
#6882 = DIRECTION('',(0.,-0.,1.));
#6883 = PCURVE('',#150,#6884);
#6884 = DEFINITIONAL_REPRESENTATION('',(#6885),#6889);
#6885 = CIRCLE('',#6886,2.54);
#6886 = AXIS2_PLACEMENT_2D('',#6887,#6888);
#6887 = CARTESIAN_POINT('',(38.1,279.4));
#6888 = DIRECTION('',(1.,0.));
#6889 = ( GEOMETRIC_REPRESENTATION_CONTEXT(2) 
PARAMETRIC_REPRESENTATION_CONTEXT() REPRESENTATION_CONTEXT('2D SPACE',''
  ) );
#6890 = PCURVE('',#1542,#6891);
#6891 = DEFINITIONAL_REPRESENTATION('',(#6892),#6896);
#6892 = LINE('',#6893,#6894);
#6893 = CARTESIAN_POINT('',(0.,8.89));
#6894 = VECTOR('',#6895,1.);
#6895 = DIRECTION('',(1.,0.));
#6896 = ( GEOMETRIC_REPRESENTATION_CONTEXT(2) 
PARAMETRIC_REPRESENTATION_CONTEXT() REPRESENTATION_CONTEXT('2D SPACE',''
  ) );
#6897 = FACE_BOUND('',#6898,.T.);
#6898 = EDGE_LOOP('',(#6899));
#6899 = ORIENTED_EDGE('',*,*,#6900,.F.);
#6900 = EDGE_CURVE('',#6901,#6901,#6903,.T.);
#6901 = VERTEX_POINT('',#6902);
#6902 = CARTESIAN_POINT('',(-12.7,-323.85,243.84));
#6903 = SURFACE_CURVE('',#6904,(#6909,#6916),.PCURVE_S1.);
#6904 = CIRCLE('',#6905,2.54);
#6905 = AXIS2_PLACEMENT_3D('',#6906,#6907,#6908);
#6906 = CARTESIAN_POINT('',(-12.7,-323.85,241.3));
#6907 = DIRECTION('',(0.,1.,0.));
#6908 = DIRECTION('',(0.,-0.,1.));
#6909 = PCURVE('',#150,#6910);
#6910 = DEFINITIONAL_REPRESENTATION('',(#6911),#6915);
#6911 = CIRCLE('',#6912,2.54);
#6912 = AXIS2_PLACEMENT_2D('',#6913,#6914);
#6913 = CARTESIAN_POINT('',(38.1,292.1));
#6914 = DIRECTION('',(1.,0.));
#6915 = ( GEOMETRIC_REPRESENTATION_CONTEXT(2) 
PARAMETRIC_REPRESENTATION_CONTEXT() REPRESENTATION_CONTEXT('2D SPACE',''
  ) );
#6916 = PCURVE('',#1573,#6917);
#6917 = DEFINITIONAL_REPRESENTATION('',(#6918),#6922);
#6918 = LINE('',#6919,#6920);
#6919 = CARTESIAN_POINT('',(0.,8.89));
#6920 = VECTOR('',#6921,1.);
#6921 = DIRECTION('',(1.,0.));
#6922 = ( GEOMETRIC_REPRESENTATION_CONTEXT(2) 
PARAMETRIC_REPRESENTATION_CONTEXT() REPRESENTATION_CONTEXT('2D SPACE',''
  ) );
#6923 = FACE_BOUND('',#6924,.T.);
#6924 = EDGE_LOOP('',(#6925));
#6925 = ORIENTED_EDGE('',*,*,#6926,.F.);
#6926 = EDGE_CURVE('',#6927,#6927,#6929,.T.);
#6927 = VERTEX_POINT('',#6928);
#6928 = CARTESIAN_POINT('',(-6.221205739669E-16,-323.85,243.84));
#6929 = SURFACE_CURVE('',#6930,(#6935,#6942),.PCURVE_S1.);
#6930 = CIRCLE('',#6931,2.54);
#6931 = AXIS2_PLACEMENT_3D('',#6932,#6933,#6934);
#6932 = CARTESIAN_POINT('',(0.,-323.85,241.3));
#6933 = DIRECTION('',(0.,1.,0.));
#6934 = DIRECTION('',(0.,-0.,1.));
#6935 = PCURVE('',#150,#6936);
#6936 = DEFINITIONAL_REPRESENTATION('',(#6937),#6941);
#6937 = CIRCLE('',#6938,2.54);
#6938 = AXIS2_PLACEMENT_2D('',#6939,#6940);
#6939 = CARTESIAN_POINT('',(38.1,304.8));
#6940 = DIRECTION('',(1.,0.));
#6941 = ( GEOMETRIC_REPRESENTATION_CONTEXT(2) 
PARAMETRIC_REPRESENTATION_CONTEXT() REPRESENTATION_CONTEXT('2D SPACE',''
  ) );
#6942 = PCURVE('',#1604,#6943);
#6943 = DEFINITIONAL_REPRESENTATION('',(#6944),#6948);
#6944 = LINE('',#6945,#6946);
#6945 = CARTESIAN_POINT('',(0.,8.89));
#6946 = VECTOR('',#6947,1.);
#6947 = DIRECTION('',(1.,0.));
#6948 = ( GEOMETRIC_REPRESENTATION_CONTEXT(2) 
PARAMETRIC_REPRESENTATION_CONTEXT() REPRESENTATION_CONTEXT('2D SPACE',''
  ) );
#6949 = FACE_BOUND('',#6950,.T.);
#6950 = EDGE_LOOP('',(#6951));
#6951 = ORIENTED_EDGE('',*,*,#6952,.F.);
#6952 = EDGE_CURVE('',#6953,#6953,#6955,.T.);
#6953 = VERTEX_POINT('',#6954);
#6954 = CARTESIAN_POINT('',(-25.4,-323.85,256.54));
#6955 = SURFACE_CURVE('',#6956,(#6961,#6968),.PCURVE_S1.);
#6956 = CIRCLE('',#6957,2.54);
#6957 = AXIS2_PLACEMENT_3D('',#6958,#6959,#6960);
#6958 = CARTESIAN_POINT('',(-25.4,-323.85,254.));
#6959 = DIRECTION('',(0.,1.,0.));
#6960 = DIRECTION('',(0.,-0.,1.));
#6961 = PCURVE('',#150,#6962);
#6962 = DEFINITIONAL_REPRESENTATION('',(#6963),#6967);
#6963 = CIRCLE('',#6964,2.54);
#6964 = AXIS2_PLACEMENT_2D('',#6965,#6966);
#6965 = CARTESIAN_POINT('',(50.8,279.4));
#6966 = DIRECTION('',(1.,0.));
#6967 = ( GEOMETRIC_REPRESENTATION_CONTEXT(2) 
PARAMETRIC_REPRESENTATION_CONTEXT() REPRESENTATION_CONTEXT('2D SPACE',''
  ) );
#6968 = PCURVE('',#1635,#6969);
#6969 = DEFINITIONAL_REPRESENTATION('',(#6970),#6974);
#6970 = LINE('',#6971,#6972);
#6971 = CARTESIAN_POINT('',(0.,8.89));
#6972 = VECTOR('',#6973,1.);
#6973 = DIRECTION('',(1.,0.));
#6974 = ( GEOMETRIC_REPRESENTATION_CONTEXT(2) 
PARAMETRIC_REPRESENTATION_CONTEXT() REPRESENTATION_CONTEXT('2D SPACE',''
  ) );
#6975 = FACE_BOUND('',#6976,.T.);
#6976 = EDGE_LOOP('',(#6977));
#6977 = ORIENTED_EDGE('',*,*,#6978,.F.);
#6978 = EDGE_CURVE('',#6979,#6979,#6981,.T.);
#6979 = VERTEX_POINT('',#6980);
#6980 = CARTESIAN_POINT('',(-12.7,-323.85,256.54));
#6981 = SURFACE_CURVE('',#6982,(#6987,#6994),.PCURVE_S1.);
#6982 = CIRCLE('',#6983,2.54);
#6983 = AXIS2_PLACEMENT_3D('',#6984,#6985,#6986);
#6984 = CARTESIAN_POINT('',(-12.7,-323.85,254.));
#6985 = DIRECTION('',(0.,1.,0.));
#6986 = DIRECTION('',(0.,-0.,1.));
#6987 = PCURVE('',#150,#6988);
#6988 = DEFINITIONAL_REPRESENTATION('',(#6989),#6993);
#6989 = CIRCLE('',#6990,2.54);
#6990 = AXIS2_PLACEMENT_2D('',#6991,#6992);
#6991 = CARTESIAN_POINT('',(50.8,292.1));
#6992 = DIRECTION('',(1.,0.));
#6993 = ( GEOMETRIC_REPRESENTATION_CONTEXT(2) 
PARAMETRIC_REPRESENTATION_CONTEXT() REPRESENTATION_CONTEXT('2D SPACE',''
  ) );
#6994 = PCURVE('',#1666,#6995);
#6995 = DEFINITIONAL_REPRESENTATION('',(#6996),#7000);
#6996 = LINE('',#6997,#6998);
#6997 = CARTESIAN_POINT('',(0.,8.89));
#6998 = VECTOR('',#6999,1.);
#6999 = DIRECTION('',(1.,0.));
#7000 = ( GEOMETRIC_REPRESENTATION_CONTEXT(2) 
PARAMETRIC_REPRESENTATION_CONTEXT() REPRESENTATION_CONTEXT('2D SPACE',''
  ) );
#7001 = FACE_BOUND('',#7002,.T.);
#7002 = EDGE_LOOP('',(#7003));
#7003 = ORIENTED_EDGE('',*,*,#7004,.F.);
#7004 = EDGE_CURVE('',#7005,#7005,#7007,.T.);
#7005 = VERTEX_POINT('',#7006);
#7006 = CARTESIAN_POINT('',(-6.221205739669E-16,-323.85,256.54));
#7007 = SURFACE_CURVE('',#7008,(#7013,#7020),.PCURVE_S1.);
#7008 = CIRCLE('',#7009,2.54);
#7009 = AXIS2_PLACEMENT_3D('',#7010,#7011,#7012);
#7010 = CARTESIAN_POINT('',(0.,-323.85,254.));
#7011 = DIRECTION('',(0.,1.,0.));
#7012 = DIRECTION('',(0.,-0.,1.));
#7013 = PCURVE('',#150,#7014);
#7014 = DEFINITIONAL_REPRESENTATION('',(#7015),#7019);
#7015 = CIRCLE('',#7016,2.54);
#7016 = AXIS2_PLACEMENT_2D('',#7017,#7018);
#7017 = CARTESIAN_POINT('',(50.8,304.8));
#7018 = DIRECTION('',(1.,0.));
#7019 = ( GEOMETRIC_REPRESENTATION_CONTEXT(2) 
PARAMETRIC_REPRESENTATION_CONTEXT() REPRESENTATION_CONTEXT('2D SPACE',''
  ) );
#7020 = PCURVE('',#1697,#7021);
#7021 = DEFINITIONAL_REPRESENTATION('',(#7022),#7026);
#7022 = LINE('',#7023,#7024);
#7023 = CARTESIAN_POINT('',(0.,8.89));
#7024 = VECTOR('',#7025,1.);
#7025 = DIRECTION('',(1.,0.));
#7026 = ( GEOMETRIC_REPRESENTATION_CONTEXT(2) 
PARAMETRIC_REPRESENTATION_CONTEXT() REPRESENTATION_CONTEXT('2D SPACE',''
  ) );
#7027 = FACE_BOUND('',#7028,.T.);
#7028 = EDGE_LOOP('',(#7029));
#7029 = ORIENTED_EDGE('',*,*,#7030,.F.);
#7030 = EDGE_CURVE('',#7031,#7031,#7033,.T.);
#7031 = VERTEX_POINT('',#7032);
#7032 = CARTESIAN_POINT('',(12.7,-323.85,243.84));
#7033 = SURFACE_CURVE('',#7034,(#7039,#7046),.PCURVE_S1.);
#7034 = CIRCLE('',#7035,2.54);
#7035 = AXIS2_PLACEMENT_3D('',#7036,#7037,#7038);
#7036 = CARTESIAN_POINT('',(12.7,-323.85,241.3));
#7037 = DIRECTION('',(0.,1.,0.));
#7038 = DIRECTION('',(0.,-0.,1.));
#7039 = PCURVE('',#150,#7040);
#7040 = DEFINITIONAL_REPRESENTATION('',(#7041),#7045);
#7041 = CIRCLE('',#7042,2.54);
#7042 = AXIS2_PLACEMENT_2D('',#7043,#7044);
#7043 = CARTESIAN_POINT('',(38.1,317.5));
#7044 = DIRECTION('',(1.,0.));
#7045 = ( GEOMETRIC_REPRESENTATION_CONTEXT(2) 
PARAMETRIC_REPRESENTATION_CONTEXT() REPRESENTATION_CONTEXT('2D SPACE',''
  ) );
#7046 = PCURVE('',#1728,#7047);
#7047 = DEFINITIONAL_REPRESENTATION('',(#7048),#7052);
#7048 = LINE('',#7049,#7050);
#7049 = CARTESIAN_POINT('',(0.,8.89));
#7050 = VECTOR('',#7051,1.);
#7051 = DIRECTION('',(1.,0.));
#7052 = ( GEOMETRIC_REPRESENTATION_CONTEXT(2) 
PARAMETRIC_REPRESENTATION_CONTEXT() REPRESENTATION_CONTEXT('2D SPACE',''
  ) );
#7053 = FACE_BOUND('',#7054,.T.);
#7054 = EDGE_LOOP('',(#7055));
#7055 = ORIENTED_EDGE('',*,*,#7056,.F.);
#7056 = EDGE_CURVE('',#7057,#7057,#7059,.T.);
#7057 = VERTEX_POINT('',#7058);
#7058 = CARTESIAN_POINT('',(25.4,-323.85,243.84));
#7059 = SURFACE_CURVE('',#7060,(#7065,#7072),.PCURVE_S1.);
#7060 = CIRCLE('',#7061,2.54);
#7061 = AXIS2_PLACEMENT_3D('',#7062,#7063,#7064);
#7062 = CARTESIAN_POINT('',(25.4,-323.85,241.3));
#7063 = DIRECTION('',(0.,1.,0.));
#7064 = DIRECTION('',(0.,-0.,1.));
#7065 = PCURVE('',#150,#7066);
#7066 = DEFINITIONAL_REPRESENTATION('',(#7067),#7071);
#7067 = CIRCLE('',#7068,2.54);
#7068 = AXIS2_PLACEMENT_2D('',#7069,#7070);
#7069 = CARTESIAN_POINT('',(38.1,330.2));
#7070 = DIRECTION('',(1.,0.));
#7071 = ( GEOMETRIC_REPRESENTATION_CONTEXT(2) 
PARAMETRIC_REPRESENTATION_CONTEXT() REPRESENTATION_CONTEXT('2D SPACE',''
  ) );
#7072 = PCURVE('',#1759,#7073);
#7073 = DEFINITIONAL_REPRESENTATION('',(#7074),#7078);
#7074 = LINE('',#7075,#7076);
#7075 = CARTESIAN_POINT('',(0.,8.89));
#7076 = VECTOR('',#7077,1.);
#7077 = DIRECTION('',(1.,0.));
#7078 = ( GEOMETRIC_REPRESENTATION_CONTEXT(2) 
PARAMETRIC_REPRESENTATION_CONTEXT() REPRESENTATION_CONTEXT('2D SPACE',''
  ) );
#7079 = FACE_BOUND('',#7080,.T.);
#7080 = EDGE_LOOP('',(#7081));
#7081 = ORIENTED_EDGE('',*,*,#7082,.F.);
#7082 = EDGE_CURVE('',#7083,#7083,#7085,.T.);
#7083 = VERTEX_POINT('',#7084);
#7084 = CARTESIAN_POINT('',(12.7,-323.85,256.54));
#7085 = SURFACE_CURVE('',#7086,(#7091,#7098),.PCURVE_S1.);
#7086 = CIRCLE('',#7087,2.54);
#7087 = AXIS2_PLACEMENT_3D('',#7088,#7089,#7090);
#7088 = CARTESIAN_POINT('',(12.7,-323.85,254.));
#7089 = DIRECTION('',(0.,1.,0.));
#7090 = DIRECTION('',(0.,-0.,1.));
#7091 = PCURVE('',#150,#7092);
#7092 = DEFINITIONAL_REPRESENTATION('',(#7093),#7097);
#7093 = CIRCLE('',#7094,2.54);
#7094 = AXIS2_PLACEMENT_2D('',#7095,#7096);
#7095 = CARTESIAN_POINT('',(50.8,317.5));
#7096 = DIRECTION('',(1.,0.));
#7097 = ( GEOMETRIC_REPRESENTATION_CONTEXT(2) 
PARAMETRIC_REPRESENTATION_CONTEXT() REPRESENTATION_CONTEXT('2D SPACE',''
  ) );
#7098 = PCURVE('',#1790,#7099);
#7099 = DEFINITIONAL_REPRESENTATION('',(#7100),#7104);
#7100 = LINE('',#7101,#7102);
#7101 = CARTESIAN_POINT('',(0.,8.89));
#7102 = VECTOR('',#7103,1.);
#7103 = DIRECTION('',(1.,0.));
#7104 = ( GEOMETRIC_REPRESENTATION_CONTEXT(2) 
PARAMETRIC_REPRESENTATION_CONTEXT() REPRESENTATION_CONTEXT('2D SPACE',''
  ) );
#7105 = FACE_BOUND('',#7106,.T.);
#7106 = EDGE_LOOP('',(#7107));
#7107 = ORIENTED_EDGE('',*,*,#7108,.F.);
#7108 = EDGE_CURVE('',#7109,#7109,#7111,.T.);
#7109 = VERTEX_POINT('',#7110);
#7110 = CARTESIAN_POINT('',(25.4,-323.85,256.54));
#7111 = SURFACE_CURVE('',#7112,(#7117,#7124),.PCURVE_S1.);
#7112 = CIRCLE('',#7113,2.54);
#7113 = AXIS2_PLACEMENT_3D('',#7114,#7115,#7116);
#7114 = CARTESIAN_POINT('',(25.4,-323.85,254.));
#7115 = DIRECTION('',(0.,1.,0.));
#7116 = DIRECTION('',(0.,-0.,1.));
#7117 = PCURVE('',#150,#7118);
#7118 = DEFINITIONAL_REPRESENTATION('',(#7119),#7123);
#7119 = CIRCLE('',#7120,2.54);
#7120 = AXIS2_PLACEMENT_2D('',#7121,#7122);
#7121 = CARTESIAN_POINT('',(50.8,330.2));
#7122 = DIRECTION('',(1.,0.));
#7123 = ( GEOMETRIC_REPRESENTATION_CONTEXT(2) 
PARAMETRIC_REPRESENTATION_CONTEXT() REPRESENTATION_CONTEXT('2D SPACE',''
  ) );
#7124 = PCURVE('',#1821,#7125);
#7125 = DEFINITIONAL_REPRESENTATION('',(#7126),#7130);
#7126 = LINE('',#7127,#7128);
#7127 = CARTESIAN_POINT('',(0.,8.89));
#7128 = VECTOR('',#7129,1.);
#7129 = DIRECTION('',(1.,0.));
#7130 = ( GEOMETRIC_REPRESENTATION_CONTEXT(2) 
PARAMETRIC_REPRESENTATION_CONTEXT() REPRESENTATION_CONTEXT('2D SPACE',''
  ) );
#7131 = FACE_BOUND('',#7132,.T.);
#7132 = EDGE_LOOP('',(#7133));
#7133 = ORIENTED_EDGE('',*,*,#7134,.F.);
#7134 = EDGE_CURVE('',#7135,#7135,#7137,.T.);
#7135 = VERTEX_POINT('',#7136);
#7136 = CARTESIAN_POINT('',(-25.4,-323.85,269.24));
#7137 = SURFACE_CURVE('',#7138,(#7143,#7150),.PCURVE_S1.);
#7138 = CIRCLE('',#7139,2.54);
#7139 = AXIS2_PLACEMENT_3D('',#7140,#7141,#7142);
#7140 = CARTESIAN_POINT('',(-25.4,-323.85,266.7));
#7141 = DIRECTION('',(0.,1.,0.));
#7142 = DIRECTION('',(0.,-0.,1.));
#7143 = PCURVE('',#150,#7144);
#7144 = DEFINITIONAL_REPRESENTATION('',(#7145),#7149);
#7145 = CIRCLE('',#7146,2.54);
#7146 = AXIS2_PLACEMENT_2D('',#7147,#7148);
#7147 = CARTESIAN_POINT('',(63.5,279.4));
#7148 = DIRECTION('',(1.,0.));
#7149 = ( GEOMETRIC_REPRESENTATION_CONTEXT(2) 
PARAMETRIC_REPRESENTATION_CONTEXT() REPRESENTATION_CONTEXT('2D SPACE',''
  ) );
#7150 = PCURVE('',#1852,#7151);
#7151 = DEFINITIONAL_REPRESENTATION('',(#7152),#7156);
#7152 = LINE('',#7153,#7154);
#7153 = CARTESIAN_POINT('',(0.,8.89));
#7154 = VECTOR('',#7155,1.);
#7155 = DIRECTION('',(1.,0.));
#7156 = ( GEOMETRIC_REPRESENTATION_CONTEXT(2) 
PARAMETRIC_REPRESENTATION_CONTEXT() REPRESENTATION_CONTEXT('2D SPACE',''
  ) );
#7157 = FACE_BOUND('',#7158,.T.);
#7158 = EDGE_LOOP('',(#7159));
#7159 = ORIENTED_EDGE('',*,*,#7160,.F.);
#7160 = EDGE_CURVE('',#7161,#7161,#7163,.T.);
#7161 = VERTEX_POINT('',#7162);
#7162 = CARTESIAN_POINT('',(-12.7,-323.85,269.24));
#7163 = SURFACE_CURVE('',#7164,(#7169,#7176),.PCURVE_S1.);
#7164 = CIRCLE('',#7165,2.54);
#7165 = AXIS2_PLACEMENT_3D('',#7166,#7167,#7168);
#7166 = CARTESIAN_POINT('',(-12.7,-323.85,266.7));
#7167 = DIRECTION('',(0.,1.,0.));
#7168 = DIRECTION('',(0.,-0.,1.));
#7169 = PCURVE('',#150,#7170);
#7170 = DEFINITIONAL_REPRESENTATION('',(#7171),#7175);
#7171 = CIRCLE('',#7172,2.54);
#7172 = AXIS2_PLACEMENT_2D('',#7173,#7174);
#7173 = CARTESIAN_POINT('',(63.5,292.1));
#7174 = DIRECTION('',(1.,0.));
#7175 = ( GEOMETRIC_REPRESENTATION_CONTEXT(2) 
PARAMETRIC_REPRESENTATION_CONTEXT() REPRESENTATION_CONTEXT('2D SPACE',''
  ) );
#7176 = PCURVE('',#1883,#7177);
#7177 = DEFINITIONAL_REPRESENTATION('',(#7178),#7182);
#7178 = LINE('',#7179,#7180);
#7179 = CARTESIAN_POINT('',(0.,8.89));
#7180 = VECTOR('',#7181,1.);
#7181 = DIRECTION('',(1.,0.));
#7182 = ( GEOMETRIC_REPRESENTATION_CONTEXT(2) 
PARAMETRIC_REPRESENTATION_CONTEXT() REPRESENTATION_CONTEXT('2D SPACE',''
  ) );
#7183 = FACE_BOUND('',#7184,.T.);
#7184 = EDGE_LOOP('',(#7185));
#7185 = ORIENTED_EDGE('',*,*,#7186,.F.);
#7186 = EDGE_CURVE('',#7187,#7187,#7189,.T.);
#7187 = VERTEX_POINT('',#7188);
#7188 = CARTESIAN_POINT('',(-6.221205739669E-16,-323.85,269.24));
#7189 = SURFACE_CURVE('',#7190,(#7195,#7202),.PCURVE_S1.);
#7190 = CIRCLE('',#7191,2.54);
#7191 = AXIS2_PLACEMENT_3D('',#7192,#7193,#7194);
#7192 = CARTESIAN_POINT('',(0.,-323.85,266.7));
#7193 = DIRECTION('',(0.,1.,0.));
#7194 = DIRECTION('',(0.,-0.,1.));
#7195 = PCURVE('',#150,#7196);
#7196 = DEFINITIONAL_REPRESENTATION('',(#7197),#7201);
#7197 = CIRCLE('',#7198,2.54);
#7198 = AXIS2_PLACEMENT_2D('',#7199,#7200);
#7199 = CARTESIAN_POINT('',(63.5,304.8));
#7200 = DIRECTION('',(1.,0.));
#7201 = ( GEOMETRIC_REPRESENTATION_CONTEXT(2) 
PARAMETRIC_REPRESENTATION_CONTEXT() REPRESENTATION_CONTEXT('2D SPACE',''
  ) );
#7202 = PCURVE('',#1914,#7203);
#7203 = DEFINITIONAL_REPRESENTATION('',(#7204),#7208);
#7204 = LINE('',#7205,#7206);
#7205 = CARTESIAN_POINT('',(0.,8.89));
#7206 = VECTOR('',#7207,1.);
#7207 = DIRECTION('',(1.,0.));
#7208 = ( GEOMETRIC_REPRESENTATION_CONTEXT(2) 
PARAMETRIC_REPRESENTATION_CONTEXT() REPRESENTATION_CONTEXT('2D SPACE',''
  ) );
#7209 = FACE_BOUND('',#7210,.T.);
#7210 = EDGE_LOOP('',(#7211));
#7211 = ORIENTED_EDGE('',*,*,#7212,.F.);
#7212 = EDGE_CURVE('',#7213,#7213,#7215,.T.);
#7213 = VERTEX_POINT('',#7214);
#7214 = CARTESIAN_POINT('',(12.7,-323.85,269.24));
#7215 = SURFACE_CURVE('',#7216,(#7221,#7228),.PCURVE_S1.);
#7216 = CIRCLE('',#7217,2.54);
#7217 = AXIS2_PLACEMENT_3D('',#7218,#7219,#7220);
#7218 = CARTESIAN_POINT('',(12.7,-323.85,266.7));
#7219 = DIRECTION('',(0.,1.,0.));
#7220 = DIRECTION('',(0.,-0.,1.));
#7221 = PCURVE('',#150,#7222);
#7222 = DEFINITIONAL_REPRESENTATION('',(#7223),#7227);
#7223 = CIRCLE('',#7224,2.54);
#7224 = AXIS2_PLACEMENT_2D('',#7225,#7226);
#7225 = CARTESIAN_POINT('',(63.5,317.5));
#7226 = DIRECTION('',(1.,0.));
#7227 = ( GEOMETRIC_REPRESENTATION_CONTEXT(2) 
PARAMETRIC_REPRESENTATION_CONTEXT() REPRESENTATION_CONTEXT('2D SPACE',''
  ) );
#7228 = PCURVE('',#1945,#7229);
#7229 = DEFINITIONAL_REPRESENTATION('',(#7230),#7234);
#7230 = LINE('',#7231,#7232);
#7231 = CARTESIAN_POINT('',(0.,8.89));
#7232 = VECTOR('',#7233,1.);
#7233 = DIRECTION('',(1.,0.));
#7234 = ( GEOMETRIC_REPRESENTATION_CONTEXT(2) 
PARAMETRIC_REPRESENTATION_CONTEXT() REPRESENTATION_CONTEXT('2D SPACE',''
  ) );
#7235 = FACE_BOUND('',#7236,.T.);
#7236 = EDGE_LOOP('',(#7237));
#7237 = ORIENTED_EDGE('',*,*,#7238,.F.);
#7238 = EDGE_CURVE('',#7239,#7239,#7241,.T.);
#7239 = VERTEX_POINT('',#7240);
#7240 = CARTESIAN_POINT('',(25.4,-323.85,269.24));
#7241 = SURFACE_CURVE('',#7242,(#7247,#7254),.PCURVE_S1.);
#7242 = CIRCLE('',#7243,2.54);
#7243 = AXIS2_PLACEMENT_3D('',#7244,#7245,#7246);
#7244 = CARTESIAN_POINT('',(25.4,-323.85,266.7));
#7245 = DIRECTION('',(0.,1.,0.));
#7246 = DIRECTION('',(0.,-0.,1.));
#7247 = PCURVE('',#150,#7248);
#7248 = DEFINITIONAL_REPRESENTATION('',(#7249),#7253);
#7249 = CIRCLE('',#7250,2.54);
#7250 = AXIS2_PLACEMENT_2D('',#7251,#7252);
#7251 = CARTESIAN_POINT('',(63.5,330.2));
#7252 = DIRECTION('',(1.,0.));
#7253 = ( GEOMETRIC_REPRESENTATION_CONTEXT(2) 
PARAMETRIC_REPRESENTATION_CONTEXT() REPRESENTATION_CONTEXT('2D SPACE',''
  ) );
#7254 = PCURVE('',#1976,#7255);
#7255 = DEFINITIONAL_REPRESENTATION('',(#7256),#7260);
#7256 = LINE('',#7257,#7258);
#7257 = CARTESIAN_POINT('',(0.,8.89));
#7258 = VECTOR('',#7259,1.);
#7259 = DIRECTION('',(1.,0.));
#7260 = ( GEOMETRIC_REPRESENTATION_CONTEXT(2) 
PARAMETRIC_REPRESENTATION_CONTEXT() REPRESENTATION_CONTEXT('2D SPACE',''
  ) );
#7261 = FACE_BOUND('',#7262,.T.);
#7262 = EDGE_LOOP('',(#7263));
#7263 = ORIENTED_EDGE('',*,*,#7264,.F.);
#7264 = EDGE_CURVE('',#7265,#7265,#7267,.T.);
#7265 = VERTEX_POINT('',#7266);
#7266 = CARTESIAN_POINT('',(-101.6,-323.85,281.94));
#7267 = SURFACE_CURVE('',#7268,(#7273,#7280),.PCURVE_S1.);
#7268 = CIRCLE('',#7269,2.54);
#7269 = AXIS2_PLACEMENT_3D('',#7270,#7271,#7272);
#7270 = CARTESIAN_POINT('',(-101.6,-323.85,279.4));
#7271 = DIRECTION('',(0.,1.,0.));
#7272 = DIRECTION('',(0.,-0.,1.));
#7273 = PCURVE('',#150,#7274);
#7274 = DEFINITIONAL_REPRESENTATION('',(#7275),#7279);
#7275 = CIRCLE('',#7276,2.54);
#7276 = AXIS2_PLACEMENT_2D('',#7277,#7278);
#7277 = CARTESIAN_POINT('',(76.2,203.2));
#7278 = DIRECTION('',(1.,0.));
#7279 = ( GEOMETRIC_REPRESENTATION_CONTEXT(2) 
PARAMETRIC_REPRESENTATION_CONTEXT() REPRESENTATION_CONTEXT('2D SPACE',''
  ) );
#7280 = PCURVE('',#2007,#7281);
#7281 = DEFINITIONAL_REPRESENTATION('',(#7282),#7286);
#7282 = LINE('',#7283,#7284);
#7283 = CARTESIAN_POINT('',(0.,8.89));
#7284 = VECTOR('',#7285,1.);
#7285 = DIRECTION('',(1.,0.));
#7286 = ( GEOMETRIC_REPRESENTATION_CONTEXT(2) 
PARAMETRIC_REPRESENTATION_CONTEXT() REPRESENTATION_CONTEXT('2D SPACE',''
  ) );
#7287 = FACE_BOUND('',#7288,.T.);
#7288 = EDGE_LOOP('',(#7289));
#7289 = ORIENTED_EDGE('',*,*,#7290,.F.);
#7290 = EDGE_CURVE('',#7291,#7291,#7293,.T.);
#7291 = VERTEX_POINT('',#7292);
#7292 = CARTESIAN_POINT('',(-101.6,-323.85,294.64));
#7293 = SURFACE_CURVE('',#7294,(#7299,#7306),.PCURVE_S1.);
#7294 = CIRCLE('',#7295,2.54);
#7295 = AXIS2_PLACEMENT_3D('',#7296,#7297,#7298);
#7296 = CARTESIAN_POINT('',(-101.6,-323.85,292.1));
#7297 = DIRECTION('',(0.,1.,0.));
#7298 = DIRECTION('',(0.,-0.,1.));
#7299 = PCURVE('',#150,#7300);
#7300 = DEFINITIONAL_REPRESENTATION('',(#7301),#7305);
#7301 = CIRCLE('',#7302,2.54);
#7302 = AXIS2_PLACEMENT_2D('',#7303,#7304);
#7303 = CARTESIAN_POINT('',(88.9,203.2));
#7304 = DIRECTION('',(1.,0.));
#7305 = ( GEOMETRIC_REPRESENTATION_CONTEXT(2) 
PARAMETRIC_REPRESENTATION_CONTEXT() REPRESENTATION_CONTEXT('2D SPACE',''
  ) );
#7306 = PCURVE('',#2038,#7307);
#7307 = DEFINITIONAL_REPRESENTATION('',(#7308),#7312);
#7308 = LINE('',#7309,#7310);
#7309 = CARTESIAN_POINT('',(0.,8.89));
#7310 = VECTOR('',#7311,1.);
#7311 = DIRECTION('',(1.,0.));
#7312 = ( GEOMETRIC_REPRESENTATION_CONTEXT(2) 
PARAMETRIC_REPRESENTATION_CONTEXT() REPRESENTATION_CONTEXT('2D SPACE',''
  ) );
#7313 = FACE_BOUND('',#7314,.T.);
#7314 = EDGE_LOOP('',(#7315));
#7315 = ORIENTED_EDGE('',*,*,#7316,.F.);
#7316 = EDGE_CURVE('',#7317,#7317,#7319,.T.);
#7317 = VERTEX_POINT('',#7318);
#7318 = CARTESIAN_POINT('',(-101.6,-323.85,307.34));
#7319 = SURFACE_CURVE('',#7320,(#7325,#7332),.PCURVE_S1.);
#7320 = CIRCLE('',#7321,2.54);
#7321 = AXIS2_PLACEMENT_3D('',#7322,#7323,#7324);
#7322 = CARTESIAN_POINT('',(-101.6,-323.85,304.8));
#7323 = DIRECTION('',(0.,1.,0.));
#7324 = DIRECTION('',(0.,-0.,1.));
#7325 = PCURVE('',#150,#7326);
#7326 = DEFINITIONAL_REPRESENTATION('',(#7327),#7331);
#7327 = CIRCLE('',#7328,2.54);
#7328 = AXIS2_PLACEMENT_2D('',#7329,#7330);
#7329 = CARTESIAN_POINT('',(101.6,203.2));
#7330 = DIRECTION('',(1.,0.));
#7331 = ( GEOMETRIC_REPRESENTATION_CONTEXT(2) 
PARAMETRIC_REPRESENTATION_CONTEXT() REPRESENTATION_CONTEXT('2D SPACE',''
  ) );
#7332 = PCURVE('',#2069,#7333);
#7333 = DEFINITIONAL_REPRESENTATION('',(#7334),#7338);
#7334 = LINE('',#7335,#7336);
#7335 = CARTESIAN_POINT('',(0.,8.89));
#7336 = VECTOR('',#7337,1.);
#7337 = DIRECTION('',(1.,0.));
#7338 = ( GEOMETRIC_REPRESENTATION_CONTEXT(2) 
PARAMETRIC_REPRESENTATION_CONTEXT() REPRESENTATION_CONTEXT('2D SPACE',''
  ) );
#7339 = FACE_BOUND('',#7340,.T.);
#7340 = EDGE_LOOP('',(#7341));
#7341 = ORIENTED_EDGE('',*,*,#7342,.F.);
#7342 = EDGE_CURVE('',#7343,#7343,#7345,.T.);
#7343 = VERTEX_POINT('',#7344);
#7344 = CARTESIAN_POINT('',(-101.6,-323.85,320.04));
#7345 = SURFACE_CURVE('',#7346,(#7351,#7358),.PCURVE_S1.);
#7346 = CIRCLE('',#7347,2.54);
#7347 = AXIS2_PLACEMENT_3D('',#7348,#7349,#7350);
#7348 = CARTESIAN_POINT('',(-101.6,-323.85,317.5));
#7349 = DIRECTION('',(0.,1.,0.));
#7350 = DIRECTION('',(0.,-0.,1.));
#7351 = PCURVE('',#150,#7352);
#7352 = DEFINITIONAL_REPRESENTATION('',(#7353),#7357);
#7353 = CIRCLE('',#7354,2.54);
#7354 = AXIS2_PLACEMENT_2D('',#7355,#7356);
#7355 = CARTESIAN_POINT('',(114.3,203.2));
#7356 = DIRECTION('',(1.,0.));
#7357 = ( GEOMETRIC_REPRESENTATION_CONTEXT(2) 
PARAMETRIC_REPRESENTATION_CONTEXT() REPRESENTATION_CONTEXT('2D SPACE',''
  ) );
#7358 = PCURVE('',#2100,#7359);
#7359 = DEFINITIONAL_REPRESENTATION('',(#7360),#7364);
#7360 = LINE('',#7361,#7362);
#7361 = CARTESIAN_POINT('',(0.,8.89));
#7362 = VECTOR('',#7363,1.);
#7363 = DIRECTION('',(1.,0.));
#7364 = ( GEOMETRIC_REPRESENTATION_CONTEXT(2) 
PARAMETRIC_REPRESENTATION_CONTEXT() REPRESENTATION_CONTEXT('2D SPACE',''
  ) );
#7365 = FACE_BOUND('',#7366,.T.);
#7366 = EDGE_LOOP('',(#7367));
#7367 = ORIENTED_EDGE('',*,*,#7368,.F.);
#7368 = EDGE_CURVE('',#7369,#7369,#7371,.T.);
#7369 = VERTEX_POINT('',#7370);
#7370 = CARTESIAN_POINT('',(-101.6,-323.85,332.74));
#7371 = SURFACE_CURVE('',#7372,(#7377,#7384),.PCURVE_S1.);
#7372 = CIRCLE('',#7373,2.54);
#7373 = AXIS2_PLACEMENT_3D('',#7374,#7375,#7376);
#7374 = CARTESIAN_POINT('',(-101.6,-323.85,330.2));
#7375 = DIRECTION('',(0.,1.,0.));
#7376 = DIRECTION('',(0.,-0.,1.));
#7377 = PCURVE('',#150,#7378);
#7378 = DEFINITIONAL_REPRESENTATION('',(#7379),#7383);
#7379 = CIRCLE('',#7380,2.54);
#7380 = AXIS2_PLACEMENT_2D('',#7381,#7382);
#7381 = CARTESIAN_POINT('',(127.,203.2));
#7382 = DIRECTION('',(1.,0.));
#7383 = ( GEOMETRIC_REPRESENTATION_CONTEXT(2) 
PARAMETRIC_REPRESENTATION_CONTEXT() REPRESENTATION_CONTEXT('2D SPACE',''
  ) );
#7384 = PCURVE('',#2131,#7385);
#7385 = DEFINITIONAL_REPRESENTATION('',(#7386),#7390);
#7386 = LINE('',#7387,#7388);
#7387 = CARTESIAN_POINT('',(0.,8.89));
#7388 = VECTOR('',#7389,1.);
#7389 = DIRECTION('',(1.,0.));
#7390 = ( GEOMETRIC_REPRESENTATION_CONTEXT(2) 
PARAMETRIC_REPRESENTATION_CONTEXT() REPRESENTATION_CONTEXT('2D SPACE',''
  ) );
#7391 = FACE_BOUND('',#7392,.T.);
#7392 = EDGE_LOOP('',(#7393));
#7393 = ORIENTED_EDGE('',*,*,#7394,.F.);
#7394 = EDGE_CURVE('',#7395,#7395,#7397,.T.);
#7395 = VERTEX_POINT('',#7396);
#7396 = CARTESIAN_POINT('',(-88.9,-323.85,281.94));
#7397 = SURFACE_CURVE('',#7398,(#7403,#7410),.PCURVE_S1.);
#7398 = CIRCLE('',#7399,2.54);
#7399 = AXIS2_PLACEMENT_3D('',#7400,#7401,#7402);
#7400 = CARTESIAN_POINT('',(-88.9,-323.85,279.4));
#7401 = DIRECTION('',(0.,1.,0.));
#7402 = DIRECTION('',(0.,-0.,1.));
#7403 = PCURVE('',#150,#7404);
#7404 = DEFINITIONAL_REPRESENTATION('',(#7405),#7409);
#7405 = CIRCLE('',#7406,2.54);
#7406 = AXIS2_PLACEMENT_2D('',#7407,#7408);
#7407 = CARTESIAN_POINT('',(76.2,215.9));
#7408 = DIRECTION('',(1.,0.));
#7409 = ( GEOMETRIC_REPRESENTATION_CONTEXT(2) 
PARAMETRIC_REPRESENTATION_CONTEXT() REPRESENTATION_CONTEXT('2D SPACE',''
  ) );
#7410 = PCURVE('',#2162,#7411);
#7411 = DEFINITIONAL_REPRESENTATION('',(#7412),#7416);
#7412 = LINE('',#7413,#7414);
#7413 = CARTESIAN_POINT('',(0.,8.89));
#7414 = VECTOR('',#7415,1.);
#7415 = DIRECTION('',(1.,0.));
#7416 = ( GEOMETRIC_REPRESENTATION_CONTEXT(2) 
PARAMETRIC_REPRESENTATION_CONTEXT() REPRESENTATION_CONTEXT('2D SPACE',''
  ) );
#7417 = FACE_BOUND('',#7418,.T.);
#7418 = EDGE_LOOP('',(#7419));
#7419 = ORIENTED_EDGE('',*,*,#7420,.F.);
#7420 = EDGE_CURVE('',#7421,#7421,#7423,.T.);
#7421 = VERTEX_POINT('',#7422);
#7422 = CARTESIAN_POINT('',(-76.2,-323.85,281.94));
#7423 = SURFACE_CURVE('',#7424,(#7429,#7436),.PCURVE_S1.);
#7424 = CIRCLE('',#7425,2.54);
#7425 = AXIS2_PLACEMENT_3D('',#7426,#7427,#7428);
#7426 = CARTESIAN_POINT('',(-76.2,-323.85,279.4));
#7427 = DIRECTION('',(0.,1.,0.));
#7428 = DIRECTION('',(0.,-0.,1.));
#7429 = PCURVE('',#150,#7430);
#7430 = DEFINITIONAL_REPRESENTATION('',(#7431),#7435);
#7431 = CIRCLE('',#7432,2.54);
#7432 = AXIS2_PLACEMENT_2D('',#7433,#7434);
#7433 = CARTESIAN_POINT('',(76.2,228.6));
#7434 = DIRECTION('',(1.,0.));
#7435 = ( GEOMETRIC_REPRESENTATION_CONTEXT(2) 
PARAMETRIC_REPRESENTATION_CONTEXT() REPRESENTATION_CONTEXT('2D SPACE',''
  ) );
#7436 = PCURVE('',#2193,#7437);
#7437 = DEFINITIONAL_REPRESENTATION('',(#7438),#7442);
#7438 = LINE('',#7439,#7440);
#7439 = CARTESIAN_POINT('',(0.,8.89));
#7440 = VECTOR('',#7441,1.);
#7441 = DIRECTION('',(1.,0.));
#7442 = ( GEOMETRIC_REPRESENTATION_CONTEXT(2) 
PARAMETRIC_REPRESENTATION_CONTEXT() REPRESENTATION_CONTEXT('2D SPACE',''
  ) );
#7443 = FACE_BOUND('',#7444,.T.);
#7444 = EDGE_LOOP('',(#7445));
#7445 = ORIENTED_EDGE('',*,*,#7446,.F.);
#7446 = EDGE_CURVE('',#7447,#7447,#7449,.T.);
#7447 = VERTEX_POINT('',#7448);
#7448 = CARTESIAN_POINT('',(-63.5,-323.85,281.94));
#7449 = SURFACE_CURVE('',#7450,(#7455,#7462),.PCURVE_S1.);
#7450 = CIRCLE('',#7451,2.54);
#7451 = AXIS2_PLACEMENT_3D('',#7452,#7453,#7454);
#7452 = CARTESIAN_POINT('',(-63.5,-323.85,279.4));
#7453 = DIRECTION('',(0.,1.,0.));
#7454 = DIRECTION('',(0.,-0.,1.));
#7455 = PCURVE('',#150,#7456);
#7456 = DEFINITIONAL_REPRESENTATION('',(#7457),#7461);
#7457 = CIRCLE('',#7458,2.54);
#7458 = AXIS2_PLACEMENT_2D('',#7459,#7460);
#7459 = CARTESIAN_POINT('',(76.2,241.3));
#7460 = DIRECTION('',(1.,0.));
#7461 = ( GEOMETRIC_REPRESENTATION_CONTEXT(2) 
PARAMETRIC_REPRESENTATION_CONTEXT() REPRESENTATION_CONTEXT('2D SPACE',''
  ) );
#7462 = PCURVE('',#2224,#7463);
#7463 = DEFINITIONAL_REPRESENTATION('',(#7464),#7468);
#7464 = LINE('',#7465,#7466);
#7465 = CARTESIAN_POINT('',(0.,8.89));
#7466 = VECTOR('',#7467,1.);
#7467 = DIRECTION('',(1.,0.));
#7468 = ( GEOMETRIC_REPRESENTATION_CONTEXT(2) 
PARAMETRIC_REPRESENTATION_CONTEXT() REPRESENTATION_CONTEXT('2D SPACE',''
  ) );
#7469 = FACE_BOUND('',#7470,.T.);
#7470 = EDGE_LOOP('',(#7471));
#7471 = ORIENTED_EDGE('',*,*,#7472,.F.);
#7472 = EDGE_CURVE('',#7473,#7473,#7475,.T.);
#7473 = VERTEX_POINT('',#7474);
#7474 = CARTESIAN_POINT('',(-50.8,-323.85,281.94));
#7475 = SURFACE_CURVE('',#7476,(#7481,#7488),.PCURVE_S1.);
#7476 = CIRCLE('',#7477,2.54);
#7477 = AXIS2_PLACEMENT_3D('',#7478,#7479,#7480);
#7478 = CARTESIAN_POINT('',(-50.8,-323.85,279.4));
#7479 = DIRECTION('',(0.,1.,0.));
#7480 = DIRECTION('',(0.,-0.,1.));
#7481 = PCURVE('',#150,#7482);
#7482 = DEFINITIONAL_REPRESENTATION('',(#7483),#7487);
#7483 = CIRCLE('',#7484,2.54);
#7484 = AXIS2_PLACEMENT_2D('',#7485,#7486);
#7485 = CARTESIAN_POINT('',(76.2,254.));
#7486 = DIRECTION('',(1.,0.));
#7487 = ( GEOMETRIC_REPRESENTATION_CONTEXT(2) 
PARAMETRIC_REPRESENTATION_CONTEXT() REPRESENTATION_CONTEXT('2D SPACE',''
  ) );
#7488 = PCURVE('',#2255,#7489);
#7489 = DEFINITIONAL_REPRESENTATION('',(#7490),#7494);
#7490 = LINE('',#7491,#7492);
#7491 = CARTESIAN_POINT('',(0.,8.89));
#7492 = VECTOR('',#7493,1.);
#7493 = DIRECTION('',(1.,0.));
#7494 = ( GEOMETRIC_REPRESENTATION_CONTEXT(2) 
PARAMETRIC_REPRESENTATION_CONTEXT() REPRESENTATION_CONTEXT('2D SPACE',''
  ) );
#7495 = FACE_BOUND('',#7496,.T.);
#7496 = EDGE_LOOP('',(#7497));
#7497 = ORIENTED_EDGE('',*,*,#7498,.F.);
#7498 = EDGE_CURVE('',#7499,#7499,#7501,.T.);
#7499 = VERTEX_POINT('',#7500);
#7500 = CARTESIAN_POINT('',(-38.1,-323.85,281.94));
#7501 = SURFACE_CURVE('',#7502,(#7507,#7514),.PCURVE_S1.);
#7502 = CIRCLE('',#7503,2.54);
#7503 = AXIS2_PLACEMENT_3D('',#7504,#7505,#7506);
#7504 = CARTESIAN_POINT('',(-38.1,-323.85,279.4));
#7505 = DIRECTION('',(0.,1.,0.));
#7506 = DIRECTION('',(0.,-0.,1.));
#7507 = PCURVE('',#150,#7508);
#7508 = DEFINITIONAL_REPRESENTATION('',(#7509),#7513);
#7509 = CIRCLE('',#7510,2.54);
#7510 = AXIS2_PLACEMENT_2D('',#7511,#7512);
#7511 = CARTESIAN_POINT('',(76.2,266.7));
#7512 = DIRECTION('',(1.,0.));
#7513 = ( GEOMETRIC_REPRESENTATION_CONTEXT(2) 
PARAMETRIC_REPRESENTATION_CONTEXT() REPRESENTATION_CONTEXT('2D SPACE',''
  ) );
#7514 = PCURVE('',#2286,#7515);
#7515 = DEFINITIONAL_REPRESENTATION('',(#7516),#7520);
#7516 = LINE('',#7517,#7518);
#7517 = CARTESIAN_POINT('',(0.,8.89));
#7518 = VECTOR('',#7519,1.);
#7519 = DIRECTION('',(1.,0.));
#7520 = ( GEOMETRIC_REPRESENTATION_CONTEXT(2) 
PARAMETRIC_REPRESENTATION_CONTEXT() REPRESENTATION_CONTEXT('2D SPACE',''
  ) );
#7521 = FACE_BOUND('',#7522,.T.);
#7522 = EDGE_LOOP('',(#7523));
#7523 = ORIENTED_EDGE('',*,*,#7524,.F.);
#7524 = EDGE_CURVE('',#7525,#7525,#7527,.T.);
#7525 = VERTEX_POINT('',#7526);
#7526 = CARTESIAN_POINT('',(-88.9,-323.85,294.64));
#7527 = SURFACE_CURVE('',#7528,(#7533,#7540),.PCURVE_S1.);
#7528 = CIRCLE('',#7529,2.54);
#7529 = AXIS2_PLACEMENT_3D('',#7530,#7531,#7532);
#7530 = CARTESIAN_POINT('',(-88.9,-323.85,292.1));
#7531 = DIRECTION('',(0.,1.,0.));
#7532 = DIRECTION('',(0.,-0.,1.));
#7533 = PCURVE('',#150,#7534);
#7534 = DEFINITIONAL_REPRESENTATION('',(#7535),#7539);
#7535 = CIRCLE('',#7536,2.54);
#7536 = AXIS2_PLACEMENT_2D('',#7537,#7538);
#7537 = CARTESIAN_POINT('',(88.9,215.9));
#7538 = DIRECTION('',(1.,0.));
#7539 = ( GEOMETRIC_REPRESENTATION_CONTEXT(2) 
PARAMETRIC_REPRESENTATION_CONTEXT() REPRESENTATION_CONTEXT('2D SPACE',''
  ) );
#7540 = PCURVE('',#2317,#7541);
#7541 = DEFINITIONAL_REPRESENTATION('',(#7542),#7546);
#7542 = LINE('',#7543,#7544);
#7543 = CARTESIAN_POINT('',(0.,8.89));
#7544 = VECTOR('',#7545,1.);
#7545 = DIRECTION('',(1.,0.));
#7546 = ( GEOMETRIC_REPRESENTATION_CONTEXT(2) 
PARAMETRIC_REPRESENTATION_CONTEXT() REPRESENTATION_CONTEXT('2D SPACE',''
  ) );
#7547 = FACE_BOUND('',#7548,.T.);
#7548 = EDGE_LOOP('',(#7549));
#7549 = ORIENTED_EDGE('',*,*,#7550,.F.);
#7550 = EDGE_CURVE('',#7551,#7551,#7553,.T.);
#7551 = VERTEX_POINT('',#7552);
#7552 = CARTESIAN_POINT('',(-76.2,-323.85,294.64));
#7553 = SURFACE_CURVE('',#7554,(#7559,#7566),.PCURVE_S1.);
#7554 = CIRCLE('',#7555,2.54);
#7555 = AXIS2_PLACEMENT_3D('',#7556,#7557,#7558);
#7556 = CARTESIAN_POINT('',(-76.2,-323.85,292.1));
#7557 = DIRECTION('',(0.,1.,0.));
#7558 = DIRECTION('',(0.,-0.,1.));
#7559 = PCURVE('',#150,#7560);
#7560 = DEFINITIONAL_REPRESENTATION('',(#7561),#7565);
#7561 = CIRCLE('',#7562,2.54);
#7562 = AXIS2_PLACEMENT_2D('',#7563,#7564);
#7563 = CARTESIAN_POINT('',(88.9,228.6));
#7564 = DIRECTION('',(1.,0.));
#7565 = ( GEOMETRIC_REPRESENTATION_CONTEXT(2) 
PARAMETRIC_REPRESENTATION_CONTEXT() REPRESENTATION_CONTEXT('2D SPACE',''
  ) );
#7566 = PCURVE('',#2348,#7567);
#7567 = DEFINITIONAL_REPRESENTATION('',(#7568),#7572);
#7568 = LINE('',#7569,#7570);
#7569 = CARTESIAN_POINT('',(0.,8.89));
#7570 = VECTOR('',#7571,1.);
#7571 = DIRECTION('',(1.,0.));
#7572 = ( GEOMETRIC_REPRESENTATION_CONTEXT(2) 
PARAMETRIC_REPRESENTATION_CONTEXT() REPRESENTATION_CONTEXT('2D SPACE',''
  ) );
#7573 = FACE_BOUND('',#7574,.T.);
#7574 = EDGE_LOOP('',(#7575));
#7575 = ORIENTED_EDGE('',*,*,#7576,.F.);
#7576 = EDGE_CURVE('',#7577,#7577,#7579,.T.);
#7577 = VERTEX_POINT('',#7578);
#7578 = CARTESIAN_POINT('',(-63.5,-323.85,294.64));
#7579 = SURFACE_CURVE('',#7580,(#7585,#7592),.PCURVE_S1.);
#7580 = CIRCLE('',#7581,2.54);
#7581 = AXIS2_PLACEMENT_3D('',#7582,#7583,#7584);
#7582 = CARTESIAN_POINT('',(-63.5,-323.85,292.1));
#7583 = DIRECTION('',(0.,1.,0.));
#7584 = DIRECTION('',(0.,-0.,1.));
#7585 = PCURVE('',#150,#7586);
#7586 = DEFINITIONAL_REPRESENTATION('',(#7587),#7591);
#7587 = CIRCLE('',#7588,2.54);
#7588 = AXIS2_PLACEMENT_2D('',#7589,#7590);
#7589 = CARTESIAN_POINT('',(88.9,241.3));
#7590 = DIRECTION('',(1.,0.));
#7591 = ( GEOMETRIC_REPRESENTATION_CONTEXT(2) 
PARAMETRIC_REPRESENTATION_CONTEXT() REPRESENTATION_CONTEXT('2D SPACE',''
  ) );
#7592 = PCURVE('',#2379,#7593);
#7593 = DEFINITIONAL_REPRESENTATION('',(#7594),#7598);
#7594 = LINE('',#7595,#7596);
#7595 = CARTESIAN_POINT('',(0.,8.89));
#7596 = VECTOR('',#7597,1.);
#7597 = DIRECTION('',(1.,0.));
#7598 = ( GEOMETRIC_REPRESENTATION_CONTEXT(2) 
PARAMETRIC_REPRESENTATION_CONTEXT() REPRESENTATION_CONTEXT('2D SPACE',''
  ) );
#7599 = FACE_BOUND('',#7600,.T.);
#7600 = EDGE_LOOP('',(#7601));
#7601 = ORIENTED_EDGE('',*,*,#7602,.F.);
#7602 = EDGE_CURVE('',#7603,#7603,#7605,.T.);
#7603 = VERTEX_POINT('',#7604);
#7604 = CARTESIAN_POINT('',(-50.8,-323.85,294.64));
#7605 = SURFACE_CURVE('',#7606,(#7611,#7618),.PCURVE_S1.);
#7606 = CIRCLE('',#7607,2.54);
#7607 = AXIS2_PLACEMENT_3D('',#7608,#7609,#7610);
#7608 = CARTESIAN_POINT('',(-50.8,-323.85,292.1));
#7609 = DIRECTION('',(0.,1.,0.));
#7610 = DIRECTION('',(0.,-0.,1.));
#7611 = PCURVE('',#150,#7612);
#7612 = DEFINITIONAL_REPRESENTATION('',(#7613),#7617);
#7613 = CIRCLE('',#7614,2.54);
#7614 = AXIS2_PLACEMENT_2D('',#7615,#7616);
#7615 = CARTESIAN_POINT('',(88.9,254.));
#7616 = DIRECTION('',(1.,0.));
#7617 = ( GEOMETRIC_REPRESENTATION_CONTEXT(2) 
PARAMETRIC_REPRESENTATION_CONTEXT() REPRESENTATION_CONTEXT('2D SPACE',''
  ) );
#7618 = PCURVE('',#2410,#7619);
#7619 = DEFINITIONAL_REPRESENTATION('',(#7620),#7624);
#7620 = LINE('',#7621,#7622);
#7621 = CARTESIAN_POINT('',(0.,8.89));
#7622 = VECTOR('',#7623,1.);
#7623 = DIRECTION('',(1.,0.));
#7624 = ( GEOMETRIC_REPRESENTATION_CONTEXT(2) 
PARAMETRIC_REPRESENTATION_CONTEXT() REPRESENTATION_CONTEXT('2D SPACE',''
  ) );
#7625 = FACE_BOUND('',#7626,.T.);
#7626 = EDGE_LOOP('',(#7627));
#7627 = ORIENTED_EDGE('',*,*,#7628,.F.);
#7628 = EDGE_CURVE('',#7629,#7629,#7631,.T.);
#7629 = VERTEX_POINT('',#7630);
#7630 = CARTESIAN_POINT('',(-38.1,-323.85,294.64));
#7631 = SURFACE_CURVE('',#7632,(#7637,#7644),.PCURVE_S1.);
#7632 = CIRCLE('',#7633,2.54);
#7633 = AXIS2_PLACEMENT_3D('',#7634,#7635,#7636);
#7634 = CARTESIAN_POINT('',(-38.1,-323.85,292.1));
#7635 = DIRECTION('',(0.,1.,0.));
#7636 = DIRECTION('',(0.,-0.,1.));
#7637 = PCURVE('',#150,#7638);
#7638 = DEFINITIONAL_REPRESENTATION('',(#7639),#7643);
#7639 = CIRCLE('',#7640,2.54);
#7640 = AXIS2_PLACEMENT_2D('',#7641,#7642);
#7641 = CARTESIAN_POINT('',(88.9,266.7));
#7642 = DIRECTION('',(1.,0.));
#7643 = ( GEOMETRIC_REPRESENTATION_CONTEXT(2) 
PARAMETRIC_REPRESENTATION_CONTEXT() REPRESENTATION_CONTEXT('2D SPACE',''
  ) );
#7644 = PCURVE('',#2441,#7645);
#7645 = DEFINITIONAL_REPRESENTATION('',(#7646),#7650);
#7646 = LINE('',#7647,#7648);
#7647 = CARTESIAN_POINT('',(0.,8.89));
#7648 = VECTOR('',#7649,1.);
#7649 = DIRECTION('',(1.,0.));
#7650 = ( GEOMETRIC_REPRESENTATION_CONTEXT(2) 
PARAMETRIC_REPRESENTATION_CONTEXT() REPRESENTATION_CONTEXT('2D SPACE',''
  ) );
#7651 = FACE_BOUND('',#7652,.T.);
#7652 = EDGE_LOOP('',(#7653));
#7653 = ORIENTED_EDGE('',*,*,#7654,.F.);
#7654 = EDGE_CURVE('',#7655,#7655,#7657,.T.);
#7655 = VERTEX_POINT('',#7656);
#7656 = CARTESIAN_POINT('',(-25.4,-323.85,281.94));
#7657 = SURFACE_CURVE('',#7658,(#7663,#7670),.PCURVE_S1.);
#7658 = CIRCLE('',#7659,2.54);
#7659 = AXIS2_PLACEMENT_3D('',#7660,#7661,#7662);
#7660 = CARTESIAN_POINT('',(-25.4,-323.85,279.4));
#7661 = DIRECTION('',(0.,1.,0.));
#7662 = DIRECTION('',(0.,-0.,1.));
#7663 = PCURVE('',#150,#7664);
#7664 = DEFINITIONAL_REPRESENTATION('',(#7665),#7669);
#7665 = CIRCLE('',#7666,2.54);
#7666 = AXIS2_PLACEMENT_2D('',#7667,#7668);
#7667 = CARTESIAN_POINT('',(76.2,279.4));
#7668 = DIRECTION('',(1.,0.));
#7669 = ( GEOMETRIC_REPRESENTATION_CONTEXT(2) 
PARAMETRIC_REPRESENTATION_CONTEXT() REPRESENTATION_CONTEXT('2D SPACE',''
  ) );
#7670 = PCURVE('',#2472,#7671);
#7671 = DEFINITIONAL_REPRESENTATION('',(#7672),#7676);
#7672 = LINE('',#7673,#7674);
#7673 = CARTESIAN_POINT('',(0.,8.89));
#7674 = VECTOR('',#7675,1.);
#7675 = DIRECTION('',(1.,0.));
#7676 = ( GEOMETRIC_REPRESENTATION_CONTEXT(2) 
PARAMETRIC_REPRESENTATION_CONTEXT() REPRESENTATION_CONTEXT('2D SPACE',''
  ) );
#7677 = FACE_BOUND('',#7678,.T.);
#7678 = EDGE_LOOP('',(#7679));
#7679 = ORIENTED_EDGE('',*,*,#7680,.F.);
#7680 = EDGE_CURVE('',#7681,#7681,#7683,.T.);
#7681 = VERTEX_POINT('',#7682);
#7682 = CARTESIAN_POINT('',(-12.7,-323.85,281.94));
#7683 = SURFACE_CURVE('',#7684,(#7689,#7696),.PCURVE_S1.);
#7684 = CIRCLE('',#7685,2.54);
#7685 = AXIS2_PLACEMENT_3D('',#7686,#7687,#7688);
#7686 = CARTESIAN_POINT('',(-12.7,-323.85,279.4));
#7687 = DIRECTION('',(0.,1.,0.));
#7688 = DIRECTION('',(0.,-0.,1.));
#7689 = PCURVE('',#150,#7690);
#7690 = DEFINITIONAL_REPRESENTATION('',(#7691),#7695);
#7691 = CIRCLE('',#7692,2.54);
#7692 = AXIS2_PLACEMENT_2D('',#7693,#7694);
#7693 = CARTESIAN_POINT('',(76.2,292.1));
#7694 = DIRECTION('',(1.,0.));
#7695 = ( GEOMETRIC_REPRESENTATION_CONTEXT(2) 
PARAMETRIC_REPRESENTATION_CONTEXT() REPRESENTATION_CONTEXT('2D SPACE',''
  ) );
#7696 = PCURVE('',#2503,#7697);
#7697 = DEFINITIONAL_REPRESENTATION('',(#7698),#7702);
#7698 = LINE('',#7699,#7700);
#7699 = CARTESIAN_POINT('',(0.,8.89));
#7700 = VECTOR('',#7701,1.);
#7701 = DIRECTION('',(1.,0.));
#7702 = ( GEOMETRIC_REPRESENTATION_CONTEXT(2) 
PARAMETRIC_REPRESENTATION_CONTEXT() REPRESENTATION_CONTEXT('2D SPACE',''
  ) );
#7703 = FACE_BOUND('',#7704,.T.);
#7704 = EDGE_LOOP('',(#7705));
#7705 = ORIENTED_EDGE('',*,*,#7706,.F.);
#7706 = EDGE_CURVE('',#7707,#7707,#7709,.T.);
#7707 = VERTEX_POINT('',#7708);
#7708 = CARTESIAN_POINT('',(-6.221205739669E-16,-323.85,281.94));
#7709 = SURFACE_CURVE('',#7710,(#7715,#7722),.PCURVE_S1.);
#7710 = CIRCLE('',#7711,2.54);
#7711 = AXIS2_PLACEMENT_3D('',#7712,#7713,#7714);
#7712 = CARTESIAN_POINT('',(0.,-323.85,279.4));
#7713 = DIRECTION('',(0.,1.,0.));
#7714 = DIRECTION('',(0.,-0.,1.));
#7715 = PCURVE('',#150,#7716);
#7716 = DEFINITIONAL_REPRESENTATION('',(#7717),#7721);
#7717 = CIRCLE('',#7718,2.54);
#7718 = AXIS2_PLACEMENT_2D('',#7719,#7720);
#7719 = CARTESIAN_POINT('',(76.2,304.8));
#7720 = DIRECTION('',(1.,0.));
#7721 = ( GEOMETRIC_REPRESENTATION_CONTEXT(2) 
PARAMETRIC_REPRESENTATION_CONTEXT() REPRESENTATION_CONTEXT('2D SPACE',''
  ) );
#7722 = PCURVE('',#2534,#7723);
#7723 = DEFINITIONAL_REPRESENTATION('',(#7724),#7728);
#7724 = LINE('',#7725,#7726);
#7725 = CARTESIAN_POINT('',(0.,8.89));
#7726 = VECTOR('',#7727,1.);
#7727 = DIRECTION('',(1.,0.));
#7728 = ( GEOMETRIC_REPRESENTATION_CONTEXT(2) 
PARAMETRIC_REPRESENTATION_CONTEXT() REPRESENTATION_CONTEXT('2D SPACE',''
  ) );
#7729 = FACE_BOUND('',#7730,.T.);
#7730 = EDGE_LOOP('',(#7731));
#7731 = ORIENTED_EDGE('',*,*,#7732,.F.);
#7732 = EDGE_CURVE('',#7733,#7733,#7735,.T.);
#7733 = VERTEX_POINT('',#7734);
#7734 = CARTESIAN_POINT('',(12.7,-323.85,281.94));
#7735 = SURFACE_CURVE('',#7736,(#7741,#7748),.PCURVE_S1.);
#7736 = CIRCLE('',#7737,2.54);
#7737 = AXIS2_PLACEMENT_3D('',#7738,#7739,#7740);
#7738 = CARTESIAN_POINT('',(12.7,-323.85,279.4));
#7739 = DIRECTION('',(0.,1.,0.));
#7740 = DIRECTION('',(0.,-0.,1.));
#7741 = PCURVE('',#150,#7742);
#7742 = DEFINITIONAL_REPRESENTATION('',(#7743),#7747);
#7743 = CIRCLE('',#7744,2.54);
#7744 = AXIS2_PLACEMENT_2D('',#7745,#7746);
#7745 = CARTESIAN_POINT('',(76.2,317.5));
#7746 = DIRECTION('',(1.,0.));
#7747 = ( GEOMETRIC_REPRESENTATION_CONTEXT(2) 
PARAMETRIC_REPRESENTATION_CONTEXT() REPRESENTATION_CONTEXT('2D SPACE',''
  ) );
#7748 = PCURVE('',#2565,#7749);
#7749 = DEFINITIONAL_REPRESENTATION('',(#7750),#7754);
#7750 = LINE('',#7751,#7752);
#7751 = CARTESIAN_POINT('',(0.,8.89));
#7752 = VECTOR('',#7753,1.);
#7753 = DIRECTION('',(1.,0.));
#7754 = ( GEOMETRIC_REPRESENTATION_CONTEXT(2) 
PARAMETRIC_REPRESENTATION_CONTEXT() REPRESENTATION_CONTEXT('2D SPACE',''
  ) );
#7755 = FACE_BOUND('',#7756,.T.);
#7756 = EDGE_LOOP('',(#7757));
#7757 = ORIENTED_EDGE('',*,*,#7758,.F.);
#7758 = EDGE_CURVE('',#7759,#7759,#7761,.T.);
#7759 = VERTEX_POINT('',#7760);
#7760 = CARTESIAN_POINT('',(25.4,-323.85,281.94));
#7761 = SURFACE_CURVE('',#7762,(#7767,#7774),.PCURVE_S1.);
#7762 = CIRCLE('',#7763,2.54);
#7763 = AXIS2_PLACEMENT_3D('',#7764,#7765,#7766);
#7764 = CARTESIAN_POINT('',(25.4,-323.85,279.4));
#7765 = DIRECTION('',(0.,1.,0.));
#7766 = DIRECTION('',(0.,-0.,1.));
#7767 = PCURVE('',#150,#7768);
#7768 = DEFINITIONAL_REPRESENTATION('',(#7769),#7773);
#7769 = CIRCLE('',#7770,2.54);
#7770 = AXIS2_PLACEMENT_2D('',#7771,#7772);
#7771 = CARTESIAN_POINT('',(76.2,330.2));
#7772 = DIRECTION('',(1.,0.));
#7773 = ( GEOMETRIC_REPRESENTATION_CONTEXT(2) 
PARAMETRIC_REPRESENTATION_CONTEXT() REPRESENTATION_CONTEXT('2D SPACE',''
  ) );
#7774 = PCURVE('',#2596,#7775);
#7775 = DEFINITIONAL_REPRESENTATION('',(#7776),#7780);
#7776 = LINE('',#7777,#7778);
#7777 = CARTESIAN_POINT('',(0.,8.89));
#7778 = VECTOR('',#7779,1.);
#7779 = DIRECTION('',(1.,0.));
#7780 = ( GEOMETRIC_REPRESENTATION_CONTEXT(2) 
PARAMETRIC_REPRESENTATION_CONTEXT() REPRESENTATION_CONTEXT('2D SPACE',''
  ) );
#7781 = FACE_BOUND('',#7782,.T.);
#7782 = EDGE_LOOP('',(#7783));
#7783 = ORIENTED_EDGE('',*,*,#7784,.F.);
#7784 = EDGE_CURVE('',#7785,#7785,#7787,.T.);
#7785 = VERTEX_POINT('',#7786);
#7786 = CARTESIAN_POINT('',(-25.4,-323.85,294.64));
#7787 = SURFACE_CURVE('',#7788,(#7793,#7800),.PCURVE_S1.);
#7788 = CIRCLE('',#7789,2.54);
#7789 = AXIS2_PLACEMENT_3D('',#7790,#7791,#7792);
#7790 = CARTESIAN_POINT('',(-25.4,-323.85,292.1));
#7791 = DIRECTION('',(0.,1.,0.));
#7792 = DIRECTION('',(0.,-0.,1.));
#7793 = PCURVE('',#150,#7794);
#7794 = DEFINITIONAL_REPRESENTATION('',(#7795),#7799);
#7795 = CIRCLE('',#7796,2.54);
#7796 = AXIS2_PLACEMENT_2D('',#7797,#7798);
#7797 = CARTESIAN_POINT('',(88.9,279.4));
#7798 = DIRECTION('',(1.,0.));
#7799 = ( GEOMETRIC_REPRESENTATION_CONTEXT(2) 
PARAMETRIC_REPRESENTATION_CONTEXT() REPRESENTATION_CONTEXT('2D SPACE',''
  ) );
#7800 = PCURVE('',#2627,#7801);
#7801 = DEFINITIONAL_REPRESENTATION('',(#7802),#7806);
#7802 = LINE('',#7803,#7804);
#7803 = CARTESIAN_POINT('',(0.,8.89));
#7804 = VECTOR('',#7805,1.);
#7805 = DIRECTION('',(1.,0.));
#7806 = ( GEOMETRIC_REPRESENTATION_CONTEXT(2) 
PARAMETRIC_REPRESENTATION_CONTEXT() REPRESENTATION_CONTEXT('2D SPACE',''
  ) );
#7807 = FACE_BOUND('',#7808,.T.);
#7808 = EDGE_LOOP('',(#7809));
#7809 = ORIENTED_EDGE('',*,*,#7810,.F.);
#7810 = EDGE_CURVE('',#7811,#7811,#7813,.T.);
#7811 = VERTEX_POINT('',#7812);
#7812 = CARTESIAN_POINT('',(-12.7,-323.85,294.64));
#7813 = SURFACE_CURVE('',#7814,(#7819,#7826),.PCURVE_S1.);
#7814 = CIRCLE('',#7815,2.54);
#7815 = AXIS2_PLACEMENT_3D('',#7816,#7817,#7818);
#7816 = CARTESIAN_POINT('',(-12.7,-323.85,292.1));
#7817 = DIRECTION('',(0.,1.,0.));
#7818 = DIRECTION('',(0.,-0.,1.));
#7819 = PCURVE('',#150,#7820);
#7820 = DEFINITIONAL_REPRESENTATION('',(#7821),#7825);
#7821 = CIRCLE('',#7822,2.54);
#7822 = AXIS2_PLACEMENT_2D('',#7823,#7824);
#7823 = CARTESIAN_POINT('',(88.9,292.1));
#7824 = DIRECTION('',(1.,0.));
#7825 = ( GEOMETRIC_REPRESENTATION_CONTEXT(2) 
PARAMETRIC_REPRESENTATION_CONTEXT() REPRESENTATION_CONTEXT('2D SPACE',''
  ) );
#7826 = PCURVE('',#2658,#7827);
#7827 = DEFINITIONAL_REPRESENTATION('',(#7828),#7832);
#7828 = LINE('',#7829,#7830);
#7829 = CARTESIAN_POINT('',(0.,8.89));
#7830 = VECTOR('',#7831,1.);
#7831 = DIRECTION('',(1.,0.));
#7832 = ( GEOMETRIC_REPRESENTATION_CONTEXT(2) 
PARAMETRIC_REPRESENTATION_CONTEXT() REPRESENTATION_CONTEXT('2D SPACE',''
  ) );
#7833 = FACE_BOUND('',#7834,.T.);
#7834 = EDGE_LOOP('',(#7835));
#7835 = ORIENTED_EDGE('',*,*,#7836,.F.);
#7836 = EDGE_CURVE('',#7837,#7837,#7839,.T.);
#7837 = VERTEX_POINT('',#7838);
#7838 = CARTESIAN_POINT('',(-6.221205739669E-16,-323.85,294.64));
#7839 = SURFACE_CURVE('',#7840,(#7845,#7852),.PCURVE_S1.);
#7840 = CIRCLE('',#7841,2.54);
#7841 = AXIS2_PLACEMENT_3D('',#7842,#7843,#7844);
#7842 = CARTESIAN_POINT('',(0.,-323.85,292.1));
#7843 = DIRECTION('',(0.,1.,0.));
#7844 = DIRECTION('',(0.,-0.,1.));
#7845 = PCURVE('',#150,#7846);
#7846 = DEFINITIONAL_REPRESENTATION('',(#7847),#7851);
#7847 = CIRCLE('',#7848,2.54);
#7848 = AXIS2_PLACEMENT_2D('',#7849,#7850);
#7849 = CARTESIAN_POINT('',(88.9,304.8));
#7850 = DIRECTION('',(1.,0.));
#7851 = ( GEOMETRIC_REPRESENTATION_CONTEXT(2) 
PARAMETRIC_REPRESENTATION_CONTEXT() REPRESENTATION_CONTEXT('2D SPACE',''
  ) );
#7852 = PCURVE('',#2689,#7853);
#7853 = DEFINITIONAL_REPRESENTATION('',(#7854),#7858);
#7854 = LINE('',#7855,#7856);
#7855 = CARTESIAN_POINT('',(0.,8.89));
#7856 = VECTOR('',#7857,1.);
#7857 = DIRECTION('',(1.,0.));
#7858 = ( GEOMETRIC_REPRESENTATION_CONTEXT(2) 
PARAMETRIC_REPRESENTATION_CONTEXT() REPRESENTATION_CONTEXT('2D SPACE',''
  ) );
#7859 = FACE_BOUND('',#7860,.T.);
#7860 = EDGE_LOOP('',(#7861));
#7861 = ORIENTED_EDGE('',*,*,#7862,.F.);
#7862 = EDGE_CURVE('',#7863,#7863,#7865,.T.);
#7863 = VERTEX_POINT('',#7864);
#7864 = CARTESIAN_POINT('',(12.7,-323.85,294.64));
#7865 = SURFACE_CURVE('',#7866,(#7871,#7878),.PCURVE_S1.);
#7866 = CIRCLE('',#7867,2.54);
#7867 = AXIS2_PLACEMENT_3D('',#7868,#7869,#7870);
#7868 = CARTESIAN_POINT('',(12.7,-323.85,292.1));
#7869 = DIRECTION('',(0.,1.,0.));
#7870 = DIRECTION('',(0.,-0.,1.));
#7871 = PCURVE('',#150,#7872);
#7872 = DEFINITIONAL_REPRESENTATION('',(#7873),#7877);
#7873 = CIRCLE('',#7874,2.54);
#7874 = AXIS2_PLACEMENT_2D('',#7875,#7876);
#7875 = CARTESIAN_POINT('',(88.9,317.5));
#7876 = DIRECTION('',(1.,0.));
#7877 = ( GEOMETRIC_REPRESENTATION_CONTEXT(2) 
PARAMETRIC_REPRESENTATION_CONTEXT() REPRESENTATION_CONTEXT('2D SPACE',''
  ) );
#7878 = PCURVE('',#2720,#7879);
#7879 = DEFINITIONAL_REPRESENTATION('',(#7880),#7884);
#7880 = LINE('',#7881,#7882);
#7881 = CARTESIAN_POINT('',(0.,8.89));
#7882 = VECTOR('',#7883,1.);
#7883 = DIRECTION('',(1.,0.));
#7884 = ( GEOMETRIC_REPRESENTATION_CONTEXT(2) 
PARAMETRIC_REPRESENTATION_CONTEXT() REPRESENTATION_CONTEXT('2D SPACE',''
  ) );
#7885 = FACE_BOUND('',#7886,.T.);
#7886 = EDGE_LOOP('',(#7887));
#7887 = ORIENTED_EDGE('',*,*,#7888,.F.);
#7888 = EDGE_CURVE('',#7889,#7889,#7891,.T.);
#7889 = VERTEX_POINT('',#7890);
#7890 = CARTESIAN_POINT('',(25.4,-323.85,294.64));
#7891 = SURFACE_CURVE('',#7892,(#7897,#7904),.PCURVE_S1.);
#7892 = CIRCLE('',#7893,2.54);
#7893 = AXIS2_PLACEMENT_3D('',#7894,#7895,#7896);
#7894 = CARTESIAN_POINT('',(25.4,-323.85,292.1));
#7895 = DIRECTION('',(0.,1.,0.));
#7896 = DIRECTION('',(0.,-0.,1.));
#7897 = PCURVE('',#150,#7898);
#7898 = DEFINITIONAL_REPRESENTATION('',(#7899),#7903);
#7899 = CIRCLE('',#7900,2.54);
#7900 = AXIS2_PLACEMENT_2D('',#7901,#7902);
#7901 = CARTESIAN_POINT('',(88.9,330.2));
#7902 = DIRECTION('',(1.,0.));
#7903 = ( GEOMETRIC_REPRESENTATION_CONTEXT(2) 
PARAMETRIC_REPRESENTATION_CONTEXT() REPRESENTATION_CONTEXT('2D SPACE',''
  ) );
#7904 = PCURVE('',#2751,#7905);
#7905 = DEFINITIONAL_REPRESENTATION('',(#7906),#7910);
#7906 = LINE('',#7907,#7908);
#7907 = CARTESIAN_POINT('',(0.,8.89));
#7908 = VECTOR('',#7909,1.);
#7909 = DIRECTION('',(1.,0.));
#7910 = ( GEOMETRIC_REPRESENTATION_CONTEXT(2) 
PARAMETRIC_REPRESENTATION_CONTEXT() REPRESENTATION_CONTEXT('2D SPACE',''
  ) );
#7911 = FACE_BOUND('',#7912,.T.);
#7912 = EDGE_LOOP('',(#7913));
#7913 = ORIENTED_EDGE('',*,*,#7914,.F.);
#7914 = EDGE_CURVE('',#7915,#7915,#7917,.T.);
#7915 = VERTEX_POINT('',#7916);
#7916 = CARTESIAN_POINT('',(-88.9,-323.85,307.34));
#7917 = SURFACE_CURVE('',#7918,(#7923,#7930),.PCURVE_S1.);
#7918 = CIRCLE('',#7919,2.54);
#7919 = AXIS2_PLACEMENT_3D('',#7920,#7921,#7922);
#7920 = CARTESIAN_POINT('',(-88.9,-323.85,304.8));
#7921 = DIRECTION('',(0.,1.,0.));
#7922 = DIRECTION('',(0.,-0.,1.));
#7923 = PCURVE('',#150,#7924);
#7924 = DEFINITIONAL_REPRESENTATION('',(#7925),#7929);
#7925 = CIRCLE('',#7926,2.54);
#7926 = AXIS2_PLACEMENT_2D('',#7927,#7928);
#7927 = CARTESIAN_POINT('',(101.6,215.9));
#7928 = DIRECTION('',(1.,0.));
#7929 = ( GEOMETRIC_REPRESENTATION_CONTEXT(2) 
PARAMETRIC_REPRESENTATION_CONTEXT() REPRESENTATION_CONTEXT('2D SPACE',''
  ) );
#7930 = PCURVE('',#2782,#7931);
#7931 = DEFINITIONAL_REPRESENTATION('',(#7932),#7936);
#7932 = LINE('',#7933,#7934);
#7933 = CARTESIAN_POINT('',(0.,8.89));
#7934 = VECTOR('',#7935,1.);
#7935 = DIRECTION('',(1.,0.));
#7936 = ( GEOMETRIC_REPRESENTATION_CONTEXT(2) 
PARAMETRIC_REPRESENTATION_CONTEXT() REPRESENTATION_CONTEXT('2D SPACE',''
  ) );
#7937 = FACE_BOUND('',#7938,.T.);
#7938 = EDGE_LOOP('',(#7939));
#7939 = ORIENTED_EDGE('',*,*,#7940,.F.);
#7940 = EDGE_CURVE('',#7941,#7941,#7943,.T.);
#7941 = VERTEX_POINT('',#7942);
#7942 = CARTESIAN_POINT('',(-76.2,-323.85,307.34));
#7943 = SURFACE_CURVE('',#7944,(#7949,#7956),.PCURVE_S1.);
#7944 = CIRCLE('',#7945,2.54);
#7945 = AXIS2_PLACEMENT_3D('',#7946,#7947,#7948);
#7946 = CARTESIAN_POINT('',(-76.2,-323.85,304.8));
#7947 = DIRECTION('',(0.,1.,0.));
#7948 = DIRECTION('',(0.,-0.,1.));
#7949 = PCURVE('',#150,#7950);
#7950 = DEFINITIONAL_REPRESENTATION('',(#7951),#7955);
#7951 = CIRCLE('',#7952,2.54);
#7952 = AXIS2_PLACEMENT_2D('',#7953,#7954);
#7953 = CARTESIAN_POINT('',(101.6,228.6));
#7954 = DIRECTION('',(1.,0.));
#7955 = ( GEOMETRIC_REPRESENTATION_CONTEXT(2) 
PARAMETRIC_REPRESENTATION_CONTEXT() REPRESENTATION_CONTEXT('2D SPACE',''
  ) );
#7956 = PCURVE('',#2813,#7957);
#7957 = DEFINITIONAL_REPRESENTATION('',(#7958),#7962);
#7958 = LINE('',#7959,#7960);
#7959 = CARTESIAN_POINT('',(0.,8.89));
#7960 = VECTOR('',#7961,1.);
#7961 = DIRECTION('',(1.,0.));
#7962 = ( GEOMETRIC_REPRESENTATION_CONTEXT(2) 
PARAMETRIC_REPRESENTATION_CONTEXT() REPRESENTATION_CONTEXT('2D SPACE',''
  ) );
#7963 = FACE_BOUND('',#7964,.T.);
#7964 = EDGE_LOOP('',(#7965));
#7965 = ORIENTED_EDGE('',*,*,#7966,.F.);
#7966 = EDGE_CURVE('',#7967,#7967,#7969,.T.);
#7967 = VERTEX_POINT('',#7968);
#7968 = CARTESIAN_POINT('',(-63.5,-323.85,307.34));
#7969 = SURFACE_CURVE('',#7970,(#7975,#7982),.PCURVE_S1.);
#7970 = CIRCLE('',#7971,2.54);
#7971 = AXIS2_PLACEMENT_3D('',#7972,#7973,#7974);
#7972 = CARTESIAN_POINT('',(-63.5,-323.85,304.8));
#7973 = DIRECTION('',(0.,1.,0.));
#7974 = DIRECTION('',(0.,-0.,1.));
#7975 = PCURVE('',#150,#7976);
#7976 = DEFINITIONAL_REPRESENTATION('',(#7977),#7981);
#7977 = CIRCLE('',#7978,2.54);
#7978 = AXIS2_PLACEMENT_2D('',#7979,#7980);
#7979 = CARTESIAN_POINT('',(101.6,241.3));
#7980 = DIRECTION('',(1.,0.));
#7981 = ( GEOMETRIC_REPRESENTATION_CONTEXT(2) 
PARAMETRIC_REPRESENTATION_CONTEXT() REPRESENTATION_CONTEXT('2D SPACE',''
  ) );
#7982 = PCURVE('',#2844,#7983);
#7983 = DEFINITIONAL_REPRESENTATION('',(#7984),#7988);
#7984 = LINE('',#7985,#7986);
#7985 = CARTESIAN_POINT('',(0.,8.89));
#7986 = VECTOR('',#7987,1.);
#7987 = DIRECTION('',(1.,0.));
#7988 = ( GEOMETRIC_REPRESENTATION_CONTEXT(2) 
PARAMETRIC_REPRESENTATION_CONTEXT() REPRESENTATION_CONTEXT('2D SPACE',''
  ) );
#7989 = FACE_BOUND('',#7990,.T.);
#7990 = EDGE_LOOP('',(#7991));
#7991 = ORIENTED_EDGE('',*,*,#7992,.F.);
#7992 = EDGE_CURVE('',#7993,#7993,#7995,.T.);
#7993 = VERTEX_POINT('',#7994);
#7994 = CARTESIAN_POINT('',(-50.8,-323.85,307.34));
#7995 = SURFACE_CURVE('',#7996,(#8001,#8008),.PCURVE_S1.);
#7996 = CIRCLE('',#7997,2.54);
#7997 = AXIS2_PLACEMENT_3D('',#7998,#7999,#8000);
#7998 = CARTESIAN_POINT('',(-50.8,-323.85,304.8));
#7999 = DIRECTION('',(0.,1.,0.));
#8000 = DIRECTION('',(0.,-0.,1.));
#8001 = PCURVE('',#150,#8002);
#8002 = DEFINITIONAL_REPRESENTATION('',(#8003),#8007);
#8003 = CIRCLE('',#8004,2.54);
#8004 = AXIS2_PLACEMENT_2D('',#8005,#8006);
#8005 = CARTESIAN_POINT('',(101.6,254.));
#8006 = DIRECTION('',(1.,0.));
#8007 = ( GEOMETRIC_REPRESENTATION_CONTEXT(2) 
PARAMETRIC_REPRESENTATION_CONTEXT() REPRESENTATION_CONTEXT('2D SPACE',''
  ) );
#8008 = PCURVE('',#2875,#8009);
#8009 = DEFINITIONAL_REPRESENTATION('',(#8010),#8014);
#8010 = LINE('',#8011,#8012);
#8011 = CARTESIAN_POINT('',(0.,8.89));
#8012 = VECTOR('',#8013,1.);
#8013 = DIRECTION('',(1.,0.));
#8014 = ( GEOMETRIC_REPRESENTATION_CONTEXT(2) 
PARAMETRIC_REPRESENTATION_CONTEXT() REPRESENTATION_CONTEXT('2D SPACE',''
  ) );
#8015 = FACE_BOUND('',#8016,.T.);
#8016 = EDGE_LOOP('',(#8017));
#8017 = ORIENTED_EDGE('',*,*,#8018,.F.);
#8018 = EDGE_CURVE('',#8019,#8019,#8021,.T.);
#8019 = VERTEX_POINT('',#8020);
#8020 = CARTESIAN_POINT('',(-38.1,-323.85,307.34));
#8021 = SURFACE_CURVE('',#8022,(#8027,#8034),.PCURVE_S1.);
#8022 = CIRCLE('',#8023,2.54);
#8023 = AXIS2_PLACEMENT_3D('',#8024,#8025,#8026);
#8024 = CARTESIAN_POINT('',(-38.1,-323.85,304.8));
#8025 = DIRECTION('',(0.,1.,0.));
#8026 = DIRECTION('',(0.,-0.,1.));
#8027 = PCURVE('',#150,#8028);
#8028 = DEFINITIONAL_REPRESENTATION('',(#8029),#8033);
#8029 = CIRCLE('',#8030,2.54);
#8030 = AXIS2_PLACEMENT_2D('',#8031,#8032);
#8031 = CARTESIAN_POINT('',(101.6,266.7));
#8032 = DIRECTION('',(1.,0.));
#8033 = ( GEOMETRIC_REPRESENTATION_CONTEXT(2) 
PARAMETRIC_REPRESENTATION_CONTEXT() REPRESENTATION_CONTEXT('2D SPACE',''
  ) );
#8034 = PCURVE('',#2906,#8035);
#8035 = DEFINITIONAL_REPRESENTATION('',(#8036),#8040);
#8036 = LINE('',#8037,#8038);
#8037 = CARTESIAN_POINT('',(0.,8.89));
#8038 = VECTOR('',#8039,1.);
#8039 = DIRECTION('',(1.,0.));
#8040 = ( GEOMETRIC_REPRESENTATION_CONTEXT(2) 
PARAMETRIC_REPRESENTATION_CONTEXT() REPRESENTATION_CONTEXT('2D SPACE',''
  ) );
#8041 = FACE_BOUND('',#8042,.T.);
#8042 = EDGE_LOOP('',(#8043));
#8043 = ORIENTED_EDGE('',*,*,#8044,.F.);
#8044 = EDGE_CURVE('',#8045,#8045,#8047,.T.);
#8045 = VERTEX_POINT('',#8046);
#8046 = CARTESIAN_POINT('',(-88.9,-323.85,320.04));
#8047 = SURFACE_CURVE('',#8048,(#8053,#8060),.PCURVE_S1.);
#8048 = CIRCLE('',#8049,2.54);
#8049 = AXIS2_PLACEMENT_3D('',#8050,#8051,#8052);
#8050 = CARTESIAN_POINT('',(-88.9,-323.85,317.5));
#8051 = DIRECTION('',(0.,1.,0.));
#8052 = DIRECTION('',(0.,-0.,1.));
#8053 = PCURVE('',#150,#8054);
#8054 = DEFINITIONAL_REPRESENTATION('',(#8055),#8059);
#8055 = CIRCLE('',#8056,2.54);
#8056 = AXIS2_PLACEMENT_2D('',#8057,#8058);
#8057 = CARTESIAN_POINT('',(114.3,215.9));
#8058 = DIRECTION('',(1.,0.));
#8059 = ( GEOMETRIC_REPRESENTATION_CONTEXT(2) 
PARAMETRIC_REPRESENTATION_CONTEXT() REPRESENTATION_CONTEXT('2D SPACE',''
  ) );
#8060 = PCURVE('',#2937,#8061);
#8061 = DEFINITIONAL_REPRESENTATION('',(#8062),#8066);
#8062 = LINE('',#8063,#8064);
#8063 = CARTESIAN_POINT('',(0.,8.89));
#8064 = VECTOR('',#8065,1.);
#8065 = DIRECTION('',(1.,0.));
#8066 = ( GEOMETRIC_REPRESENTATION_CONTEXT(2) 
PARAMETRIC_REPRESENTATION_CONTEXT() REPRESENTATION_CONTEXT('2D SPACE',''
  ) );
#8067 = FACE_BOUND('',#8068,.T.);
#8068 = EDGE_LOOP('',(#8069));
#8069 = ORIENTED_EDGE('',*,*,#8070,.F.);
#8070 = EDGE_CURVE('',#8071,#8071,#8073,.T.);
#8071 = VERTEX_POINT('',#8072);
#8072 = CARTESIAN_POINT('',(-76.2,-323.85,320.04));
#8073 = SURFACE_CURVE('',#8074,(#8079,#8086),.PCURVE_S1.);
#8074 = CIRCLE('',#8075,2.54);
#8075 = AXIS2_PLACEMENT_3D('',#8076,#8077,#8078);
#8076 = CARTESIAN_POINT('',(-76.2,-323.85,317.5));
#8077 = DIRECTION('',(0.,1.,0.));
#8078 = DIRECTION('',(0.,-0.,1.));
#8079 = PCURVE('',#150,#8080);
#8080 = DEFINITIONAL_REPRESENTATION('',(#8081),#8085);
#8081 = CIRCLE('',#8082,2.54);
#8082 = AXIS2_PLACEMENT_2D('',#8083,#8084);
#8083 = CARTESIAN_POINT('',(114.3,228.6));
#8084 = DIRECTION('',(1.,0.));
#8085 = ( GEOMETRIC_REPRESENTATION_CONTEXT(2) 
PARAMETRIC_REPRESENTATION_CONTEXT() REPRESENTATION_CONTEXT('2D SPACE',''
  ) );
#8086 = PCURVE('',#2968,#8087);
#8087 = DEFINITIONAL_REPRESENTATION('',(#8088),#8092);
#8088 = LINE('',#8089,#8090);
#8089 = CARTESIAN_POINT('',(0.,8.89));
#8090 = VECTOR('',#8091,1.);
#8091 = DIRECTION('',(1.,0.));
#8092 = ( GEOMETRIC_REPRESENTATION_CONTEXT(2) 
PARAMETRIC_REPRESENTATION_CONTEXT() REPRESENTATION_CONTEXT('2D SPACE',''
  ) );
#8093 = FACE_BOUND('',#8094,.T.);
#8094 = EDGE_LOOP('',(#8095));
#8095 = ORIENTED_EDGE('',*,*,#8096,.F.);
#8096 = EDGE_CURVE('',#8097,#8097,#8099,.T.);
#8097 = VERTEX_POINT('',#8098);
#8098 = CARTESIAN_POINT('',(-88.9,-323.85,332.74));
#8099 = SURFACE_CURVE('',#8100,(#8105,#8112),.PCURVE_S1.);
#8100 = CIRCLE('',#8101,2.54);
#8101 = AXIS2_PLACEMENT_3D('',#8102,#8103,#8104);
#8102 = CARTESIAN_POINT('',(-88.9,-323.85,330.2));
#8103 = DIRECTION('',(0.,1.,0.));
#8104 = DIRECTION('',(0.,-0.,1.));
#8105 = PCURVE('',#150,#8106);
#8106 = DEFINITIONAL_REPRESENTATION('',(#8107),#8111);
#8107 = CIRCLE('',#8108,2.54);
#8108 = AXIS2_PLACEMENT_2D('',#8109,#8110);
#8109 = CARTESIAN_POINT('',(127.,215.9));
#8110 = DIRECTION('',(1.,0.));
#8111 = ( GEOMETRIC_REPRESENTATION_CONTEXT(2) 
PARAMETRIC_REPRESENTATION_CONTEXT() REPRESENTATION_CONTEXT('2D SPACE',''
  ) );
#8112 = PCURVE('',#2999,#8113);
#8113 = DEFINITIONAL_REPRESENTATION('',(#8114),#8118);
#8114 = LINE('',#8115,#8116);
#8115 = CARTESIAN_POINT('',(0.,8.89));
#8116 = VECTOR('',#8117,1.);
#8117 = DIRECTION('',(1.,0.));
#8118 = ( GEOMETRIC_REPRESENTATION_CONTEXT(2) 
PARAMETRIC_REPRESENTATION_CONTEXT() REPRESENTATION_CONTEXT('2D SPACE',''
  ) );
#8119 = FACE_BOUND('',#8120,.T.);
#8120 = EDGE_LOOP('',(#8121));
#8121 = ORIENTED_EDGE('',*,*,#8122,.F.);
#8122 = EDGE_CURVE('',#8123,#8123,#8125,.T.);
#8123 = VERTEX_POINT('',#8124);
#8124 = CARTESIAN_POINT('',(-76.2,-323.85,332.74));
#8125 = SURFACE_CURVE('',#8126,(#8131,#8138),.PCURVE_S1.);
#8126 = CIRCLE('',#8127,2.54);
#8127 = AXIS2_PLACEMENT_3D('',#8128,#8129,#8130);
#8128 = CARTESIAN_POINT('',(-76.2,-323.85,330.2));
#8129 = DIRECTION('',(0.,1.,0.));
#8130 = DIRECTION('',(0.,-0.,1.));
#8131 = PCURVE('',#150,#8132);
#8132 = DEFINITIONAL_REPRESENTATION('',(#8133),#8137);
#8133 = CIRCLE('',#8134,2.54);
#8134 = AXIS2_PLACEMENT_2D('',#8135,#8136);
#8135 = CARTESIAN_POINT('',(127.,228.6));
#8136 = DIRECTION('',(1.,0.));
#8137 = ( GEOMETRIC_REPRESENTATION_CONTEXT(2) 
PARAMETRIC_REPRESENTATION_CONTEXT() REPRESENTATION_CONTEXT('2D SPACE',''
  ) );
#8138 = PCURVE('',#3030,#8139);
#8139 = DEFINITIONAL_REPRESENTATION('',(#8140),#8144);
#8140 = LINE('',#8141,#8142);
#8141 = CARTESIAN_POINT('',(0.,8.89));
#8142 = VECTOR('',#8143,1.);
#8143 = DIRECTION('',(1.,0.));
#8144 = ( GEOMETRIC_REPRESENTATION_CONTEXT(2) 
PARAMETRIC_REPRESENTATION_CONTEXT() REPRESENTATION_CONTEXT('2D SPACE',''
  ) );
#8145 = FACE_BOUND('',#8146,.T.);
#8146 = EDGE_LOOP('',(#8147));
#8147 = ORIENTED_EDGE('',*,*,#8148,.F.);
#8148 = EDGE_CURVE('',#8149,#8149,#8151,.T.);
#8149 = VERTEX_POINT('',#8150);
#8150 = CARTESIAN_POINT('',(-63.5,-323.85,320.04));
#8151 = SURFACE_CURVE('',#8152,(#8157,#8164),.PCURVE_S1.);
#8152 = CIRCLE('',#8153,2.54);
#8153 = AXIS2_PLACEMENT_3D('',#8154,#8155,#8156);
#8154 = CARTESIAN_POINT('',(-63.5,-323.85,317.5));
#8155 = DIRECTION('',(0.,1.,0.));
#8156 = DIRECTION('',(0.,-0.,1.));
#8157 = PCURVE('',#150,#8158);
#8158 = DEFINITIONAL_REPRESENTATION('',(#8159),#8163);
#8159 = CIRCLE('',#8160,2.54);
#8160 = AXIS2_PLACEMENT_2D('',#8161,#8162);
#8161 = CARTESIAN_POINT('',(114.3,241.3));
#8162 = DIRECTION('',(1.,0.));
#8163 = ( GEOMETRIC_REPRESENTATION_CONTEXT(2) 
PARAMETRIC_REPRESENTATION_CONTEXT() REPRESENTATION_CONTEXT('2D SPACE',''
  ) );
#8164 = PCURVE('',#3061,#8165);
#8165 = DEFINITIONAL_REPRESENTATION('',(#8166),#8170);
#8166 = LINE('',#8167,#8168);
#8167 = CARTESIAN_POINT('',(0.,8.89));
#8168 = VECTOR('',#8169,1.);
#8169 = DIRECTION('',(1.,0.));
#8170 = ( GEOMETRIC_REPRESENTATION_CONTEXT(2) 
PARAMETRIC_REPRESENTATION_CONTEXT() REPRESENTATION_CONTEXT('2D SPACE',''
  ) );
#8171 = FACE_BOUND('',#8172,.T.);
#8172 = EDGE_LOOP('',(#8173));
#8173 = ORIENTED_EDGE('',*,*,#8174,.F.);
#8174 = EDGE_CURVE('',#8175,#8175,#8177,.T.);
#8175 = VERTEX_POINT('',#8176);
#8176 = CARTESIAN_POINT('',(-50.8,-323.85,320.04));
#8177 = SURFACE_CURVE('',#8178,(#8183,#8190),.PCURVE_S1.);
#8178 = CIRCLE('',#8179,2.54);
#8179 = AXIS2_PLACEMENT_3D('',#8180,#8181,#8182);
#8180 = CARTESIAN_POINT('',(-50.8,-323.85,317.5));
#8181 = DIRECTION('',(0.,1.,0.));
#8182 = DIRECTION('',(0.,-0.,1.));
#8183 = PCURVE('',#150,#8184);
#8184 = DEFINITIONAL_REPRESENTATION('',(#8185),#8189);
#8185 = CIRCLE('',#8186,2.54);
#8186 = AXIS2_PLACEMENT_2D('',#8187,#8188);
#8187 = CARTESIAN_POINT('',(114.3,254.));
#8188 = DIRECTION('',(1.,0.));
#8189 = ( GEOMETRIC_REPRESENTATION_CONTEXT(2) 
PARAMETRIC_REPRESENTATION_CONTEXT() REPRESENTATION_CONTEXT('2D SPACE',''
  ) );
#8190 = PCURVE('',#3092,#8191);
#8191 = DEFINITIONAL_REPRESENTATION('',(#8192),#8196);
#8192 = LINE('',#8193,#8194);
#8193 = CARTESIAN_POINT('',(0.,8.89));
#8194 = VECTOR('',#8195,1.);
#8195 = DIRECTION('',(1.,0.));
#8196 = ( GEOMETRIC_REPRESENTATION_CONTEXT(2) 
PARAMETRIC_REPRESENTATION_CONTEXT() REPRESENTATION_CONTEXT('2D SPACE',''
  ) );
#8197 = FACE_BOUND('',#8198,.T.);
#8198 = EDGE_LOOP('',(#8199));
#8199 = ORIENTED_EDGE('',*,*,#8200,.F.);
#8200 = EDGE_CURVE('',#8201,#8201,#8203,.T.);
#8201 = VERTEX_POINT('',#8202);
#8202 = CARTESIAN_POINT('',(-38.1,-323.85,320.04));
#8203 = SURFACE_CURVE('',#8204,(#8209,#8216),.PCURVE_S1.);
#8204 = CIRCLE('',#8205,2.54);
#8205 = AXIS2_PLACEMENT_3D('',#8206,#8207,#8208);
#8206 = CARTESIAN_POINT('',(-38.1,-323.85,317.5));
#8207 = DIRECTION('',(0.,1.,0.));
#8208 = DIRECTION('',(0.,-0.,1.));
#8209 = PCURVE('',#150,#8210);
#8210 = DEFINITIONAL_REPRESENTATION('',(#8211),#8215);
#8211 = CIRCLE('',#8212,2.54);
#8212 = AXIS2_PLACEMENT_2D('',#8213,#8214);
#8213 = CARTESIAN_POINT('',(114.3,266.7));
#8214 = DIRECTION('',(1.,0.));
#8215 = ( GEOMETRIC_REPRESENTATION_CONTEXT(2) 
PARAMETRIC_REPRESENTATION_CONTEXT() REPRESENTATION_CONTEXT('2D SPACE',''
  ) );
#8216 = PCURVE('',#3123,#8217);
#8217 = DEFINITIONAL_REPRESENTATION('',(#8218),#8222);
#8218 = LINE('',#8219,#8220);
#8219 = CARTESIAN_POINT('',(0.,8.89));
#8220 = VECTOR('',#8221,1.);
#8221 = DIRECTION('',(1.,0.));
#8222 = ( GEOMETRIC_REPRESENTATION_CONTEXT(2) 
PARAMETRIC_REPRESENTATION_CONTEXT() REPRESENTATION_CONTEXT('2D SPACE',''
  ) );
#8223 = FACE_BOUND('',#8224,.T.);
#8224 = EDGE_LOOP('',(#8225));
#8225 = ORIENTED_EDGE('',*,*,#8226,.F.);
#8226 = EDGE_CURVE('',#8227,#8227,#8229,.T.);
#8227 = VERTEX_POINT('',#8228);
#8228 = CARTESIAN_POINT('',(-63.5,-323.85,332.74));
#8229 = SURFACE_CURVE('',#8230,(#8235,#8242),.PCURVE_S1.);
#8230 = CIRCLE('',#8231,2.54);
#8231 = AXIS2_PLACEMENT_3D('',#8232,#8233,#8234);
#8232 = CARTESIAN_POINT('',(-63.5,-323.85,330.2));
#8233 = DIRECTION('',(0.,1.,0.));
#8234 = DIRECTION('',(0.,-0.,1.));
#8235 = PCURVE('',#150,#8236);
#8236 = DEFINITIONAL_REPRESENTATION('',(#8237),#8241);
#8237 = CIRCLE('',#8238,2.54);
#8238 = AXIS2_PLACEMENT_2D('',#8239,#8240);
#8239 = CARTESIAN_POINT('',(127.,241.3));
#8240 = DIRECTION('',(1.,0.));
#8241 = ( GEOMETRIC_REPRESENTATION_CONTEXT(2) 
PARAMETRIC_REPRESENTATION_CONTEXT() REPRESENTATION_CONTEXT('2D SPACE',''
  ) );
#8242 = PCURVE('',#3154,#8243);
#8243 = DEFINITIONAL_REPRESENTATION('',(#8244),#8248);
#8244 = LINE('',#8245,#8246);
#8245 = CARTESIAN_POINT('',(0.,8.89));
#8246 = VECTOR('',#8247,1.);
#8247 = DIRECTION('',(1.,0.));
#8248 = ( GEOMETRIC_REPRESENTATION_CONTEXT(2) 
PARAMETRIC_REPRESENTATION_CONTEXT() REPRESENTATION_CONTEXT('2D SPACE',''
  ) );
#8249 = FACE_BOUND('',#8250,.T.);
#8250 = EDGE_LOOP('',(#8251));
#8251 = ORIENTED_EDGE('',*,*,#8252,.F.);
#8252 = EDGE_CURVE('',#8253,#8253,#8255,.T.);
#8253 = VERTEX_POINT('',#8254);
#8254 = CARTESIAN_POINT('',(-50.8,-323.85,332.74));
#8255 = SURFACE_CURVE('',#8256,(#8261,#8268),.PCURVE_S1.);
#8256 = CIRCLE('',#8257,2.54);
#8257 = AXIS2_PLACEMENT_3D('',#8258,#8259,#8260);
#8258 = CARTESIAN_POINT('',(-50.8,-323.85,330.2));
#8259 = DIRECTION('',(0.,1.,0.));
#8260 = DIRECTION('',(0.,-0.,1.));
#8261 = PCURVE('',#150,#8262);
#8262 = DEFINITIONAL_REPRESENTATION('',(#8263),#8267);
#8263 = CIRCLE('',#8264,2.54);
#8264 = AXIS2_PLACEMENT_2D('',#8265,#8266);
#8265 = CARTESIAN_POINT('',(127.,254.));
#8266 = DIRECTION('',(1.,0.));
#8267 = ( GEOMETRIC_REPRESENTATION_CONTEXT(2) 
PARAMETRIC_REPRESENTATION_CONTEXT() REPRESENTATION_CONTEXT('2D SPACE',''
  ) );
#8268 = PCURVE('',#3185,#8269);
#8269 = DEFINITIONAL_REPRESENTATION('',(#8270),#8274);
#8270 = LINE('',#8271,#8272);
#8271 = CARTESIAN_POINT('',(0.,8.89));
#8272 = VECTOR('',#8273,1.);
#8273 = DIRECTION('',(1.,0.));
#8274 = ( GEOMETRIC_REPRESENTATION_CONTEXT(2) 
PARAMETRIC_REPRESENTATION_CONTEXT() REPRESENTATION_CONTEXT('2D SPACE',''
  ) );
#8275 = FACE_BOUND('',#8276,.T.);
#8276 = EDGE_LOOP('',(#8277));
#8277 = ORIENTED_EDGE('',*,*,#8278,.F.);
#8278 = EDGE_CURVE('',#8279,#8279,#8281,.T.);
#8279 = VERTEX_POINT('',#8280);
#8280 = CARTESIAN_POINT('',(-38.1,-323.85,332.74));
#8281 = SURFACE_CURVE('',#8282,(#8287,#8294),.PCURVE_S1.);
#8282 = CIRCLE('',#8283,2.54);
#8283 = AXIS2_PLACEMENT_3D('',#8284,#8285,#8286);
#8284 = CARTESIAN_POINT('',(-38.1,-323.85,330.2));
#8285 = DIRECTION('',(0.,1.,0.));
#8286 = DIRECTION('',(0.,-0.,1.));
#8287 = PCURVE('',#150,#8288);
#8288 = DEFINITIONAL_REPRESENTATION('',(#8289),#8293);
#8289 = CIRCLE('',#8290,2.54);
#8290 = AXIS2_PLACEMENT_2D('',#8291,#8292);
#8291 = CARTESIAN_POINT('',(127.,266.7));
#8292 = DIRECTION('',(1.,0.));
#8293 = ( GEOMETRIC_REPRESENTATION_CONTEXT(2) 
PARAMETRIC_REPRESENTATION_CONTEXT() REPRESENTATION_CONTEXT('2D SPACE',''
  ) );
#8294 = PCURVE('',#3216,#8295);
#8295 = DEFINITIONAL_REPRESENTATION('',(#8296),#8300);
#8296 = LINE('',#8297,#8298);
#8297 = CARTESIAN_POINT('',(0.,8.89));
#8298 = VECTOR('',#8299,1.);
#8299 = DIRECTION('',(1.,0.));
#8300 = ( GEOMETRIC_REPRESENTATION_CONTEXT(2) 
PARAMETRIC_REPRESENTATION_CONTEXT() REPRESENTATION_CONTEXT('2D SPACE',''
  ) );
#8301 = FACE_BOUND('',#8302,.T.);
#8302 = EDGE_LOOP('',(#8303));
#8303 = ORIENTED_EDGE('',*,*,#8304,.F.);
#8304 = EDGE_CURVE('',#8305,#8305,#8307,.T.);
#8305 = VERTEX_POINT('',#8306);
#8306 = CARTESIAN_POINT('',(-25.4,-323.85,307.34));
#8307 = SURFACE_CURVE('',#8308,(#8313,#8320),.PCURVE_S1.);
#8308 = CIRCLE('',#8309,2.54);
#8309 = AXIS2_PLACEMENT_3D('',#8310,#8311,#8312);
#8310 = CARTESIAN_POINT('',(-25.4,-323.85,304.8));
#8311 = DIRECTION('',(0.,1.,0.));
#8312 = DIRECTION('',(0.,-0.,1.));
#8313 = PCURVE('',#150,#8314);
#8314 = DEFINITIONAL_REPRESENTATION('',(#8315),#8319);
#8315 = CIRCLE('',#8316,2.54);
#8316 = AXIS2_PLACEMENT_2D('',#8317,#8318);
#8317 = CARTESIAN_POINT('',(101.6,279.4));
#8318 = DIRECTION('',(1.,0.));
#8319 = ( GEOMETRIC_REPRESENTATION_CONTEXT(2) 
PARAMETRIC_REPRESENTATION_CONTEXT() REPRESENTATION_CONTEXT('2D SPACE',''
  ) );
#8320 = PCURVE('',#3247,#8321);
#8321 = DEFINITIONAL_REPRESENTATION('',(#8322),#8326);
#8322 = LINE('',#8323,#8324);
#8323 = CARTESIAN_POINT('',(0.,8.89));
#8324 = VECTOR('',#8325,1.);
#8325 = DIRECTION('',(1.,0.));
#8326 = ( GEOMETRIC_REPRESENTATION_CONTEXT(2) 
PARAMETRIC_REPRESENTATION_CONTEXT() REPRESENTATION_CONTEXT('2D SPACE',''
  ) );
#8327 = FACE_BOUND('',#8328,.T.);
#8328 = EDGE_LOOP('',(#8329));
#8329 = ORIENTED_EDGE('',*,*,#8330,.F.);
#8330 = EDGE_CURVE('',#8331,#8331,#8333,.T.);
#8331 = VERTEX_POINT('',#8332);
#8332 = CARTESIAN_POINT('',(-12.7,-323.85,307.34));
#8333 = SURFACE_CURVE('',#8334,(#8339,#8346),.PCURVE_S1.);
#8334 = CIRCLE('',#8335,2.54);
#8335 = AXIS2_PLACEMENT_3D('',#8336,#8337,#8338);
#8336 = CARTESIAN_POINT('',(-12.7,-323.85,304.8));
#8337 = DIRECTION('',(0.,1.,0.));
#8338 = DIRECTION('',(0.,-0.,1.));
#8339 = PCURVE('',#150,#8340);
#8340 = DEFINITIONAL_REPRESENTATION('',(#8341),#8345);
#8341 = CIRCLE('',#8342,2.54);
#8342 = AXIS2_PLACEMENT_2D('',#8343,#8344);
#8343 = CARTESIAN_POINT('',(101.6,292.1));
#8344 = DIRECTION('',(1.,0.));
#8345 = ( GEOMETRIC_REPRESENTATION_CONTEXT(2) 
PARAMETRIC_REPRESENTATION_CONTEXT() REPRESENTATION_CONTEXT('2D SPACE',''
  ) );
#8346 = PCURVE('',#3278,#8347);
#8347 = DEFINITIONAL_REPRESENTATION('',(#8348),#8352);
#8348 = LINE('',#8349,#8350);
#8349 = CARTESIAN_POINT('',(0.,8.89));
#8350 = VECTOR('',#8351,1.);
#8351 = DIRECTION('',(1.,0.));
#8352 = ( GEOMETRIC_REPRESENTATION_CONTEXT(2) 
PARAMETRIC_REPRESENTATION_CONTEXT() REPRESENTATION_CONTEXT('2D SPACE',''
  ) );
#8353 = FACE_BOUND('',#8354,.T.);
#8354 = EDGE_LOOP('',(#8355));
#8355 = ORIENTED_EDGE('',*,*,#8356,.F.);
#8356 = EDGE_CURVE('',#8357,#8357,#8359,.T.);
#8357 = VERTEX_POINT('',#8358);
#8358 = CARTESIAN_POINT('',(-6.221205739669E-16,-323.85,307.34));
#8359 = SURFACE_CURVE('',#8360,(#8365,#8372),.PCURVE_S1.);
#8360 = CIRCLE('',#8361,2.54);
#8361 = AXIS2_PLACEMENT_3D('',#8362,#8363,#8364);
#8362 = CARTESIAN_POINT('',(0.,-323.85,304.8));
#8363 = DIRECTION('',(0.,1.,0.));
#8364 = DIRECTION('',(0.,-0.,1.));
#8365 = PCURVE('',#150,#8366);
#8366 = DEFINITIONAL_REPRESENTATION('',(#8367),#8371);
#8367 = CIRCLE('',#8368,2.54);
#8368 = AXIS2_PLACEMENT_2D('',#8369,#8370);
#8369 = CARTESIAN_POINT('',(101.6,304.8));
#8370 = DIRECTION('',(1.,0.));
#8371 = ( GEOMETRIC_REPRESENTATION_CONTEXT(2) 
PARAMETRIC_REPRESENTATION_CONTEXT() REPRESENTATION_CONTEXT('2D SPACE',''
  ) );
#8372 = PCURVE('',#3309,#8373);
#8373 = DEFINITIONAL_REPRESENTATION('',(#8374),#8378);
#8374 = LINE('',#8375,#8376);
#8375 = CARTESIAN_POINT('',(0.,8.89));
#8376 = VECTOR('',#8377,1.);
#8377 = DIRECTION('',(1.,0.));
#8378 = ( GEOMETRIC_REPRESENTATION_CONTEXT(2) 
PARAMETRIC_REPRESENTATION_CONTEXT() REPRESENTATION_CONTEXT('2D SPACE',''
  ) );
#8379 = FACE_BOUND('',#8380,.T.);
#8380 = EDGE_LOOP('',(#8381));
#8381 = ORIENTED_EDGE('',*,*,#8382,.F.);
#8382 = EDGE_CURVE('',#8383,#8383,#8385,.T.);
#8383 = VERTEX_POINT('',#8384);
#8384 = CARTESIAN_POINT('',(12.7,-323.85,307.34));
#8385 = SURFACE_CURVE('',#8386,(#8391,#8398),.PCURVE_S1.);
#8386 = CIRCLE('',#8387,2.54);
#8387 = AXIS2_PLACEMENT_3D('',#8388,#8389,#8390);
#8388 = CARTESIAN_POINT('',(12.7,-323.85,304.8));
#8389 = DIRECTION('',(0.,1.,0.));
#8390 = DIRECTION('',(0.,-0.,1.));
#8391 = PCURVE('',#150,#8392);
#8392 = DEFINITIONAL_REPRESENTATION('',(#8393),#8397);
#8393 = CIRCLE('',#8394,2.54);
#8394 = AXIS2_PLACEMENT_2D('',#8395,#8396);
#8395 = CARTESIAN_POINT('',(101.6,317.5));
#8396 = DIRECTION('',(1.,0.));
#8397 = ( GEOMETRIC_REPRESENTATION_CONTEXT(2) 
PARAMETRIC_REPRESENTATION_CONTEXT() REPRESENTATION_CONTEXT('2D SPACE',''
  ) );
#8398 = PCURVE('',#3340,#8399);
#8399 = DEFINITIONAL_REPRESENTATION('',(#8400),#8404);
#8400 = LINE('',#8401,#8402);
#8401 = CARTESIAN_POINT('',(0.,8.89));
#8402 = VECTOR('',#8403,1.);
#8403 = DIRECTION('',(1.,0.));
#8404 = ( GEOMETRIC_REPRESENTATION_CONTEXT(2) 
PARAMETRIC_REPRESENTATION_CONTEXT() REPRESENTATION_CONTEXT('2D SPACE',''
  ) );
#8405 = FACE_BOUND('',#8406,.T.);
#8406 = EDGE_LOOP('',(#8407));
#8407 = ORIENTED_EDGE('',*,*,#8408,.F.);
#8408 = EDGE_CURVE('',#8409,#8409,#8411,.T.);
#8409 = VERTEX_POINT('',#8410);
#8410 = CARTESIAN_POINT('',(25.4,-323.85,307.34));
#8411 = SURFACE_CURVE('',#8412,(#8417,#8424),.PCURVE_S1.);
#8412 = CIRCLE('',#8413,2.54);
#8413 = AXIS2_PLACEMENT_3D('',#8414,#8415,#8416);
#8414 = CARTESIAN_POINT('',(25.4,-323.85,304.8));
#8415 = DIRECTION('',(0.,1.,0.));
#8416 = DIRECTION('',(0.,-0.,1.));
#8417 = PCURVE('',#150,#8418);
#8418 = DEFINITIONAL_REPRESENTATION('',(#8419),#8423);
#8419 = CIRCLE('',#8420,2.54);
#8420 = AXIS2_PLACEMENT_2D('',#8421,#8422);
#8421 = CARTESIAN_POINT('',(101.6,330.2));
#8422 = DIRECTION('',(1.,0.));
#8423 = ( GEOMETRIC_REPRESENTATION_CONTEXT(2) 
PARAMETRIC_REPRESENTATION_CONTEXT() REPRESENTATION_CONTEXT('2D SPACE',''
  ) );
#8424 = PCURVE('',#3371,#8425);
#8425 = DEFINITIONAL_REPRESENTATION('',(#8426),#8430);
#8426 = LINE('',#8427,#8428);
#8427 = CARTESIAN_POINT('',(0.,8.89));
#8428 = VECTOR('',#8429,1.);
#8429 = DIRECTION('',(1.,0.));
#8430 = ( GEOMETRIC_REPRESENTATION_CONTEXT(2) 
PARAMETRIC_REPRESENTATION_CONTEXT() REPRESENTATION_CONTEXT('2D SPACE',''
  ) );
#8431 = FACE_BOUND('',#8432,.T.);
#8432 = EDGE_LOOP('',(#8433));
#8433 = ORIENTED_EDGE('',*,*,#8434,.F.);
#8434 = EDGE_CURVE('',#8435,#8435,#8437,.T.);
#8435 = VERTEX_POINT('',#8436);
#8436 = CARTESIAN_POINT('',(-25.4,-323.85,320.04));
#8437 = SURFACE_CURVE('',#8438,(#8443,#8450),.PCURVE_S1.);
#8438 = CIRCLE('',#8439,2.54);
#8439 = AXIS2_PLACEMENT_3D('',#8440,#8441,#8442);
#8440 = CARTESIAN_POINT('',(-25.4,-323.85,317.5));
#8441 = DIRECTION('',(0.,1.,0.));
#8442 = DIRECTION('',(0.,-0.,1.));
#8443 = PCURVE('',#150,#8444);
#8444 = DEFINITIONAL_REPRESENTATION('',(#8445),#8449);
#8445 = CIRCLE('',#8446,2.54);
#8446 = AXIS2_PLACEMENT_2D('',#8447,#8448);
#8447 = CARTESIAN_POINT('',(114.3,279.4));
#8448 = DIRECTION('',(1.,0.));
#8449 = ( GEOMETRIC_REPRESENTATION_CONTEXT(2) 
PARAMETRIC_REPRESENTATION_CONTEXT() REPRESENTATION_CONTEXT('2D SPACE',''
  ) );
#8450 = PCURVE('',#3402,#8451);
#8451 = DEFINITIONAL_REPRESENTATION('',(#8452),#8456);
#8452 = LINE('',#8453,#8454);
#8453 = CARTESIAN_POINT('',(0.,8.89));
#8454 = VECTOR('',#8455,1.);
#8455 = DIRECTION('',(1.,0.));
#8456 = ( GEOMETRIC_REPRESENTATION_CONTEXT(2) 
PARAMETRIC_REPRESENTATION_CONTEXT() REPRESENTATION_CONTEXT('2D SPACE',''
  ) );
#8457 = FACE_BOUND('',#8458,.T.);
#8458 = EDGE_LOOP('',(#8459));
#8459 = ORIENTED_EDGE('',*,*,#8460,.F.);
#8460 = EDGE_CURVE('',#8461,#8461,#8463,.T.);
#8461 = VERTEX_POINT('',#8462);
#8462 = CARTESIAN_POINT('',(-12.7,-323.85,320.04));
#8463 = SURFACE_CURVE('',#8464,(#8469,#8476),.PCURVE_S1.);
#8464 = CIRCLE('',#8465,2.54);
#8465 = AXIS2_PLACEMENT_3D('',#8466,#8467,#8468);
#8466 = CARTESIAN_POINT('',(-12.7,-323.85,317.5));
#8467 = DIRECTION('',(0.,1.,0.));
#8468 = DIRECTION('',(0.,-0.,1.));
#8469 = PCURVE('',#150,#8470);
#8470 = DEFINITIONAL_REPRESENTATION('',(#8471),#8475);
#8471 = CIRCLE('',#8472,2.54);
#8472 = AXIS2_PLACEMENT_2D('',#8473,#8474);
#8473 = CARTESIAN_POINT('',(114.3,292.1));
#8474 = DIRECTION('',(1.,0.));
#8475 = ( GEOMETRIC_REPRESENTATION_CONTEXT(2) 
PARAMETRIC_REPRESENTATION_CONTEXT() REPRESENTATION_CONTEXT('2D SPACE',''
  ) );
#8476 = PCURVE('',#3433,#8477);
#8477 = DEFINITIONAL_REPRESENTATION('',(#8478),#8482);
#8478 = LINE('',#8479,#8480);
#8479 = CARTESIAN_POINT('',(0.,8.89));
#8480 = VECTOR('',#8481,1.);
#8481 = DIRECTION('',(1.,0.));
#8482 = ( GEOMETRIC_REPRESENTATION_CONTEXT(2) 
PARAMETRIC_REPRESENTATION_CONTEXT() REPRESENTATION_CONTEXT('2D SPACE',''
  ) );
#8483 = FACE_BOUND('',#8484,.T.);
#8484 = EDGE_LOOP('',(#8485));
#8485 = ORIENTED_EDGE('',*,*,#8486,.F.);
#8486 = EDGE_CURVE('',#8487,#8487,#8489,.T.);
#8487 = VERTEX_POINT('',#8488);
#8488 = CARTESIAN_POINT('',(-6.221205739669E-16,-323.85,320.04));
#8489 = SURFACE_CURVE('',#8490,(#8495,#8502),.PCURVE_S1.);
#8490 = CIRCLE('',#8491,2.54);
#8491 = AXIS2_PLACEMENT_3D('',#8492,#8493,#8494);
#8492 = CARTESIAN_POINT('',(0.,-323.85,317.5));
#8493 = DIRECTION('',(0.,1.,0.));
#8494 = DIRECTION('',(0.,-0.,1.));
#8495 = PCURVE('',#150,#8496);
#8496 = DEFINITIONAL_REPRESENTATION('',(#8497),#8501);
#8497 = CIRCLE('',#8498,2.54);
#8498 = AXIS2_PLACEMENT_2D('',#8499,#8500);
#8499 = CARTESIAN_POINT('',(114.3,304.8));
#8500 = DIRECTION('',(1.,0.));
#8501 = ( GEOMETRIC_REPRESENTATION_CONTEXT(2) 
PARAMETRIC_REPRESENTATION_CONTEXT() REPRESENTATION_CONTEXT('2D SPACE',''
  ) );
#8502 = PCURVE('',#3464,#8503);
#8503 = DEFINITIONAL_REPRESENTATION('',(#8504),#8508);
#8504 = LINE('',#8505,#8506);
#8505 = CARTESIAN_POINT('',(0.,8.89));
#8506 = VECTOR('',#8507,1.);
#8507 = DIRECTION('',(1.,0.));
#8508 = ( GEOMETRIC_REPRESENTATION_CONTEXT(2) 
PARAMETRIC_REPRESENTATION_CONTEXT() REPRESENTATION_CONTEXT('2D SPACE',''
  ) );
#8509 = FACE_BOUND('',#8510,.T.);
#8510 = EDGE_LOOP('',(#8511));
#8511 = ORIENTED_EDGE('',*,*,#8512,.F.);
#8512 = EDGE_CURVE('',#8513,#8513,#8515,.T.);
#8513 = VERTEX_POINT('',#8514);
#8514 = CARTESIAN_POINT('',(-25.4,-323.85,332.74));
#8515 = SURFACE_CURVE('',#8516,(#8521,#8528),.PCURVE_S1.);
#8516 = CIRCLE('',#8517,2.54);
#8517 = AXIS2_PLACEMENT_3D('',#8518,#8519,#8520);
#8518 = CARTESIAN_POINT('',(-25.4,-323.85,330.2));
#8519 = DIRECTION('',(0.,1.,0.));
#8520 = DIRECTION('',(0.,-0.,1.));
#8521 = PCURVE('',#150,#8522);
#8522 = DEFINITIONAL_REPRESENTATION('',(#8523),#8527);
#8523 = CIRCLE('',#8524,2.54);
#8524 = AXIS2_PLACEMENT_2D('',#8525,#8526);
#8525 = CARTESIAN_POINT('',(127.,279.4));
#8526 = DIRECTION('',(1.,0.));
#8527 = ( GEOMETRIC_REPRESENTATION_CONTEXT(2) 
PARAMETRIC_REPRESENTATION_CONTEXT() REPRESENTATION_CONTEXT('2D SPACE',''
  ) );
#8528 = PCURVE('',#3495,#8529);
#8529 = DEFINITIONAL_REPRESENTATION('',(#8530),#8534);
#8530 = LINE('',#8531,#8532);
#8531 = CARTESIAN_POINT('',(0.,8.89));
#8532 = VECTOR('',#8533,1.);
#8533 = DIRECTION('',(1.,0.));
#8534 = ( GEOMETRIC_REPRESENTATION_CONTEXT(2) 
PARAMETRIC_REPRESENTATION_CONTEXT() REPRESENTATION_CONTEXT('2D SPACE',''
  ) );
#8535 = FACE_BOUND('',#8536,.T.);
#8536 = EDGE_LOOP('',(#8537));
#8537 = ORIENTED_EDGE('',*,*,#8538,.F.);
#8538 = EDGE_CURVE('',#8539,#8539,#8541,.T.);
#8539 = VERTEX_POINT('',#8540);
#8540 = CARTESIAN_POINT('',(-12.7,-323.85,332.74));
#8541 = SURFACE_CURVE('',#8542,(#8547,#8554),.PCURVE_S1.);
#8542 = CIRCLE('',#8543,2.54);
#8543 = AXIS2_PLACEMENT_3D('',#8544,#8545,#8546);
#8544 = CARTESIAN_POINT('',(-12.7,-323.85,330.2));
#8545 = DIRECTION('',(0.,1.,0.));
#8546 = DIRECTION('',(0.,-0.,1.));
#8547 = PCURVE('',#150,#8548);
#8548 = DEFINITIONAL_REPRESENTATION('',(#8549),#8553);
#8549 = CIRCLE('',#8550,2.54);
#8550 = AXIS2_PLACEMENT_2D('',#8551,#8552);
#8551 = CARTESIAN_POINT('',(127.,292.1));
#8552 = DIRECTION('',(1.,0.));
#8553 = ( GEOMETRIC_REPRESENTATION_CONTEXT(2) 
PARAMETRIC_REPRESENTATION_CONTEXT() REPRESENTATION_CONTEXT('2D SPACE',''
  ) );
#8554 = PCURVE('',#3526,#8555);
#8555 = DEFINITIONAL_REPRESENTATION('',(#8556),#8560);
#8556 = LINE('',#8557,#8558);
#8557 = CARTESIAN_POINT('',(0.,8.89));
#8558 = VECTOR('',#8559,1.);
#8559 = DIRECTION('',(1.,0.));
#8560 = ( GEOMETRIC_REPRESENTATION_CONTEXT(2) 
PARAMETRIC_REPRESENTATION_CONTEXT() REPRESENTATION_CONTEXT('2D SPACE',''
  ) );
#8561 = FACE_BOUND('',#8562,.T.);
#8562 = EDGE_LOOP('',(#8563));
#8563 = ORIENTED_EDGE('',*,*,#8564,.F.);
#8564 = EDGE_CURVE('',#8565,#8565,#8567,.T.);
#8565 = VERTEX_POINT('',#8566);
#8566 = CARTESIAN_POINT('',(-6.221205739669E-16,-323.85,332.74));
#8567 = SURFACE_CURVE('',#8568,(#8573,#8580),.PCURVE_S1.);
#8568 = CIRCLE('',#8569,2.54);
#8569 = AXIS2_PLACEMENT_3D('',#8570,#8571,#8572);
#8570 = CARTESIAN_POINT('',(0.,-323.85,330.2));
#8571 = DIRECTION('',(0.,1.,0.));
#8572 = DIRECTION('',(0.,-0.,1.));
#8573 = PCURVE('',#150,#8574);
#8574 = DEFINITIONAL_REPRESENTATION('',(#8575),#8579);
#8575 = CIRCLE('',#8576,2.54);
#8576 = AXIS2_PLACEMENT_2D('',#8577,#8578);
#8577 = CARTESIAN_POINT('',(127.,304.8));
#8578 = DIRECTION('',(1.,0.));
#8579 = ( GEOMETRIC_REPRESENTATION_CONTEXT(2) 
PARAMETRIC_REPRESENTATION_CONTEXT() REPRESENTATION_CONTEXT('2D SPACE',''
  ) );
#8580 = PCURVE('',#3557,#8581);
#8581 = DEFINITIONAL_REPRESENTATION('',(#8582),#8586);
#8582 = LINE('',#8583,#8584);
#8583 = CARTESIAN_POINT('',(0.,8.89));
#8584 = VECTOR('',#8585,1.);
#8585 = DIRECTION('',(1.,0.));
#8586 = ( GEOMETRIC_REPRESENTATION_CONTEXT(2) 
PARAMETRIC_REPRESENTATION_CONTEXT() REPRESENTATION_CONTEXT('2D SPACE',''
  ) );
#8587 = FACE_BOUND('',#8588,.T.);
#8588 = EDGE_LOOP('',(#8589));
#8589 = ORIENTED_EDGE('',*,*,#8590,.F.);
#8590 = EDGE_CURVE('',#8591,#8591,#8593,.T.);
#8591 = VERTEX_POINT('',#8592);
#8592 = CARTESIAN_POINT('',(12.7,-323.85,320.04));
#8593 = SURFACE_CURVE('',#8594,(#8599,#8606),.PCURVE_S1.);
#8594 = CIRCLE('',#8595,2.54);
#8595 = AXIS2_PLACEMENT_3D('',#8596,#8597,#8598);
#8596 = CARTESIAN_POINT('',(12.7,-323.85,317.5));
#8597 = DIRECTION('',(0.,1.,0.));
#8598 = DIRECTION('',(0.,-0.,1.));
#8599 = PCURVE('',#150,#8600);
#8600 = DEFINITIONAL_REPRESENTATION('',(#8601),#8605);
#8601 = CIRCLE('',#8602,2.54);
#8602 = AXIS2_PLACEMENT_2D('',#8603,#8604);
#8603 = CARTESIAN_POINT('',(114.3,317.5));
#8604 = DIRECTION('',(1.,0.));
#8605 = ( GEOMETRIC_REPRESENTATION_CONTEXT(2) 
PARAMETRIC_REPRESENTATION_CONTEXT() REPRESENTATION_CONTEXT('2D SPACE',''
  ) );
#8606 = PCURVE('',#3588,#8607);
#8607 = DEFINITIONAL_REPRESENTATION('',(#8608),#8612);
#8608 = LINE('',#8609,#8610);
#8609 = CARTESIAN_POINT('',(0.,8.89));
#8610 = VECTOR('',#8611,1.);
#8611 = DIRECTION('',(1.,0.));
#8612 = ( GEOMETRIC_REPRESENTATION_CONTEXT(2) 
PARAMETRIC_REPRESENTATION_CONTEXT() REPRESENTATION_CONTEXT('2D SPACE',''
  ) );
#8613 = FACE_BOUND('',#8614,.T.);
#8614 = EDGE_LOOP('',(#8615));
#8615 = ORIENTED_EDGE('',*,*,#8616,.F.);
#8616 = EDGE_CURVE('',#8617,#8617,#8619,.T.);
#8617 = VERTEX_POINT('',#8618);
#8618 = CARTESIAN_POINT('',(25.4,-323.85,320.04));
#8619 = SURFACE_CURVE('',#8620,(#8625,#8632),.PCURVE_S1.);
#8620 = CIRCLE('',#8621,2.54);
#8621 = AXIS2_PLACEMENT_3D('',#8622,#8623,#8624);
#8622 = CARTESIAN_POINT('',(25.4,-323.85,317.5));
#8623 = DIRECTION('',(0.,1.,0.));
#8624 = DIRECTION('',(0.,-0.,1.));
#8625 = PCURVE('',#150,#8626);
#8626 = DEFINITIONAL_REPRESENTATION('',(#8627),#8631);
#8627 = CIRCLE('',#8628,2.54);
#8628 = AXIS2_PLACEMENT_2D('',#8629,#8630);
#8629 = CARTESIAN_POINT('',(114.3,330.2));
#8630 = DIRECTION('',(1.,0.));
#8631 = ( GEOMETRIC_REPRESENTATION_CONTEXT(2) 
PARAMETRIC_REPRESENTATION_CONTEXT() REPRESENTATION_CONTEXT('2D SPACE',''
  ) );
#8632 = PCURVE('',#3619,#8633);
#8633 = DEFINITIONAL_REPRESENTATION('',(#8634),#8638);
#8634 = LINE('',#8635,#8636);
#8635 = CARTESIAN_POINT('',(0.,8.89));
#8636 = VECTOR('',#8637,1.);
#8637 = DIRECTION('',(1.,0.));
#8638 = ( GEOMETRIC_REPRESENTATION_CONTEXT(2) 
PARAMETRIC_REPRESENTATION_CONTEXT() REPRESENTATION_CONTEXT('2D SPACE',''
  ) );
#8639 = FACE_BOUND('',#8640,.T.);
#8640 = EDGE_LOOP('',(#8641));
#8641 = ORIENTED_EDGE('',*,*,#8642,.F.);
#8642 = EDGE_CURVE('',#8643,#8643,#8645,.T.);
#8643 = VERTEX_POINT('',#8644);
#8644 = CARTESIAN_POINT('',(12.7,-323.85,332.74));
#8645 = SURFACE_CURVE('',#8646,(#8651,#8658),.PCURVE_S1.);
#8646 = CIRCLE('',#8647,2.54);
#8647 = AXIS2_PLACEMENT_3D('',#8648,#8649,#8650);
#8648 = CARTESIAN_POINT('',(12.7,-323.85,330.2));
#8649 = DIRECTION('',(0.,1.,0.));
#8650 = DIRECTION('',(0.,-0.,1.));
#8651 = PCURVE('',#150,#8652);
#8652 = DEFINITIONAL_REPRESENTATION('',(#8653),#8657);
#8653 = CIRCLE('',#8654,2.54);
#8654 = AXIS2_PLACEMENT_2D('',#8655,#8656);
#8655 = CARTESIAN_POINT('',(127.,317.5));
#8656 = DIRECTION('',(1.,0.));
#8657 = ( GEOMETRIC_REPRESENTATION_CONTEXT(2) 
PARAMETRIC_REPRESENTATION_CONTEXT() REPRESENTATION_CONTEXT('2D SPACE',''
  ) );
#8658 = PCURVE('',#3650,#8659);
#8659 = DEFINITIONAL_REPRESENTATION('',(#8660),#8664);
#8660 = LINE('',#8661,#8662);
#8661 = CARTESIAN_POINT('',(0.,8.89));
#8662 = VECTOR('',#8663,1.);
#8663 = DIRECTION('',(1.,0.));
#8664 = ( GEOMETRIC_REPRESENTATION_CONTEXT(2) 
PARAMETRIC_REPRESENTATION_CONTEXT() REPRESENTATION_CONTEXT('2D SPACE',''
  ) );
#8665 = FACE_BOUND('',#8666,.T.);
#8666 = EDGE_LOOP('',(#8667));
#8667 = ORIENTED_EDGE('',*,*,#8668,.F.);
#8668 = EDGE_CURVE('',#8669,#8669,#8671,.T.);
#8669 = VERTEX_POINT('',#8670);
#8670 = CARTESIAN_POINT('',(25.4,-323.85,332.74));
#8671 = SURFACE_CURVE('',#8672,(#8677,#8684),.PCURVE_S1.);
#8672 = CIRCLE('',#8673,2.54);
#8673 = AXIS2_PLACEMENT_3D('',#8674,#8675,#8676);
#8674 = CARTESIAN_POINT('',(25.4,-323.85,330.2));
#8675 = DIRECTION('',(0.,1.,0.));
#8676 = DIRECTION('',(0.,-0.,1.));
#8677 = PCURVE('',#150,#8678);
#8678 = DEFINITIONAL_REPRESENTATION('',(#8679),#8683);
#8679 = CIRCLE('',#8680,2.54);
#8680 = AXIS2_PLACEMENT_2D('',#8681,#8682);
#8681 = CARTESIAN_POINT('',(127.,330.2));
#8682 = DIRECTION('',(1.,0.));
#8683 = ( GEOMETRIC_REPRESENTATION_CONTEXT(2) 
PARAMETRIC_REPRESENTATION_CONTEXT() REPRESENTATION_CONTEXT('2D SPACE',''
  ) );
#8684 = PCURVE('',#3681,#8685);
#8685 = DEFINITIONAL_REPRESENTATION('',(#8686),#8690);
#8686 = LINE('',#8687,#8688);
#8687 = CARTESIAN_POINT('',(0.,8.89));
#8688 = VECTOR('',#8689,1.);
#8689 = DIRECTION('',(1.,0.));
#8690 = ( GEOMETRIC_REPRESENTATION_CONTEXT(2) 
PARAMETRIC_REPRESENTATION_CONTEXT() REPRESENTATION_CONTEXT('2D SPACE',''
  ) );
#8691 = FACE_BOUND('',#8692,.T.);
#8692 = EDGE_LOOP('',(#8693));
#8693 = ORIENTED_EDGE('',*,*,#8694,.F.);
#8694 = EDGE_CURVE('',#8695,#8695,#8697,.T.);
#8695 = VERTEX_POINT('',#8696);
#8696 = CARTESIAN_POINT('',(53.34,-323.85,213.3727));
#8697 = SURFACE_CURVE('',#8698,(#8703,#8710),.PCURVE_S1.);
#8698 = CIRCLE('',#8699,2.5527);
#8699 = AXIS2_PLACEMENT_3D('',#8700,#8701,#8702);
#8700 = CARTESIAN_POINT('',(53.34,-323.85,210.82));
#8701 = DIRECTION('',(0.,1.,0.));
#8702 = DIRECTION('',(0.,-0.,1.));
#8703 = PCURVE('',#150,#8704);
#8704 = DEFINITIONAL_REPRESENTATION('',(#8705),#8709);
#8705 = CIRCLE('',#8706,2.5527);
#8706 = AXIS2_PLACEMENT_2D('',#8707,#8708);
#8707 = CARTESIAN_POINT('',(7.62,358.14));
#8708 = DIRECTION('',(1.,0.));
#8709 = ( GEOMETRIC_REPRESENTATION_CONTEXT(2) 
PARAMETRIC_REPRESENTATION_CONTEXT() REPRESENTATION_CONTEXT('2D SPACE',''
  ) );
#8710 = PCURVE('',#3712,#8711);
#8711 = DEFINITIONAL_REPRESENTATION('',(#8712),#8716);
#8712 = LINE('',#8713,#8714);
#8713 = CARTESIAN_POINT('',(0.,8.89));
#8714 = VECTOR('',#8715,1.);
#8715 = DIRECTION('',(1.,0.));
#8716 = ( GEOMETRIC_REPRESENTATION_CONTEXT(2) 
PARAMETRIC_REPRESENTATION_CONTEXT() REPRESENTATION_CONTEXT('2D SPACE',''
  ) );
#8717 = FACE_BOUND('',#8718,.T.);
#8718 = EDGE_LOOP('',(#8719));
#8719 = ORIENTED_EDGE('',*,*,#8720,.F.);
#8720 = EDGE_CURVE('',#8721,#8721,#8723,.T.);
#8721 = VERTEX_POINT('',#8722);
#8722 = CARTESIAN_POINT('',(73.66,-323.85,213.3727));
#8723 = SURFACE_CURVE('',#8724,(#8729,#8736),.PCURVE_S1.);
#8724 = CIRCLE('',#8725,2.5527);
#8725 = AXIS2_PLACEMENT_3D('',#8726,#8727,#8728);
#8726 = CARTESIAN_POINT('',(73.66,-323.85,210.82));
#8727 = DIRECTION('',(0.,1.,0.));
#8728 = DIRECTION('',(0.,-0.,1.));
#8729 = PCURVE('',#150,#8730);
#8730 = DEFINITIONAL_REPRESENTATION('',(#8731),#8735);
#8731 = CIRCLE('',#8732,2.5527);
#8732 = AXIS2_PLACEMENT_2D('',#8733,#8734);
#8733 = CARTESIAN_POINT('',(7.62,378.46));
#8734 = DIRECTION('',(1.,0.));
#8735 = ( GEOMETRIC_REPRESENTATION_CONTEXT(2) 
PARAMETRIC_REPRESENTATION_CONTEXT() REPRESENTATION_CONTEXT('2D SPACE',''
  ) );
#8736 = PCURVE('',#3743,#8737);
#8737 = DEFINITIONAL_REPRESENTATION('',(#8738),#8742);
#8738 = LINE('',#8739,#8740);
#8739 = CARTESIAN_POINT('',(0.,8.89));
#8740 = VECTOR('',#8741,1.);
#8741 = DIRECTION('',(1.,0.));
#8742 = ( GEOMETRIC_REPRESENTATION_CONTEXT(2) 
PARAMETRIC_REPRESENTATION_CONTEXT() REPRESENTATION_CONTEXT('2D SPACE',''
  ) );
#8743 = FACE_BOUND('',#8744,.T.);
#8744 = EDGE_LOOP('',(#8745));
#8745 = ORIENTED_EDGE('',*,*,#8746,.F.);
#8746 = EDGE_CURVE('',#8747,#8747,#8749,.T.);
#8747 = VERTEX_POINT('',#8748);
#8748 = CARTESIAN_POINT('',(38.1,-323.85,231.14));
#8749 = SURFACE_CURVE('',#8750,(#8755,#8762),.PCURVE_S1.);
#8750 = CIRCLE('',#8751,2.54);
#8751 = AXIS2_PLACEMENT_3D('',#8752,#8753,#8754);
#8752 = CARTESIAN_POINT('',(38.1,-323.85,228.6));
#8753 = DIRECTION('',(0.,1.,0.));
#8754 = DIRECTION('',(0.,-0.,1.));
#8755 = PCURVE('',#150,#8756);
#8756 = DEFINITIONAL_REPRESENTATION('',(#8757),#8761);
#8757 = CIRCLE('',#8758,2.54);
#8758 = AXIS2_PLACEMENT_2D('',#8759,#8760);
#8759 = CARTESIAN_POINT('',(25.4,342.9));
#8760 = DIRECTION('',(1.,0.));
#8761 = ( GEOMETRIC_REPRESENTATION_CONTEXT(2) 
PARAMETRIC_REPRESENTATION_CONTEXT() REPRESENTATION_CONTEXT('2D SPACE',''
  ) );
#8762 = PCURVE('',#3774,#8763);
#8763 = DEFINITIONAL_REPRESENTATION('',(#8764),#8768);
#8764 = LINE('',#8765,#8766);
#8765 = CARTESIAN_POINT('',(0.,8.89));
#8766 = VECTOR('',#8767,1.);
#8767 = DIRECTION('',(1.,0.));
#8768 = ( GEOMETRIC_REPRESENTATION_CONTEXT(2) 
PARAMETRIC_REPRESENTATION_CONTEXT() REPRESENTATION_CONTEXT('2D SPACE',''
  ) );
#8769 = FACE_BOUND('',#8770,.T.);
#8770 = EDGE_LOOP('',(#8771));
#8771 = ORIENTED_EDGE('',*,*,#8772,.F.);
#8772 = EDGE_CURVE('',#8773,#8773,#8775,.T.);
#8773 = VERTEX_POINT('',#8774);
#8774 = CARTESIAN_POINT('',(50.8,-323.85,231.14));
#8775 = SURFACE_CURVE('',#8776,(#8781,#8788),.PCURVE_S1.);
#8776 = CIRCLE('',#8777,2.54);
#8777 = AXIS2_PLACEMENT_3D('',#8778,#8779,#8780);
#8778 = CARTESIAN_POINT('',(50.8,-323.85,228.6));
#8779 = DIRECTION('',(0.,1.,0.));
#8780 = DIRECTION('',(0.,-0.,1.));
#8781 = PCURVE('',#150,#8782);
#8782 = DEFINITIONAL_REPRESENTATION('',(#8783),#8787);
#8783 = CIRCLE('',#8784,2.54);
#8784 = AXIS2_PLACEMENT_2D('',#8785,#8786);
#8785 = CARTESIAN_POINT('',(25.4,355.6));
#8786 = DIRECTION('',(1.,0.));
#8787 = ( GEOMETRIC_REPRESENTATION_CONTEXT(2) 
PARAMETRIC_REPRESENTATION_CONTEXT() REPRESENTATION_CONTEXT('2D SPACE',''
  ) );
#8788 = PCURVE('',#3805,#8789);
#8789 = DEFINITIONAL_REPRESENTATION('',(#8790),#8794);
#8790 = LINE('',#8791,#8792);
#8791 = CARTESIAN_POINT('',(0.,8.89));
#8792 = VECTOR('',#8793,1.);
#8793 = DIRECTION('',(1.,0.));
#8794 = ( GEOMETRIC_REPRESENTATION_CONTEXT(2) 
PARAMETRIC_REPRESENTATION_CONTEXT() REPRESENTATION_CONTEXT('2D SPACE',''
  ) );
#8795 = FACE_BOUND('',#8796,.T.);
#8796 = EDGE_LOOP('',(#8797));
#8797 = ORIENTED_EDGE('',*,*,#8798,.F.);
#8798 = EDGE_CURVE('',#8799,#8799,#8801,.T.);
#8799 = VERTEX_POINT('',#8800);
#8800 = CARTESIAN_POINT('',(63.5,-323.85,231.14));
#8801 = SURFACE_CURVE('',#8802,(#8807,#8814),.PCURVE_S1.);
#8802 = CIRCLE('',#8803,2.54);
#8803 = AXIS2_PLACEMENT_3D('',#8804,#8805,#8806);
#8804 = CARTESIAN_POINT('',(63.5,-323.85,228.6));
#8805 = DIRECTION('',(0.,1.,0.));
#8806 = DIRECTION('',(0.,-0.,1.));
#8807 = PCURVE('',#150,#8808);
#8808 = DEFINITIONAL_REPRESENTATION('',(#8809),#8813);
#8809 = CIRCLE('',#8810,2.54);
#8810 = AXIS2_PLACEMENT_2D('',#8811,#8812);
#8811 = CARTESIAN_POINT('',(25.4,368.3));
#8812 = DIRECTION('',(1.,0.));
#8813 = ( GEOMETRIC_REPRESENTATION_CONTEXT(2) 
PARAMETRIC_REPRESENTATION_CONTEXT() REPRESENTATION_CONTEXT('2D SPACE',''
  ) );
#8814 = PCURVE('',#3836,#8815);
#8815 = DEFINITIONAL_REPRESENTATION('',(#8816),#8820);
#8816 = LINE('',#8817,#8818);
#8817 = CARTESIAN_POINT('',(0.,8.89));
#8818 = VECTOR('',#8819,1.);
#8819 = DIRECTION('',(1.,0.));
#8820 = ( GEOMETRIC_REPRESENTATION_CONTEXT(2) 
PARAMETRIC_REPRESENTATION_CONTEXT() REPRESENTATION_CONTEXT('2D SPACE',''
  ) );
#8821 = FACE_BOUND('',#8822,.T.);
#8822 = EDGE_LOOP('',(#8823));
#8823 = ORIENTED_EDGE('',*,*,#8824,.F.);
#8824 = EDGE_CURVE('',#8825,#8825,#8827,.T.);
#8825 = VERTEX_POINT('',#8826);
#8826 = CARTESIAN_POINT('',(76.2,-323.85,231.14));
#8827 = SURFACE_CURVE('',#8828,(#8833,#8840),.PCURVE_S1.);
#8828 = CIRCLE('',#8829,2.54);
#8829 = AXIS2_PLACEMENT_3D('',#8830,#8831,#8832);
#8830 = CARTESIAN_POINT('',(76.2,-323.85,228.6));
#8831 = DIRECTION('',(0.,1.,0.));
#8832 = DIRECTION('',(0.,-0.,1.));
#8833 = PCURVE('',#150,#8834);
#8834 = DEFINITIONAL_REPRESENTATION('',(#8835),#8839);
#8835 = CIRCLE('',#8836,2.54);
#8836 = AXIS2_PLACEMENT_2D('',#8837,#8838);
#8837 = CARTESIAN_POINT('',(25.4,381.));
#8838 = DIRECTION('',(1.,0.));
#8839 = ( GEOMETRIC_REPRESENTATION_CONTEXT(2) 
PARAMETRIC_REPRESENTATION_CONTEXT() REPRESENTATION_CONTEXT('2D SPACE',''
  ) );
#8840 = PCURVE('',#3867,#8841);
#8841 = DEFINITIONAL_REPRESENTATION('',(#8842),#8846);
#8842 = LINE('',#8843,#8844);
#8843 = CARTESIAN_POINT('',(0.,8.89));
#8844 = VECTOR('',#8845,1.);
#8845 = DIRECTION('',(1.,0.));
#8846 = ( GEOMETRIC_REPRESENTATION_CONTEXT(2) 
PARAMETRIC_REPRESENTATION_CONTEXT() REPRESENTATION_CONTEXT('2D SPACE',''
  ) );
#8847 = FACE_BOUND('',#8848,.T.);
#8848 = EDGE_LOOP('',(#8849));
#8849 = ORIENTED_EDGE('',*,*,#8850,.F.);
#8850 = EDGE_CURVE('',#8851,#8851,#8853,.T.);
#8851 = VERTEX_POINT('',#8852);
#8852 = CARTESIAN_POINT('',(88.9,-323.85,231.14));
#8853 = SURFACE_CURVE('',#8854,(#8859,#8866),.PCURVE_S1.);
#8854 = CIRCLE('',#8855,2.54);
#8855 = AXIS2_PLACEMENT_3D('',#8856,#8857,#8858);
#8856 = CARTESIAN_POINT('',(88.9,-323.85,228.6));
#8857 = DIRECTION('',(0.,1.,0.));
#8858 = DIRECTION('',(0.,-0.,1.));
#8859 = PCURVE('',#150,#8860);
#8860 = DEFINITIONAL_REPRESENTATION('',(#8861),#8865);
#8861 = CIRCLE('',#8862,2.54);
#8862 = AXIS2_PLACEMENT_2D('',#8863,#8864);
#8863 = CARTESIAN_POINT('',(25.4,393.7));
#8864 = DIRECTION('',(1.,0.));
#8865 = ( GEOMETRIC_REPRESENTATION_CONTEXT(2) 
PARAMETRIC_REPRESENTATION_CONTEXT() REPRESENTATION_CONTEXT('2D SPACE',''
  ) );
#8866 = PCURVE('',#3898,#8867);
#8867 = DEFINITIONAL_REPRESENTATION('',(#8868),#8872);
#8868 = LINE('',#8869,#8870);
#8869 = CARTESIAN_POINT('',(0.,8.89));
#8870 = VECTOR('',#8871,1.);
#8871 = DIRECTION('',(1.,0.));
#8872 = ( GEOMETRIC_REPRESENTATION_CONTEXT(2) 
PARAMETRIC_REPRESENTATION_CONTEXT() REPRESENTATION_CONTEXT('2D SPACE',''
  ) );
#8873 = FACE_BOUND('',#8874,.T.);
#8874 = EDGE_LOOP('',(#8875));
#8875 = ORIENTED_EDGE('',*,*,#8876,.F.);
#8876 = EDGE_CURVE('',#8877,#8877,#8879,.T.);
#8877 = VERTEX_POINT('',#8878);
#8878 = CARTESIAN_POINT('',(101.6,-323.85,231.14));
#8879 = SURFACE_CURVE('',#8880,(#8885,#8892),.PCURVE_S1.);
#8880 = CIRCLE('',#8881,2.54);
#8881 = AXIS2_PLACEMENT_3D('',#8882,#8883,#8884);
#8882 = CARTESIAN_POINT('',(101.6,-323.85,228.6));
#8883 = DIRECTION('',(0.,1.,0.));
#8884 = DIRECTION('',(0.,-0.,1.));
#8885 = PCURVE('',#150,#8886);
#8886 = DEFINITIONAL_REPRESENTATION('',(#8887),#8891);
#8887 = CIRCLE('',#8888,2.54);
#8888 = AXIS2_PLACEMENT_2D('',#8889,#8890);
#8889 = CARTESIAN_POINT('',(25.4,406.4));
#8890 = DIRECTION('',(1.,0.));
#8891 = ( GEOMETRIC_REPRESENTATION_CONTEXT(2) 
PARAMETRIC_REPRESENTATION_CONTEXT() REPRESENTATION_CONTEXT('2D SPACE',''
  ) );
#8892 = PCURVE('',#3929,#8893);
#8893 = DEFINITIONAL_REPRESENTATION('',(#8894),#8898);
#8894 = LINE('',#8895,#8896);
#8895 = CARTESIAN_POINT('',(0.,8.89));
#8896 = VECTOR('',#8897,1.);
#8897 = DIRECTION('',(1.,0.));
#8898 = ( GEOMETRIC_REPRESENTATION_CONTEXT(2) 
PARAMETRIC_REPRESENTATION_CONTEXT() REPRESENTATION_CONTEXT('2D SPACE',''
  ) );
#8899 = FACE_BOUND('',#8900,.T.);
#8900 = EDGE_LOOP('',(#8901));
#8901 = ORIENTED_EDGE('',*,*,#8902,.F.);
#8902 = EDGE_CURVE('',#8903,#8903,#8905,.T.);
#8903 = VERTEX_POINT('',#8904);
#8904 = CARTESIAN_POINT('',(38.1,-323.85,243.84));
#8905 = SURFACE_CURVE('',#8906,(#8911,#8918),.PCURVE_S1.);
#8906 = CIRCLE('',#8907,2.54);
#8907 = AXIS2_PLACEMENT_3D('',#8908,#8909,#8910);
#8908 = CARTESIAN_POINT('',(38.1,-323.85,241.3));
#8909 = DIRECTION('',(0.,1.,0.));
#8910 = DIRECTION('',(0.,-0.,1.));
#8911 = PCURVE('',#150,#8912);
#8912 = DEFINITIONAL_REPRESENTATION('',(#8913),#8917);
#8913 = CIRCLE('',#8914,2.54);
#8914 = AXIS2_PLACEMENT_2D('',#8915,#8916);
#8915 = CARTESIAN_POINT('',(38.1,342.9));
#8916 = DIRECTION('',(1.,0.));
#8917 = ( GEOMETRIC_REPRESENTATION_CONTEXT(2) 
PARAMETRIC_REPRESENTATION_CONTEXT() REPRESENTATION_CONTEXT('2D SPACE',''
  ) );
#8918 = PCURVE('',#3960,#8919);
#8919 = DEFINITIONAL_REPRESENTATION('',(#8920),#8924);
#8920 = LINE('',#8921,#8922);
#8921 = CARTESIAN_POINT('',(0.,8.89));
#8922 = VECTOR('',#8923,1.);
#8923 = DIRECTION('',(1.,0.));
#8924 = ( GEOMETRIC_REPRESENTATION_CONTEXT(2) 
PARAMETRIC_REPRESENTATION_CONTEXT() REPRESENTATION_CONTEXT('2D SPACE',''
  ) );
#8925 = FACE_BOUND('',#8926,.T.);
#8926 = EDGE_LOOP('',(#8927));
#8927 = ORIENTED_EDGE('',*,*,#8928,.F.);
#8928 = EDGE_CURVE('',#8929,#8929,#8931,.T.);
#8929 = VERTEX_POINT('',#8930);
#8930 = CARTESIAN_POINT('',(50.8,-323.85,243.84));
#8931 = SURFACE_CURVE('',#8932,(#8937,#8944),.PCURVE_S1.);
#8932 = CIRCLE('',#8933,2.54);
#8933 = AXIS2_PLACEMENT_3D('',#8934,#8935,#8936);
#8934 = CARTESIAN_POINT('',(50.8,-323.85,241.3));
#8935 = DIRECTION('',(0.,1.,0.));
#8936 = DIRECTION('',(0.,-0.,1.));
#8937 = PCURVE('',#150,#8938);
#8938 = DEFINITIONAL_REPRESENTATION('',(#8939),#8943);
#8939 = CIRCLE('',#8940,2.54);
#8940 = AXIS2_PLACEMENT_2D('',#8941,#8942);
#8941 = CARTESIAN_POINT('',(38.1,355.6));
#8942 = DIRECTION('',(1.,0.));
#8943 = ( GEOMETRIC_REPRESENTATION_CONTEXT(2) 
PARAMETRIC_REPRESENTATION_CONTEXT() REPRESENTATION_CONTEXT('2D SPACE',''
  ) );
#8944 = PCURVE('',#3991,#8945);
#8945 = DEFINITIONAL_REPRESENTATION('',(#8946),#8950);
#8946 = LINE('',#8947,#8948);
#8947 = CARTESIAN_POINT('',(0.,8.89));
#8948 = VECTOR('',#8949,1.);
#8949 = DIRECTION('',(1.,0.));
#8950 = ( GEOMETRIC_REPRESENTATION_CONTEXT(2) 
PARAMETRIC_REPRESENTATION_CONTEXT() REPRESENTATION_CONTEXT('2D SPACE',''
  ) );
#8951 = FACE_BOUND('',#8952,.T.);
#8952 = EDGE_LOOP('',(#8953));
#8953 = ORIENTED_EDGE('',*,*,#8954,.F.);
#8954 = EDGE_CURVE('',#8955,#8955,#8957,.T.);
#8955 = VERTEX_POINT('',#8956);
#8956 = CARTESIAN_POINT('',(63.5,-323.85,243.84));
#8957 = SURFACE_CURVE('',#8958,(#8963,#8970),.PCURVE_S1.);
#8958 = CIRCLE('',#8959,2.54);
#8959 = AXIS2_PLACEMENT_3D('',#8960,#8961,#8962);
#8960 = CARTESIAN_POINT('',(63.5,-323.85,241.3));
#8961 = DIRECTION('',(0.,1.,0.));
#8962 = DIRECTION('',(0.,-0.,1.));
#8963 = PCURVE('',#150,#8964);
#8964 = DEFINITIONAL_REPRESENTATION('',(#8965),#8969);
#8965 = CIRCLE('',#8966,2.54);
#8966 = AXIS2_PLACEMENT_2D('',#8967,#8968);
#8967 = CARTESIAN_POINT('',(38.1,368.3));
#8968 = DIRECTION('',(1.,0.));
#8969 = ( GEOMETRIC_REPRESENTATION_CONTEXT(2) 
PARAMETRIC_REPRESENTATION_CONTEXT() REPRESENTATION_CONTEXT('2D SPACE',''
  ) );
#8970 = PCURVE('',#4022,#8971);
#8971 = DEFINITIONAL_REPRESENTATION('',(#8972),#8976);
#8972 = LINE('',#8973,#8974);
#8973 = CARTESIAN_POINT('',(0.,8.89));
#8974 = VECTOR('',#8975,1.);
#8975 = DIRECTION('',(1.,0.));
#8976 = ( GEOMETRIC_REPRESENTATION_CONTEXT(2) 
PARAMETRIC_REPRESENTATION_CONTEXT() REPRESENTATION_CONTEXT('2D SPACE',''
  ) );
#8977 = FACE_BOUND('',#8978,.T.);
#8978 = EDGE_LOOP('',(#8979));
#8979 = ORIENTED_EDGE('',*,*,#8980,.F.);
#8980 = EDGE_CURVE('',#8981,#8981,#8983,.T.);
#8981 = VERTEX_POINT('',#8982);
#8982 = CARTESIAN_POINT('',(38.1,-323.85,256.54));
#8983 = SURFACE_CURVE('',#8984,(#8989,#8996),.PCURVE_S1.);
#8984 = CIRCLE('',#8985,2.54);
#8985 = AXIS2_PLACEMENT_3D('',#8986,#8987,#8988);
#8986 = CARTESIAN_POINT('',(38.1,-323.85,254.));
#8987 = DIRECTION('',(0.,1.,0.));
#8988 = DIRECTION('',(0.,-0.,1.));
#8989 = PCURVE('',#150,#8990);
#8990 = DEFINITIONAL_REPRESENTATION('',(#8991),#8995);
#8991 = CIRCLE('',#8992,2.54);
#8992 = AXIS2_PLACEMENT_2D('',#8993,#8994);
#8993 = CARTESIAN_POINT('',(50.8,342.9));
#8994 = DIRECTION('',(1.,0.));
#8995 = ( GEOMETRIC_REPRESENTATION_CONTEXT(2) 
PARAMETRIC_REPRESENTATION_CONTEXT() REPRESENTATION_CONTEXT('2D SPACE',''
  ) );
#8996 = PCURVE('',#4053,#8997);
#8997 = DEFINITIONAL_REPRESENTATION('',(#8998),#9002);
#8998 = LINE('',#8999,#9000);
#8999 = CARTESIAN_POINT('',(0.,8.89));
#9000 = VECTOR('',#9001,1.);
#9001 = DIRECTION('',(1.,0.));
#9002 = ( GEOMETRIC_REPRESENTATION_CONTEXT(2) 
PARAMETRIC_REPRESENTATION_CONTEXT() REPRESENTATION_CONTEXT('2D SPACE',''
  ) );
#9003 = FACE_BOUND('',#9004,.T.);
#9004 = EDGE_LOOP('',(#9005));
#9005 = ORIENTED_EDGE('',*,*,#9006,.F.);
#9006 = EDGE_CURVE('',#9007,#9007,#9009,.T.);
#9007 = VERTEX_POINT('',#9008);
#9008 = CARTESIAN_POINT('',(50.8,-323.85,256.54));
#9009 = SURFACE_CURVE('',#9010,(#9015,#9022),.PCURVE_S1.);
#9010 = CIRCLE('',#9011,2.54);
#9011 = AXIS2_PLACEMENT_3D('',#9012,#9013,#9014);
#9012 = CARTESIAN_POINT('',(50.8,-323.85,254.));
#9013 = DIRECTION('',(0.,1.,0.));
#9014 = DIRECTION('',(0.,-0.,1.));
#9015 = PCURVE('',#150,#9016);
#9016 = DEFINITIONAL_REPRESENTATION('',(#9017),#9021);
#9017 = CIRCLE('',#9018,2.54);
#9018 = AXIS2_PLACEMENT_2D('',#9019,#9020);
#9019 = CARTESIAN_POINT('',(50.8,355.6));
#9020 = DIRECTION('',(1.,0.));
#9021 = ( GEOMETRIC_REPRESENTATION_CONTEXT(2) 
PARAMETRIC_REPRESENTATION_CONTEXT() REPRESENTATION_CONTEXT('2D SPACE',''
  ) );
#9022 = PCURVE('',#4084,#9023);
#9023 = DEFINITIONAL_REPRESENTATION('',(#9024),#9028);
#9024 = LINE('',#9025,#9026);
#9025 = CARTESIAN_POINT('',(0.,8.89));
#9026 = VECTOR('',#9027,1.);
#9027 = DIRECTION('',(1.,0.));
#9028 = ( GEOMETRIC_REPRESENTATION_CONTEXT(2) 
PARAMETRIC_REPRESENTATION_CONTEXT() REPRESENTATION_CONTEXT('2D SPACE',''
  ) );
#9029 = FACE_BOUND('',#9030,.T.);
#9030 = EDGE_LOOP('',(#9031));
#9031 = ORIENTED_EDGE('',*,*,#9032,.F.);
#9032 = EDGE_CURVE('',#9033,#9033,#9035,.T.);
#9033 = VERTEX_POINT('',#9034);
#9034 = CARTESIAN_POINT('',(63.5,-323.85,256.54));
#9035 = SURFACE_CURVE('',#9036,(#9041,#9048),.PCURVE_S1.);
#9036 = CIRCLE('',#9037,2.54);
#9037 = AXIS2_PLACEMENT_3D('',#9038,#9039,#9040);
#9038 = CARTESIAN_POINT('',(63.5,-323.85,254.));
#9039 = DIRECTION('',(0.,1.,0.));
#9040 = DIRECTION('',(0.,-0.,1.));
#9041 = PCURVE('',#150,#9042);
#9042 = DEFINITIONAL_REPRESENTATION('',(#9043),#9047);
#9043 = CIRCLE('',#9044,2.54);
#9044 = AXIS2_PLACEMENT_2D('',#9045,#9046);
#9045 = CARTESIAN_POINT('',(50.8,368.3));
#9046 = DIRECTION('',(1.,0.));
#9047 = ( GEOMETRIC_REPRESENTATION_CONTEXT(2) 
PARAMETRIC_REPRESENTATION_CONTEXT() REPRESENTATION_CONTEXT('2D SPACE',''
  ) );
#9048 = PCURVE('',#4115,#9049);
#9049 = DEFINITIONAL_REPRESENTATION('',(#9050),#9054);
#9050 = LINE('',#9051,#9052);
#9051 = CARTESIAN_POINT('',(0.,8.89));
#9052 = VECTOR('',#9053,1.);
#9053 = DIRECTION('',(1.,0.));
#9054 = ( GEOMETRIC_REPRESENTATION_CONTEXT(2) 
PARAMETRIC_REPRESENTATION_CONTEXT() REPRESENTATION_CONTEXT('2D SPACE',''
  ) );
#9055 = FACE_BOUND('',#9056,.T.);
#9056 = EDGE_LOOP('',(#9057));
#9057 = ORIENTED_EDGE('',*,*,#9058,.F.);
#9058 = EDGE_CURVE('',#9059,#9059,#9061,.T.);
#9059 = VERTEX_POINT('',#9060);
#9060 = CARTESIAN_POINT('',(76.2,-323.85,243.84));
#9061 = SURFACE_CURVE('',#9062,(#9067,#9074),.PCURVE_S1.);
#9062 = CIRCLE('',#9063,2.54);
#9063 = AXIS2_PLACEMENT_3D('',#9064,#9065,#9066);
#9064 = CARTESIAN_POINT('',(76.2,-323.85,241.3));
#9065 = DIRECTION('',(0.,1.,0.));
#9066 = DIRECTION('',(0.,-0.,1.));
#9067 = PCURVE('',#150,#9068);
#9068 = DEFINITIONAL_REPRESENTATION('',(#9069),#9073);
#9069 = CIRCLE('',#9070,2.54);
#9070 = AXIS2_PLACEMENT_2D('',#9071,#9072);
#9071 = CARTESIAN_POINT('',(38.1,381.));
#9072 = DIRECTION('',(1.,0.));
#9073 = ( GEOMETRIC_REPRESENTATION_CONTEXT(2) 
PARAMETRIC_REPRESENTATION_CONTEXT() REPRESENTATION_CONTEXT('2D SPACE',''
  ) );
#9074 = PCURVE('',#4146,#9075);
#9075 = DEFINITIONAL_REPRESENTATION('',(#9076),#9080);
#9076 = LINE('',#9077,#9078);
#9077 = CARTESIAN_POINT('',(0.,8.89));
#9078 = VECTOR('',#9079,1.);
#9079 = DIRECTION('',(1.,0.));
#9080 = ( GEOMETRIC_REPRESENTATION_CONTEXT(2) 
PARAMETRIC_REPRESENTATION_CONTEXT() REPRESENTATION_CONTEXT('2D SPACE',''
  ) );
#9081 = FACE_BOUND('',#9082,.T.);
#9082 = EDGE_LOOP('',(#9083));
#9083 = ORIENTED_EDGE('',*,*,#9084,.F.);
#9084 = EDGE_CURVE('',#9085,#9085,#9087,.T.);
#9085 = VERTEX_POINT('',#9086);
#9086 = CARTESIAN_POINT('',(88.9,-323.85,243.84));
#9087 = SURFACE_CURVE('',#9088,(#9093,#9100),.PCURVE_S1.);
#9088 = CIRCLE('',#9089,2.54);
#9089 = AXIS2_PLACEMENT_3D('',#9090,#9091,#9092);
#9090 = CARTESIAN_POINT('',(88.9,-323.85,241.3));
#9091 = DIRECTION('',(0.,1.,0.));
#9092 = DIRECTION('',(0.,-0.,1.));
#9093 = PCURVE('',#150,#9094);
#9094 = DEFINITIONAL_REPRESENTATION('',(#9095),#9099);
#9095 = CIRCLE('',#9096,2.54);
#9096 = AXIS2_PLACEMENT_2D('',#9097,#9098);
#9097 = CARTESIAN_POINT('',(38.1,393.7));
#9098 = DIRECTION('',(1.,0.));
#9099 = ( GEOMETRIC_REPRESENTATION_CONTEXT(2) 
PARAMETRIC_REPRESENTATION_CONTEXT() REPRESENTATION_CONTEXT('2D SPACE',''
  ) );
#9100 = PCURVE('',#4177,#9101);
#9101 = DEFINITIONAL_REPRESENTATION('',(#9102),#9106);
#9102 = LINE('',#9103,#9104);
#9103 = CARTESIAN_POINT('',(0.,8.89));
#9104 = VECTOR('',#9105,1.);
#9105 = DIRECTION('',(1.,0.));
#9106 = ( GEOMETRIC_REPRESENTATION_CONTEXT(2) 
PARAMETRIC_REPRESENTATION_CONTEXT() REPRESENTATION_CONTEXT('2D SPACE',''
  ) );
#9107 = FACE_BOUND('',#9108,.T.);
#9108 = EDGE_LOOP('',(#9109));
#9109 = ORIENTED_EDGE('',*,*,#9110,.F.);
#9110 = EDGE_CURVE('',#9111,#9111,#9113,.T.);
#9111 = VERTEX_POINT('',#9112);
#9112 = CARTESIAN_POINT('',(76.2,-323.85,256.54));
#9113 = SURFACE_CURVE('',#9114,(#9119,#9126),.PCURVE_S1.);
#9114 = CIRCLE('',#9115,2.54);
#9115 = AXIS2_PLACEMENT_3D('',#9116,#9117,#9118);
#9116 = CARTESIAN_POINT('',(76.2,-323.85,254.));
#9117 = DIRECTION('',(0.,1.,0.));
#9118 = DIRECTION('',(0.,-0.,1.));
#9119 = PCURVE('',#150,#9120);
#9120 = DEFINITIONAL_REPRESENTATION('',(#9121),#9125);
#9121 = CIRCLE('',#9122,2.54);
#9122 = AXIS2_PLACEMENT_2D('',#9123,#9124);
#9123 = CARTESIAN_POINT('',(50.8,381.));
#9124 = DIRECTION('',(1.,0.));
#9125 = ( GEOMETRIC_REPRESENTATION_CONTEXT(2) 
PARAMETRIC_REPRESENTATION_CONTEXT() REPRESENTATION_CONTEXT('2D SPACE',''
  ) );
#9126 = PCURVE('',#4208,#9127);
#9127 = DEFINITIONAL_REPRESENTATION('',(#9128),#9132);
#9128 = LINE('',#9129,#9130);
#9129 = CARTESIAN_POINT('',(0.,8.89));
#9130 = VECTOR('',#9131,1.);
#9131 = DIRECTION('',(1.,0.));
#9132 = ( GEOMETRIC_REPRESENTATION_CONTEXT(2) 
PARAMETRIC_REPRESENTATION_CONTEXT() REPRESENTATION_CONTEXT('2D SPACE',''
  ) );
#9133 = FACE_BOUND('',#9134,.T.);
#9134 = EDGE_LOOP('',(#9135));
#9135 = ORIENTED_EDGE('',*,*,#9136,.F.);
#9136 = EDGE_CURVE('',#9137,#9137,#9139,.T.);
#9137 = VERTEX_POINT('',#9138);
#9138 = CARTESIAN_POINT('',(88.9,-323.85,256.54));
#9139 = SURFACE_CURVE('',#9140,(#9145,#9152),.PCURVE_S1.);
#9140 = CIRCLE('',#9141,2.54);
#9141 = AXIS2_PLACEMENT_3D('',#9142,#9143,#9144);
#9142 = CARTESIAN_POINT('',(88.9,-323.85,254.));
#9143 = DIRECTION('',(0.,1.,0.));
#9144 = DIRECTION('',(0.,-0.,1.));
#9145 = PCURVE('',#150,#9146);
#9146 = DEFINITIONAL_REPRESENTATION('',(#9147),#9151);
#9147 = CIRCLE('',#9148,2.54);
#9148 = AXIS2_PLACEMENT_2D('',#9149,#9150);
#9149 = CARTESIAN_POINT('',(50.8,393.7));
#9150 = DIRECTION('',(1.,0.));
#9151 = ( GEOMETRIC_REPRESENTATION_CONTEXT(2) 
PARAMETRIC_REPRESENTATION_CONTEXT() REPRESENTATION_CONTEXT('2D SPACE',''
  ) );
#9152 = PCURVE('',#4239,#9153);
#9153 = DEFINITIONAL_REPRESENTATION('',(#9154),#9158);
#9154 = LINE('',#9155,#9156);
#9155 = CARTESIAN_POINT('',(0.,8.89));
#9156 = VECTOR('',#9157,1.);
#9157 = DIRECTION('',(1.,0.));
#9158 = ( GEOMETRIC_REPRESENTATION_CONTEXT(2) 
PARAMETRIC_REPRESENTATION_CONTEXT() REPRESENTATION_CONTEXT('2D SPACE',''
  ) );
#9159 = FACE_BOUND('',#9160,.T.);
#9160 = EDGE_LOOP('',(#9161));
#9161 = ORIENTED_EDGE('',*,*,#9162,.F.);
#9162 = EDGE_CURVE('',#9163,#9163,#9165,.T.);
#9163 = VERTEX_POINT('',#9164);
#9164 = CARTESIAN_POINT('',(38.1,-323.85,269.24));
#9165 = SURFACE_CURVE('',#9166,(#9171,#9178),.PCURVE_S1.);
#9166 = CIRCLE('',#9167,2.54);
#9167 = AXIS2_PLACEMENT_3D('',#9168,#9169,#9170);
#9168 = CARTESIAN_POINT('',(38.1,-323.85,266.7));
#9169 = DIRECTION('',(0.,1.,0.));
#9170 = DIRECTION('',(0.,-0.,1.));
#9171 = PCURVE('',#150,#9172);
#9172 = DEFINITIONAL_REPRESENTATION('',(#9173),#9177);
#9173 = CIRCLE('',#9174,2.54);
#9174 = AXIS2_PLACEMENT_2D('',#9175,#9176);
#9175 = CARTESIAN_POINT('',(63.5,342.9));
#9176 = DIRECTION('',(1.,0.));
#9177 = ( GEOMETRIC_REPRESENTATION_CONTEXT(2) 
PARAMETRIC_REPRESENTATION_CONTEXT() REPRESENTATION_CONTEXT('2D SPACE',''
  ) );
#9178 = PCURVE('',#4270,#9179);
#9179 = DEFINITIONAL_REPRESENTATION('',(#9180),#9184);
#9180 = LINE('',#9181,#9182);
#9181 = CARTESIAN_POINT('',(0.,8.89));
#9182 = VECTOR('',#9183,1.);
#9183 = DIRECTION('',(1.,0.));
#9184 = ( GEOMETRIC_REPRESENTATION_CONTEXT(2) 
PARAMETRIC_REPRESENTATION_CONTEXT() REPRESENTATION_CONTEXT('2D SPACE',''
  ) );
#9185 = FACE_BOUND('',#9186,.T.);
#9186 = EDGE_LOOP('',(#9187));
#9187 = ORIENTED_EDGE('',*,*,#9188,.F.);
#9188 = EDGE_CURVE('',#9189,#9189,#9191,.T.);
#9189 = VERTEX_POINT('',#9190);
#9190 = CARTESIAN_POINT('',(50.8,-323.85,269.24));
#9191 = SURFACE_CURVE('',#9192,(#9197,#9204),.PCURVE_S1.);
#9192 = CIRCLE('',#9193,2.54);
#9193 = AXIS2_PLACEMENT_3D('',#9194,#9195,#9196);
#9194 = CARTESIAN_POINT('',(50.8,-323.85,266.7));
#9195 = DIRECTION('',(0.,1.,0.));
#9196 = DIRECTION('',(0.,-0.,1.));
#9197 = PCURVE('',#150,#9198);
#9198 = DEFINITIONAL_REPRESENTATION('',(#9199),#9203);
#9199 = CIRCLE('',#9200,2.54);
#9200 = AXIS2_PLACEMENT_2D('',#9201,#9202);
#9201 = CARTESIAN_POINT('',(63.5,355.6));
#9202 = DIRECTION('',(1.,0.));
#9203 = ( GEOMETRIC_REPRESENTATION_CONTEXT(2) 
PARAMETRIC_REPRESENTATION_CONTEXT() REPRESENTATION_CONTEXT('2D SPACE',''
  ) );
#9204 = PCURVE('',#4301,#9205);
#9205 = DEFINITIONAL_REPRESENTATION('',(#9206),#9210);
#9206 = LINE('',#9207,#9208);
#9207 = CARTESIAN_POINT('',(0.,8.89));
#9208 = VECTOR('',#9209,1.);
#9209 = DIRECTION('',(1.,0.));
#9210 = ( GEOMETRIC_REPRESENTATION_CONTEXT(2) 
PARAMETRIC_REPRESENTATION_CONTEXT() REPRESENTATION_CONTEXT('2D SPACE',''
  ) );
#9211 = FACE_BOUND('',#9212,.T.);
#9212 = EDGE_LOOP('',(#9213));
#9213 = ORIENTED_EDGE('',*,*,#9214,.F.);
#9214 = EDGE_CURVE('',#9215,#9215,#9217,.T.);
#9215 = VERTEX_POINT('',#9216);
#9216 = CARTESIAN_POINT('',(63.5,-323.85,269.24));
#9217 = SURFACE_CURVE('',#9218,(#9223,#9230),.PCURVE_S1.);
#9218 = CIRCLE('',#9219,2.54);
#9219 = AXIS2_PLACEMENT_3D('',#9220,#9221,#9222);
#9220 = CARTESIAN_POINT('',(63.5,-323.85,266.7));
#9221 = DIRECTION('',(0.,1.,0.));
#9222 = DIRECTION('',(0.,-0.,1.));
#9223 = PCURVE('',#150,#9224);
#9224 = DEFINITIONAL_REPRESENTATION('',(#9225),#9229);
#9225 = CIRCLE('',#9226,2.54);
#9226 = AXIS2_PLACEMENT_2D('',#9227,#9228);
#9227 = CARTESIAN_POINT('',(63.5,368.3));
#9228 = DIRECTION('',(1.,0.));
#9229 = ( GEOMETRIC_REPRESENTATION_CONTEXT(2) 
PARAMETRIC_REPRESENTATION_CONTEXT() REPRESENTATION_CONTEXT('2D SPACE',''
  ) );
#9230 = PCURVE('',#4332,#9231);
#9231 = DEFINITIONAL_REPRESENTATION('',(#9232),#9236);
#9232 = LINE('',#9233,#9234);
#9233 = CARTESIAN_POINT('',(0.,8.89));
#9234 = VECTOR('',#9235,1.);
#9235 = DIRECTION('',(1.,0.));
#9236 = ( GEOMETRIC_REPRESENTATION_CONTEXT(2) 
PARAMETRIC_REPRESENTATION_CONTEXT() REPRESENTATION_CONTEXT('2D SPACE',''
  ) );
#9237 = FACE_BOUND('',#9238,.T.);
#9238 = EDGE_LOOP('',(#9239));
#9239 = ORIENTED_EDGE('',*,*,#9240,.F.);
#9240 = EDGE_CURVE('',#9241,#9241,#9243,.T.);
#9241 = VERTEX_POINT('',#9242);
#9242 = CARTESIAN_POINT('',(76.2,-323.85,269.24));
#9243 = SURFACE_CURVE('',#9244,(#9249,#9256),.PCURVE_S1.);
#9244 = CIRCLE('',#9245,2.54);
#9245 = AXIS2_PLACEMENT_3D('',#9246,#9247,#9248);
#9246 = CARTESIAN_POINT('',(76.2,-323.85,266.7));
#9247 = DIRECTION('',(0.,1.,0.));
#9248 = DIRECTION('',(0.,-0.,1.));
#9249 = PCURVE('',#150,#9250);
#9250 = DEFINITIONAL_REPRESENTATION('',(#9251),#9255);
#9251 = CIRCLE('',#9252,2.54);
#9252 = AXIS2_PLACEMENT_2D('',#9253,#9254);
#9253 = CARTESIAN_POINT('',(63.5,381.));
#9254 = DIRECTION('',(1.,0.));
#9255 = ( GEOMETRIC_REPRESENTATION_CONTEXT(2) 
PARAMETRIC_REPRESENTATION_CONTEXT() REPRESENTATION_CONTEXT('2D SPACE',''
  ) );
#9256 = PCURVE('',#4363,#9257);
#9257 = DEFINITIONAL_REPRESENTATION('',(#9258),#9262);
#9258 = LINE('',#9259,#9260);
#9259 = CARTESIAN_POINT('',(0.,8.89));
#9260 = VECTOR('',#9261,1.);
#9261 = DIRECTION('',(1.,0.));
#9262 = ( GEOMETRIC_REPRESENTATION_CONTEXT(2) 
PARAMETRIC_REPRESENTATION_CONTEXT() REPRESENTATION_CONTEXT('2D SPACE',''
  ) );
#9263 = FACE_BOUND('',#9264,.T.);
#9264 = EDGE_LOOP('',(#9265));
#9265 = ORIENTED_EDGE('',*,*,#9266,.F.);
#9266 = EDGE_CURVE('',#9267,#9267,#9269,.T.);
#9267 = VERTEX_POINT('',#9268);
#9268 = CARTESIAN_POINT('',(88.9,-323.85,269.24));
#9269 = SURFACE_CURVE('',#9270,(#9275,#9282),.PCURVE_S1.);
#9270 = CIRCLE('',#9271,2.54);
#9271 = AXIS2_PLACEMENT_3D('',#9272,#9273,#9274);
#9272 = CARTESIAN_POINT('',(88.9,-323.85,266.7));
#9273 = DIRECTION('',(0.,1.,0.));
#9274 = DIRECTION('',(0.,-0.,1.));
#9275 = PCURVE('',#150,#9276);
#9276 = DEFINITIONAL_REPRESENTATION('',(#9277),#9281);
#9277 = CIRCLE('',#9278,2.54);
#9278 = AXIS2_PLACEMENT_2D('',#9279,#9280);
#9279 = CARTESIAN_POINT('',(63.5,393.7));
#9280 = DIRECTION('',(1.,0.));
#9281 = ( GEOMETRIC_REPRESENTATION_CONTEXT(2) 
PARAMETRIC_REPRESENTATION_CONTEXT() REPRESENTATION_CONTEXT('2D SPACE',''
  ) );
#9282 = PCURVE('',#4394,#9283);
#9283 = DEFINITIONAL_REPRESENTATION('',(#9284),#9288);
#9284 = LINE('',#9285,#9286);
#9285 = CARTESIAN_POINT('',(0.,8.89));
#9286 = VECTOR('',#9287,1.);
#9287 = DIRECTION('',(1.,0.));
#9288 = ( GEOMETRIC_REPRESENTATION_CONTEXT(2) 
PARAMETRIC_REPRESENTATION_CONTEXT() REPRESENTATION_CONTEXT('2D SPACE',''
  ) );
#9289 = FACE_BOUND('',#9290,.T.);
#9290 = EDGE_LOOP('',(#9291));
#9291 = ORIENTED_EDGE('',*,*,#9292,.F.);
#9292 = EDGE_CURVE('',#9293,#9293,#9295,.T.);
#9293 = VERTEX_POINT('',#9294);
#9294 = CARTESIAN_POINT('',(101.6,-323.85,243.84));
#9295 = SURFACE_CURVE('',#9296,(#9301,#9308),.PCURVE_S1.);
#9296 = CIRCLE('',#9297,2.54);
#9297 = AXIS2_PLACEMENT_3D('',#9298,#9299,#9300);
#9298 = CARTESIAN_POINT('',(101.6,-323.85,241.3));
#9299 = DIRECTION('',(0.,1.,0.));
#9300 = DIRECTION('',(0.,-0.,1.));
#9301 = PCURVE('',#150,#9302);
#9302 = DEFINITIONAL_REPRESENTATION('',(#9303),#9307);
#9303 = CIRCLE('',#9304,2.54);
#9304 = AXIS2_PLACEMENT_2D('',#9305,#9306);
#9305 = CARTESIAN_POINT('',(38.1,406.4));
#9306 = DIRECTION('',(1.,0.));
#9307 = ( GEOMETRIC_REPRESENTATION_CONTEXT(2) 
PARAMETRIC_REPRESENTATION_CONTEXT() REPRESENTATION_CONTEXT('2D SPACE',''
  ) );
#9308 = PCURVE('',#4425,#9309);
#9309 = DEFINITIONAL_REPRESENTATION('',(#9310),#9314);
#9310 = LINE('',#9311,#9312);
#9311 = CARTESIAN_POINT('',(0.,8.89));
#9312 = VECTOR('',#9313,1.);
#9313 = DIRECTION('',(1.,0.));
#9314 = ( GEOMETRIC_REPRESENTATION_CONTEXT(2) 
PARAMETRIC_REPRESENTATION_CONTEXT() REPRESENTATION_CONTEXT('2D SPACE',''
  ) );
#9315 = FACE_BOUND('',#9316,.T.);
#9316 = EDGE_LOOP('',(#9317));
#9317 = ORIENTED_EDGE('',*,*,#9318,.F.);
#9318 = EDGE_CURVE('',#9319,#9319,#9321,.T.);
#9319 = VERTEX_POINT('',#9320);
#9320 = CARTESIAN_POINT('',(101.6,-323.85,256.54));
#9321 = SURFACE_CURVE('',#9322,(#9327,#9334),.PCURVE_S1.);
#9322 = CIRCLE('',#9323,2.54);
#9323 = AXIS2_PLACEMENT_3D('',#9324,#9325,#9326);
#9324 = CARTESIAN_POINT('',(101.6,-323.85,254.));
#9325 = DIRECTION('',(0.,1.,0.));
#9326 = DIRECTION('',(0.,-0.,1.));
#9327 = PCURVE('',#150,#9328);
#9328 = DEFINITIONAL_REPRESENTATION('',(#9329),#9333);
#9329 = CIRCLE('',#9330,2.54);
#9330 = AXIS2_PLACEMENT_2D('',#9331,#9332);
#9331 = CARTESIAN_POINT('',(50.8,406.4));
#9332 = DIRECTION('',(1.,0.));
#9333 = ( GEOMETRIC_REPRESENTATION_CONTEXT(2) 
PARAMETRIC_REPRESENTATION_CONTEXT() REPRESENTATION_CONTEXT('2D SPACE',''
  ) );
#9334 = PCURVE('',#4456,#9335);
#9335 = DEFINITIONAL_REPRESENTATION('',(#9336),#9340);
#9336 = LINE('',#9337,#9338);
#9337 = CARTESIAN_POINT('',(0.,8.89));
#9338 = VECTOR('',#9339,1.);
#9339 = DIRECTION('',(1.,0.));
#9340 = ( GEOMETRIC_REPRESENTATION_CONTEXT(2) 
PARAMETRIC_REPRESENTATION_CONTEXT() REPRESENTATION_CONTEXT('2D SPACE',''
  ) );
#9341 = FACE_BOUND('',#9342,.T.);
#9342 = EDGE_LOOP('',(#9343));
#9343 = ORIENTED_EDGE('',*,*,#9344,.F.);
#9344 = EDGE_CURVE('',#9345,#9345,#9347,.T.);
#9345 = VERTEX_POINT('',#9346);
#9346 = CARTESIAN_POINT('',(101.6,-323.85,269.24));
#9347 = SURFACE_CURVE('',#9348,(#9353,#9360),.PCURVE_S1.);
#9348 = CIRCLE('',#9349,2.54);
#9349 = AXIS2_PLACEMENT_3D('',#9350,#9351,#9352);
#9350 = CARTESIAN_POINT('',(101.6,-323.85,266.7));
#9351 = DIRECTION('',(0.,1.,0.));
#9352 = DIRECTION('',(0.,-0.,1.));
#9353 = PCURVE('',#150,#9354);
#9354 = DEFINITIONAL_REPRESENTATION('',(#9355),#9359);
#9355 = CIRCLE('',#9356,2.54);
#9356 = AXIS2_PLACEMENT_2D('',#9357,#9358);
#9357 = CARTESIAN_POINT('',(63.5,406.4));
#9358 = DIRECTION('',(1.,0.));
#9359 = ( GEOMETRIC_REPRESENTATION_CONTEXT(2) 
PARAMETRIC_REPRESENTATION_CONTEXT() REPRESENTATION_CONTEXT('2D SPACE',''
  ) );
#9360 = PCURVE('',#4487,#9361);
#9361 = DEFINITIONAL_REPRESENTATION('',(#9362),#9366);
#9362 = LINE('',#9363,#9364);
#9363 = CARTESIAN_POINT('',(0.,8.89));
#9364 = VECTOR('',#9365,1.);
#9365 = DIRECTION('',(1.,0.));
#9366 = ( GEOMETRIC_REPRESENTATION_CONTEXT(2) 
PARAMETRIC_REPRESENTATION_CONTEXT() REPRESENTATION_CONTEXT('2D SPACE',''
  ) );
#9367 = FACE_BOUND('',#9368,.T.);
#9368 = EDGE_LOOP('',(#9369));
#9369 = ORIENTED_EDGE('',*,*,#9370,.F.);
#9370 = EDGE_CURVE('',#9371,#9371,#9373,.T.);
#9371 = VERTEX_POINT('',#9372);
#9372 = CARTESIAN_POINT('',(167.64,-323.85,213.3727));
#9373 = SURFACE_CURVE('',#9374,(#9379,#9386),.PCURVE_S1.);
#9374 = CIRCLE('',#9375,2.5527);
#9375 = AXIS2_PLACEMENT_3D('',#9376,#9377,#9378);
#9376 = CARTESIAN_POINT('',(167.64,-323.85,210.82));
#9377 = DIRECTION('',(0.,1.,0.));
#9378 = DIRECTION('',(0.,-0.,1.));
#9379 = PCURVE('',#150,#9380);
#9380 = DEFINITIONAL_REPRESENTATION('',(#9381),#9385);
#9381 = CIRCLE('',#9382,2.5527);
#9382 = AXIS2_PLACEMENT_2D('',#9383,#9384);
#9383 = CARTESIAN_POINT('',(7.62,472.44));
#9384 = DIRECTION('',(1.,0.));
#9385 = ( GEOMETRIC_REPRESENTATION_CONTEXT(2) 
PARAMETRIC_REPRESENTATION_CONTEXT() REPRESENTATION_CONTEXT('2D SPACE',''
  ) );
#9386 = PCURVE('',#4518,#9387);
#9387 = DEFINITIONAL_REPRESENTATION('',(#9388),#9392);
#9388 = LINE('',#9389,#9390);
#9389 = CARTESIAN_POINT('',(0.,8.89));
#9390 = VECTOR('',#9391,1.);
#9391 = DIRECTION('',(1.,0.));
#9392 = ( GEOMETRIC_REPRESENTATION_CONTEXT(2) 
PARAMETRIC_REPRESENTATION_CONTEXT() REPRESENTATION_CONTEXT('2D SPACE',''
  ) );
#9393 = FACE_BOUND('',#9394,.T.);
#9394 = EDGE_LOOP('',(#9395,#9418,#9439,#9460,#9481,#9502,#9526,#9547,
    #9568,#9589));
#9395 = ORIENTED_EDGE('',*,*,#9396,.F.);
#9396 = EDGE_CURVE('',#9397,#9399,#9401,.T.);
#9397 = VERTEX_POINT('',#9398);
#9398 = CARTESIAN_POINT('',(228.6,-323.85,266.7));
#9399 = VERTEX_POINT('',#9400);
#9400 = CARTESIAN_POINT('',(299.72,-323.85,266.7));
#9401 = SURFACE_CURVE('',#9402,(#9406,#9412),.PCURVE_S1.);
#9402 = LINE('',#9403,#9404);
#9403 = CARTESIAN_POINT('',(-38.1,-323.85,266.7));
#9404 = VECTOR('',#9405,1.);
#9405 = DIRECTION('',(1.,0.,-0.));
#9406 = PCURVE('',#150,#9407);
#9407 = DEFINITIONAL_REPRESENTATION('',(#9408),#9411);
#9408 = B_SPLINE_CURVE_WITH_KNOTS('',1,(#9409,#9410),.UNSPECIFIED.,.F.,
  .F.,(2,2),(266.7,337.82),.PIECEWISE_BEZIER_KNOTS.);
#9409 = CARTESIAN_POINT('',(63.5,533.4));
#9410 = CARTESIAN_POINT('',(63.5,604.52));
#9411 = ( GEOMETRIC_REPRESENTATION_CONTEXT(2) 
PARAMETRIC_REPRESENTATION_CONTEXT() REPRESENTATION_CONTEXT('2D SPACE',''
  ) );
#9412 = PCURVE('',#4549,#9413);
#9413 = DEFINITIONAL_REPRESENTATION('',(#9414),#9417);
#9414 = B_SPLINE_CURVE_WITH_KNOTS('',1,(#9415,#9416),.UNSPECIFIED.,.F.,
  .F.,(2,2),(266.7,337.82),.PIECEWISE_BEZIER_KNOTS.);
#9415 = CARTESIAN_POINT('',(0.,8.89));
#9416 = CARTESIAN_POINT('',(71.12,8.89));
#9417 = ( GEOMETRIC_REPRESENTATION_CONTEXT(2) 
PARAMETRIC_REPRESENTATION_CONTEXT() REPRESENTATION_CONTEXT('2D SPACE',''
  ) );
#9418 = ORIENTED_EDGE('',*,*,#9419,.T.);
#9419 = EDGE_CURVE('',#9397,#9420,#9422,.T.);
#9420 = VERTEX_POINT('',#9421);
#9421 = CARTESIAN_POINT('',(228.6,-323.85,223.52));
#9422 = SURFACE_CURVE('',#9423,(#9427,#9433),.PCURVE_S1.);
#9423 = LINE('',#9424,#9425);
#9424 = CARTESIAN_POINT('',(228.6,-323.85,212.09));
#9425 = VECTOR('',#9426,1.);
#9426 = DIRECTION('',(-0.,0.,-1.));
#9427 = PCURVE('',#150,#9428);
#9428 = DEFINITIONAL_REPRESENTATION('',(#9429),#9432);
#9429 = B_SPLINE_CURVE_WITH_KNOTS('',1,(#9430,#9431),.UNSPECIFIED.,.F.,
  .F.,(2,2),(-54.61,-8.89),.PIECEWISE_BEZIER_KNOTS.);
#9430 = CARTESIAN_POINT('',(63.5,533.4));
#9431 = CARTESIAN_POINT('',(17.78,533.4));
#9432 = ( GEOMETRIC_REPRESENTATION_CONTEXT(2) 
PARAMETRIC_REPRESENTATION_CONTEXT() REPRESENTATION_CONTEXT('2D SPACE',''
  ) );
#9433 = PCURVE('',#4575,#9434);
#9434 = DEFINITIONAL_REPRESENTATION('',(#9435),#9438);
#9435 = B_SPLINE_CURVE_WITH_KNOTS('',1,(#9436,#9437),.UNSPECIFIED.,.F.,
  .F.,(2,2),(-54.61,-8.89),.PIECEWISE_BEZIER_KNOTS.);
#9436 = CARTESIAN_POINT('',(45.72,-8.89));
#9437 = CARTESIAN_POINT('',(0.,-8.89));
#9438 = ( GEOMETRIC_REPRESENTATION_CONTEXT(2) 
PARAMETRIC_REPRESENTATION_CONTEXT() REPRESENTATION_CONTEXT('2D SPACE',''
  ) );
#9439 = ORIENTED_EDGE('',*,*,#9440,.F.);
#9440 = EDGE_CURVE('',#9441,#9420,#9443,.T.);
#9441 = VERTEX_POINT('',#9442);
#9442 = CARTESIAN_POINT('',(177.8,-323.85,223.52));
#9443 = SURFACE_CURVE('',#9444,(#9448,#9454),.PCURVE_S1.);
#9444 = LINE('',#9445,#9446);
#9445 = CARTESIAN_POINT('',(-63.5,-323.85,223.52));
#9446 = VECTOR('',#9447,1.);
#9447 = DIRECTION('',(1.,0.,-0.));
#9448 = PCURVE('',#150,#9449);
#9449 = DEFINITIONAL_REPRESENTATION('',(#9450),#9453);
#9450 = B_SPLINE_CURVE_WITH_KNOTS('',1,(#9451,#9452),.UNSPECIFIED.,.F.,
  .F.,(2,2),(241.3,292.1),.PIECEWISE_BEZIER_KNOTS.);
#9451 = CARTESIAN_POINT('',(20.32,482.6));
#9452 = CARTESIAN_POINT('',(20.32,533.4));
#9453 = ( GEOMETRIC_REPRESENTATION_CONTEXT(2) 
PARAMETRIC_REPRESENTATION_CONTEXT() REPRESENTATION_CONTEXT('2D SPACE',''
  ) );
#9454 = PCURVE('',#4601,#9455);
#9455 = DEFINITIONAL_REPRESENTATION('',(#9456),#9459);
#9456 = B_SPLINE_CURVE_WITH_KNOTS('',1,(#9457,#9458),.UNSPECIFIED.,.F.,
  .F.,(2,2),(241.3,292.1),.PIECEWISE_BEZIER_KNOTS.);
#9457 = CARTESIAN_POINT('',(0.,8.89));
#9458 = CARTESIAN_POINT('',(50.8,8.89));
#9459 = ( GEOMETRIC_REPRESENTATION_CONTEXT(2) 
PARAMETRIC_REPRESENTATION_CONTEXT() REPRESENTATION_CONTEXT('2D SPACE',''
  ) );
#9460 = ORIENTED_EDGE('',*,*,#9461,.T.);
#9461 = EDGE_CURVE('',#9441,#9462,#9464,.T.);
#9462 = VERTEX_POINT('',#9463);
#9463 = CARTESIAN_POINT('',(177.8,-323.85,210.82));
#9464 = SURFACE_CURVE('',#9465,(#9469,#9475),.PCURVE_S1.);
#9465 = LINE('',#9466,#9467);
#9466 = CARTESIAN_POINT('',(177.8,-323.85,207.01));
#9467 = VECTOR('',#9468,1.);
#9468 = DIRECTION('',(-0.,0.,-1.));
#9469 = PCURVE('',#150,#9470);
#9470 = DEFINITIONAL_REPRESENTATION('',(#9471),#9474);
#9471 = B_SPLINE_CURVE_WITH_KNOTS('',1,(#9472,#9473),.UNSPECIFIED.,.F.,
  .F.,(2,2),(-16.51,-3.81),.PIECEWISE_BEZIER_KNOTS.);
#9472 = CARTESIAN_POINT('',(20.32,482.6));
#9473 = CARTESIAN_POINT('',(7.62,482.6));
#9474 = ( GEOMETRIC_REPRESENTATION_CONTEXT(2) 
PARAMETRIC_REPRESENTATION_CONTEXT() REPRESENTATION_CONTEXT('2D SPACE',''
  ) );
#9475 = PCURVE('',#4627,#9476);
#9476 = DEFINITIONAL_REPRESENTATION('',(#9477),#9480);
#9477 = B_SPLINE_CURVE_WITH_KNOTS('',1,(#9478,#9479),.UNSPECIFIED.,.F.,
  .F.,(2,2),(-16.51,-3.81),.PIECEWISE_BEZIER_KNOTS.);
#9478 = CARTESIAN_POINT('',(12.7,-8.89));
#9479 = CARTESIAN_POINT('',(0.,-8.89));
#9480 = ( GEOMETRIC_REPRESENTATION_CONTEXT(2) 
PARAMETRIC_REPRESENTATION_CONTEXT() REPRESENTATION_CONTEXT('2D SPACE',''
  ) );
#9481 = ORIENTED_EDGE('',*,*,#9482,.T.);
#9482 = EDGE_CURVE('',#9462,#9483,#9485,.T.);
#9483 = VERTEX_POINT('',#9484);
#9484 = CARTESIAN_POINT('',(185.4073,-323.85,210.82));
#9485 = SURFACE_CURVE('',#9486,(#9490,#9496),.PCURVE_S1.);
#9486 = LINE('',#9487,#9488);
#9487 = CARTESIAN_POINT('',(-63.5,-323.85,210.82));
#9488 = VECTOR('',#9489,1.);
#9489 = DIRECTION('',(1.,0.,-0.));
#9490 = PCURVE('',#150,#9491);
#9491 = DEFINITIONAL_REPRESENTATION('',(#9492),#9495);
#9492 = B_SPLINE_CURVE_WITH_KNOTS('',1,(#9493,#9494),.UNSPECIFIED.,.F.,
  .F.,(2,2),(241.3,292.1),.PIECEWISE_BEZIER_KNOTS.);
#9493 = CARTESIAN_POINT('',(7.62,482.6));
#9494 = CARTESIAN_POINT('',(7.62,533.4));
#9495 = ( GEOMETRIC_REPRESENTATION_CONTEXT(2) 
PARAMETRIC_REPRESENTATION_CONTEXT() REPRESENTATION_CONTEXT('2D SPACE',''
  ) );
#9496 = PCURVE('',#4653,#9497);
#9497 = DEFINITIONAL_REPRESENTATION('',(#9498),#9501);
#9498 = B_SPLINE_CURVE_WITH_KNOTS('',1,(#9499,#9500),.UNSPECIFIED.,.F.,
  .F.,(2,2),(241.3,292.1),.PIECEWISE_BEZIER_KNOTS.);
#9499 = CARTESIAN_POINT('',(0.,8.89));
#9500 = CARTESIAN_POINT('',(50.8,8.89));
#9501 = ( GEOMETRIC_REPRESENTATION_CONTEXT(2) 
PARAMETRIC_REPRESENTATION_CONTEXT() REPRESENTATION_CONTEXT('2D SPACE',''
  ) );
#9502 = ORIENTED_EDGE('',*,*,#9503,.F.);
#9503 = EDGE_CURVE('',#9504,#9483,#9506,.T.);
#9504 = VERTEX_POINT('',#9505);
#9505 = CARTESIAN_POINT('',(190.51269999999,-323.85,210.82));
#9506 = SURFACE_CURVE('',#9507,(#9512,#9519),.PCURVE_S1.);
#9507 = CIRCLE('',#9508,2.5527);
#9508 = AXIS2_PLACEMENT_3D('',#9509,#9510,#9511);
#9509 = CARTESIAN_POINT('',(187.96,-323.85,210.82));
#9510 = DIRECTION('',(0.,1.,0.));
#9511 = DIRECTION('',(0.,-0.,1.));
#9512 = PCURVE('',#150,#9513);
#9513 = DEFINITIONAL_REPRESENTATION('',(#9514),#9518);
#9514 = CIRCLE('',#9515,2.5527);
#9515 = AXIS2_PLACEMENT_2D('',#9516,#9517);
#9516 = CARTESIAN_POINT('',(7.62,492.76));
#9517 = DIRECTION('',(1.,0.));
#9518 = ( GEOMETRIC_REPRESENTATION_CONTEXT(2) 
PARAMETRIC_REPRESENTATION_CONTEXT() REPRESENTATION_CONTEXT('2D SPACE',''
  ) );
#9519 = PCURVE('',#4681,#9520);
#9520 = DEFINITIONAL_REPRESENTATION('',(#9521),#9525);
#9521 = LINE('',#9522,#9523);
#9522 = CARTESIAN_POINT('',(0.,8.89));
#9523 = VECTOR('',#9524,1.);
#9524 = DIRECTION('',(1.,0.));
#9525 = ( GEOMETRIC_REPRESENTATION_CONTEXT(2) 
PARAMETRIC_REPRESENTATION_CONTEXT() REPRESENTATION_CONTEXT('2D SPACE',''
  ) );
#9526 = ORIENTED_EDGE('',*,*,#9527,.T.);
#9527 = EDGE_CURVE('',#9504,#9528,#9530,.T.);
#9528 = VERTEX_POINT('',#9529);
#9529 = CARTESIAN_POINT('',(228.6,-323.85,210.82));
#9530 = SURFACE_CURVE('',#9531,(#9535,#9541),.PCURVE_S1.);
#9531 = LINE('',#9532,#9533);
#9532 = CARTESIAN_POINT('',(-63.5,-323.85,210.82));
#9533 = VECTOR('',#9534,1.);
#9534 = DIRECTION('',(1.,0.,-0.));
#9535 = PCURVE('',#150,#9536);
#9536 = DEFINITIONAL_REPRESENTATION('',(#9537),#9540);
#9537 = B_SPLINE_CURVE_WITH_KNOTS('',1,(#9538,#9539),.UNSPECIFIED.,.F.,
  .F.,(2,2),(241.3,292.1),.PIECEWISE_BEZIER_KNOTS.);
#9538 = CARTESIAN_POINT('',(7.62,482.6));
#9539 = CARTESIAN_POINT('',(7.62,533.4));
#9540 = ( GEOMETRIC_REPRESENTATION_CONTEXT(2) 
PARAMETRIC_REPRESENTATION_CONTEXT() REPRESENTATION_CONTEXT('2D SPACE',''
  ) );
#9541 = PCURVE('',#4708,#9542);
#9542 = DEFINITIONAL_REPRESENTATION('',(#9543),#9546);
#9543 = B_SPLINE_CURVE_WITH_KNOTS('',1,(#9544,#9545),.UNSPECIFIED.,.F.,
  .F.,(2,2),(241.3,292.1),.PIECEWISE_BEZIER_KNOTS.);
#9544 = CARTESIAN_POINT('',(0.,8.89));
#9545 = CARTESIAN_POINT('',(50.8,8.89));
#9546 = ( GEOMETRIC_REPRESENTATION_CONTEXT(2) 
PARAMETRIC_REPRESENTATION_CONTEXT() REPRESENTATION_CONTEXT('2D SPACE',''
  ) );
#9547 = ORIENTED_EDGE('',*,*,#9548,.F.);
#9548 = EDGE_CURVE('',#9549,#9528,#9551,.T.);
#9549 = VERTEX_POINT('',#9550);
#9550 = CARTESIAN_POINT('',(228.6,-323.85,220.98));
#9551 = SURFACE_CURVE('',#9552,(#9556,#9562),.PCURVE_S1.);
#9552 = LINE('',#9553,#9554);
#9553 = CARTESIAN_POINT('',(228.6,-323.85,207.01));
#9554 = VECTOR('',#9555,1.);
#9555 = DIRECTION('',(-0.,0.,-1.));
#9556 = PCURVE('',#150,#9557);
#9557 = DEFINITIONAL_REPRESENTATION('',(#9558),#9561);
#9558 = B_SPLINE_CURVE_WITH_KNOTS('',1,(#9559,#9560),.UNSPECIFIED.,.F.,
  .F.,(2,2),(-16.51,-3.81),.PIECEWISE_BEZIER_KNOTS.);
#9559 = CARTESIAN_POINT('',(20.32,533.4));
#9560 = CARTESIAN_POINT('',(7.62,533.4));
#9561 = ( GEOMETRIC_REPRESENTATION_CONTEXT(2) 
PARAMETRIC_REPRESENTATION_CONTEXT() REPRESENTATION_CONTEXT('2D SPACE',''
  ) );
#9562 = PCURVE('',#4734,#9563);
#9563 = DEFINITIONAL_REPRESENTATION('',(#9564),#9567);
#9564 = B_SPLINE_CURVE_WITH_KNOTS('',1,(#9565,#9566),.UNSPECIFIED.,.F.,
  .F.,(2,2),(-16.51,-3.81),.PIECEWISE_BEZIER_KNOTS.);
#9565 = CARTESIAN_POINT('',(12.7,-8.89));
#9566 = CARTESIAN_POINT('',(0.,-8.89));
#9567 = ( GEOMETRIC_REPRESENTATION_CONTEXT(2) 
PARAMETRIC_REPRESENTATION_CONTEXT() REPRESENTATION_CONTEXT('2D SPACE',''
  ) );
#9568 = ORIENTED_EDGE('',*,*,#9569,.T.);
#9569 = EDGE_CURVE('',#9549,#9570,#9572,.T.);
#9570 = VERTEX_POINT('',#9571);
#9571 = CARTESIAN_POINT('',(299.72,-323.85,220.98));
#9572 = SURFACE_CURVE('',#9573,(#9577,#9583),.PCURVE_S1.);
#9573 = LINE('',#9574,#9575);
#9574 = CARTESIAN_POINT('',(-38.1,-323.85,220.98));
#9575 = VECTOR('',#9576,1.);
#9576 = DIRECTION('',(1.,0.,-0.));
#9577 = PCURVE('',#150,#9578);
#9578 = DEFINITIONAL_REPRESENTATION('',(#9579),#9582);
#9579 = B_SPLINE_CURVE_WITH_KNOTS('',1,(#9580,#9581),.UNSPECIFIED.,.F.,
  .F.,(2,2),(266.7,337.82),.PIECEWISE_BEZIER_KNOTS.);
#9580 = CARTESIAN_POINT('',(17.78,533.4));
#9581 = CARTESIAN_POINT('',(17.78,604.52));
#9582 = ( GEOMETRIC_REPRESENTATION_CONTEXT(2) 
PARAMETRIC_REPRESENTATION_CONTEXT() REPRESENTATION_CONTEXT('2D SPACE',''
  ) );
#9583 = PCURVE('',#4760,#9584);
#9584 = DEFINITIONAL_REPRESENTATION('',(#9585),#9588);
#9585 = B_SPLINE_CURVE_WITH_KNOTS('',1,(#9586,#9587),.UNSPECIFIED.,.F.,
  .F.,(2,2),(266.7,337.82),.PIECEWISE_BEZIER_KNOTS.);
#9586 = CARTESIAN_POINT('',(0.,8.89));
#9587 = CARTESIAN_POINT('',(71.12,8.89));
#9588 = ( GEOMETRIC_REPRESENTATION_CONTEXT(2) 
PARAMETRIC_REPRESENTATION_CONTEXT() REPRESENTATION_CONTEXT('2D SPACE',''
  ) );
#9589 = ORIENTED_EDGE('',*,*,#9590,.F.);
#9590 = EDGE_CURVE('',#9399,#9570,#9591,.T.);
#9591 = SURFACE_CURVE('',#9592,(#9596,#9602),.PCURVE_S1.);
#9592 = LINE('',#9593,#9594);
#9593 = CARTESIAN_POINT('',(299.72,-323.85,212.09));
#9594 = VECTOR('',#9595,1.);
#9595 = DIRECTION('',(-0.,0.,-1.));
#9596 = PCURVE('',#150,#9597);
#9597 = DEFINITIONAL_REPRESENTATION('',(#9598),#9601);
#9598 = B_SPLINE_CURVE_WITH_KNOTS('',1,(#9599,#9600),.UNSPECIFIED.,.F.,
  .F.,(2,2),(-54.61,-8.89),.PIECEWISE_BEZIER_KNOTS.);
#9599 = CARTESIAN_POINT('',(63.5,604.52));
#9600 = CARTESIAN_POINT('',(17.78,604.52));
#9601 = ( GEOMETRIC_REPRESENTATION_CONTEXT(2) 
PARAMETRIC_REPRESENTATION_CONTEXT() REPRESENTATION_CONTEXT('2D SPACE',''
  ) );
#9602 = PCURVE('',#4784,#9603);
#9603 = DEFINITIONAL_REPRESENTATION('',(#9604),#9607);
#9604 = B_SPLINE_CURVE_WITH_KNOTS('',1,(#9605,#9606),.UNSPECIFIED.,.F.,
  .F.,(2,2),(-54.61,-8.89),.PIECEWISE_BEZIER_KNOTS.);
#9605 = CARTESIAN_POINT('',(45.72,-8.89));
#9606 = CARTESIAN_POINT('',(0.,-8.89));
#9607 = ( GEOMETRIC_REPRESENTATION_CONTEXT(2) 
PARAMETRIC_REPRESENTATION_CONTEXT() REPRESENTATION_CONTEXT('2D SPACE',''
  ) );
#9608 = FACE_BOUND('',#9609,.T.);
#9609 = EDGE_LOOP('',(#9610));
#9610 = ORIENTED_EDGE('',*,*,#9611,.F.);
#9611 = EDGE_CURVE('',#9612,#9612,#9614,.T.);
#9612 = VERTEX_POINT('',#9613);
#9613 = CARTESIAN_POINT('',(38.1,-323.85,281.94));
#9614 = SURFACE_CURVE('',#9615,(#9620,#9627),.PCURVE_S1.);
#9615 = CIRCLE('',#9616,2.54);
#9616 = AXIS2_PLACEMENT_3D('',#9617,#9618,#9619);
#9617 = CARTESIAN_POINT('',(38.1,-323.85,279.4));
#9618 = DIRECTION('',(0.,1.,0.));
#9619 = DIRECTION('',(0.,-0.,1.));
#9620 = PCURVE('',#150,#9621);
#9621 = DEFINITIONAL_REPRESENTATION('',(#9622),#9626);
#9622 = CIRCLE('',#9623,2.54);
#9623 = AXIS2_PLACEMENT_2D('',#9624,#9625);
#9624 = CARTESIAN_POINT('',(76.2,342.9));
#9625 = DIRECTION('',(1.,0.));
#9626 = ( GEOMETRIC_REPRESENTATION_CONTEXT(2) 
PARAMETRIC_REPRESENTATION_CONTEXT() REPRESENTATION_CONTEXT('2D SPACE',''
  ) );
#9627 = PCURVE('',#4814,#9628);
#9628 = DEFINITIONAL_REPRESENTATION('',(#9629),#9633);
#9629 = LINE('',#9630,#9631);
#9630 = CARTESIAN_POINT('',(0.,8.89));
#9631 = VECTOR('',#9632,1.);
#9632 = DIRECTION('',(1.,0.));
#9633 = ( GEOMETRIC_REPRESENTATION_CONTEXT(2) 
PARAMETRIC_REPRESENTATION_CONTEXT() REPRESENTATION_CONTEXT('2D SPACE',''
  ) );
#9634 = FACE_BOUND('',#9635,.T.);
#9635 = EDGE_LOOP('',(#9636));
#9636 = ORIENTED_EDGE('',*,*,#9637,.F.);
#9637 = EDGE_CURVE('',#9638,#9638,#9640,.T.);
#9638 = VERTEX_POINT('',#9639);
#9639 = CARTESIAN_POINT('',(50.8,-323.85,281.94));
#9640 = SURFACE_CURVE('',#9641,(#9646,#9653),.PCURVE_S1.);
#9641 = CIRCLE('',#9642,2.54);
#9642 = AXIS2_PLACEMENT_3D('',#9643,#9644,#9645);
#9643 = CARTESIAN_POINT('',(50.8,-323.85,279.4));
#9644 = DIRECTION('',(0.,1.,0.));
#9645 = DIRECTION('',(0.,-0.,1.));
#9646 = PCURVE('',#150,#9647);
#9647 = DEFINITIONAL_REPRESENTATION('',(#9648),#9652);
#9648 = CIRCLE('',#9649,2.54);
#9649 = AXIS2_PLACEMENT_2D('',#9650,#9651);
#9650 = CARTESIAN_POINT('',(76.2,355.6));
#9651 = DIRECTION('',(1.,0.));
#9652 = ( GEOMETRIC_REPRESENTATION_CONTEXT(2) 
PARAMETRIC_REPRESENTATION_CONTEXT() REPRESENTATION_CONTEXT('2D SPACE',''
  ) );
#9653 = PCURVE('',#4845,#9654);
#9654 = DEFINITIONAL_REPRESENTATION('',(#9655),#9659);
#9655 = LINE('',#9656,#9657);
#9656 = CARTESIAN_POINT('',(0.,8.89));
#9657 = VECTOR('',#9658,1.);
#9658 = DIRECTION('',(1.,0.));
#9659 = ( GEOMETRIC_REPRESENTATION_CONTEXT(2) 
PARAMETRIC_REPRESENTATION_CONTEXT() REPRESENTATION_CONTEXT('2D SPACE',''
  ) );
#9660 = FACE_BOUND('',#9661,.T.);
#9661 = EDGE_LOOP('',(#9662));
#9662 = ORIENTED_EDGE('',*,*,#9663,.F.);
#9663 = EDGE_CURVE('',#9664,#9664,#9666,.T.);
#9664 = VERTEX_POINT('',#9665);
#9665 = CARTESIAN_POINT('',(63.5,-323.85,281.94));
#9666 = SURFACE_CURVE('',#9667,(#9672,#9679),.PCURVE_S1.);
#9667 = CIRCLE('',#9668,2.54);
#9668 = AXIS2_PLACEMENT_3D('',#9669,#9670,#9671);
#9669 = CARTESIAN_POINT('',(63.5,-323.85,279.4));
#9670 = DIRECTION('',(0.,1.,0.));
#9671 = DIRECTION('',(0.,-0.,1.));
#9672 = PCURVE('',#150,#9673);
#9673 = DEFINITIONAL_REPRESENTATION('',(#9674),#9678);
#9674 = CIRCLE('',#9675,2.54);
#9675 = AXIS2_PLACEMENT_2D('',#9676,#9677);
#9676 = CARTESIAN_POINT('',(76.2,368.3));
#9677 = DIRECTION('',(1.,0.));
#9678 = ( GEOMETRIC_REPRESENTATION_CONTEXT(2) 
PARAMETRIC_REPRESENTATION_CONTEXT() REPRESENTATION_CONTEXT('2D SPACE',''
  ) );
#9679 = PCURVE('',#4876,#9680);
#9680 = DEFINITIONAL_REPRESENTATION('',(#9681),#9685);
#9681 = LINE('',#9682,#9683);
#9682 = CARTESIAN_POINT('',(0.,8.89));
#9683 = VECTOR('',#9684,1.);
#9684 = DIRECTION('',(1.,0.));
#9685 = ( GEOMETRIC_REPRESENTATION_CONTEXT(2) 
PARAMETRIC_REPRESENTATION_CONTEXT() REPRESENTATION_CONTEXT('2D SPACE',''
  ) );
#9686 = FACE_BOUND('',#9687,.T.);
#9687 = EDGE_LOOP('',(#9688));
#9688 = ORIENTED_EDGE('',*,*,#9689,.F.);
#9689 = EDGE_CURVE('',#9690,#9690,#9692,.T.);
#9690 = VERTEX_POINT('',#9691);
#9691 = CARTESIAN_POINT('',(76.2,-323.85,281.94));
#9692 = SURFACE_CURVE('',#9693,(#9698,#9705),.PCURVE_S1.);
#9693 = CIRCLE('',#9694,2.54);
#9694 = AXIS2_PLACEMENT_3D('',#9695,#9696,#9697);
#9695 = CARTESIAN_POINT('',(76.2,-323.85,279.4));
#9696 = DIRECTION('',(0.,1.,0.));
#9697 = DIRECTION('',(0.,-0.,1.));
#9698 = PCURVE('',#150,#9699);
#9699 = DEFINITIONAL_REPRESENTATION('',(#9700),#9704);
#9700 = CIRCLE('',#9701,2.54);
#9701 = AXIS2_PLACEMENT_2D('',#9702,#9703);
#9702 = CARTESIAN_POINT('',(76.2,381.));
#9703 = DIRECTION('',(1.,0.));
#9704 = ( GEOMETRIC_REPRESENTATION_CONTEXT(2) 
PARAMETRIC_REPRESENTATION_CONTEXT() REPRESENTATION_CONTEXT('2D SPACE',''
  ) );
#9705 = PCURVE('',#4907,#9706);
#9706 = DEFINITIONAL_REPRESENTATION('',(#9707),#9711);
#9707 = LINE('',#9708,#9709);
#9708 = CARTESIAN_POINT('',(0.,8.89));
#9709 = VECTOR('',#9710,1.);
#9710 = DIRECTION('',(1.,0.));
#9711 = ( GEOMETRIC_REPRESENTATION_CONTEXT(2) 
PARAMETRIC_REPRESENTATION_CONTEXT() REPRESENTATION_CONTEXT('2D SPACE',''
  ) );
#9712 = FACE_BOUND('',#9713,.T.);
#9713 = EDGE_LOOP('',(#9714));
#9714 = ORIENTED_EDGE('',*,*,#9715,.F.);
#9715 = EDGE_CURVE('',#9716,#9716,#9718,.T.);
#9716 = VERTEX_POINT('',#9717);
#9717 = CARTESIAN_POINT('',(88.9,-323.85,281.94));
#9718 = SURFACE_CURVE('',#9719,(#9724,#9731),.PCURVE_S1.);
#9719 = CIRCLE('',#9720,2.54);
#9720 = AXIS2_PLACEMENT_3D('',#9721,#9722,#9723);
#9721 = CARTESIAN_POINT('',(88.9,-323.85,279.4));
#9722 = DIRECTION('',(0.,1.,0.));
#9723 = DIRECTION('',(0.,-0.,1.));
#9724 = PCURVE('',#150,#9725);
#9725 = DEFINITIONAL_REPRESENTATION('',(#9726),#9730);
#9726 = CIRCLE('',#9727,2.54);
#9727 = AXIS2_PLACEMENT_2D('',#9728,#9729);
#9728 = CARTESIAN_POINT('',(76.2,393.7));
#9729 = DIRECTION('',(1.,0.));
#9730 = ( GEOMETRIC_REPRESENTATION_CONTEXT(2) 
PARAMETRIC_REPRESENTATION_CONTEXT() REPRESENTATION_CONTEXT('2D SPACE',''
  ) );
#9731 = PCURVE('',#4938,#9732);
#9732 = DEFINITIONAL_REPRESENTATION('',(#9733),#9737);
#9733 = LINE('',#9734,#9735);
#9734 = CARTESIAN_POINT('',(0.,8.89));
#9735 = VECTOR('',#9736,1.);
#9736 = DIRECTION('',(1.,0.));
#9737 = ( GEOMETRIC_REPRESENTATION_CONTEXT(2) 
PARAMETRIC_REPRESENTATION_CONTEXT() REPRESENTATION_CONTEXT('2D SPACE',''
  ) );
#9738 = FACE_BOUND('',#9739,.T.);
#9739 = EDGE_LOOP('',(#9740));
#9740 = ORIENTED_EDGE('',*,*,#9741,.F.);
#9741 = EDGE_CURVE('',#9742,#9742,#9744,.T.);
#9742 = VERTEX_POINT('',#9743);
#9743 = CARTESIAN_POINT('',(38.1,-323.85,294.64));
#9744 = SURFACE_CURVE('',#9745,(#9750,#9757),.PCURVE_S1.);
#9745 = CIRCLE('',#9746,2.54);
#9746 = AXIS2_PLACEMENT_3D('',#9747,#9748,#9749);
#9747 = CARTESIAN_POINT('',(38.1,-323.85,292.1));
#9748 = DIRECTION('',(0.,1.,0.));
#9749 = DIRECTION('',(0.,-0.,1.));
#9750 = PCURVE('',#150,#9751);
#9751 = DEFINITIONAL_REPRESENTATION('',(#9752),#9756);
#9752 = CIRCLE('',#9753,2.54);
#9753 = AXIS2_PLACEMENT_2D('',#9754,#9755);
#9754 = CARTESIAN_POINT('',(88.9,342.9));
#9755 = DIRECTION('',(1.,0.));
#9756 = ( GEOMETRIC_REPRESENTATION_CONTEXT(2) 
PARAMETRIC_REPRESENTATION_CONTEXT() REPRESENTATION_CONTEXT('2D SPACE',''
  ) );
#9757 = PCURVE('',#4969,#9758);
#9758 = DEFINITIONAL_REPRESENTATION('',(#9759),#9763);
#9759 = LINE('',#9760,#9761);
#9760 = CARTESIAN_POINT('',(0.,8.89));
#9761 = VECTOR('',#9762,1.);
#9762 = DIRECTION('',(1.,0.));
#9763 = ( GEOMETRIC_REPRESENTATION_CONTEXT(2) 
PARAMETRIC_REPRESENTATION_CONTEXT() REPRESENTATION_CONTEXT('2D SPACE',''
  ) );
#9764 = FACE_BOUND('',#9765,.T.);
#9765 = EDGE_LOOP('',(#9766));
#9766 = ORIENTED_EDGE('',*,*,#9767,.F.);
#9767 = EDGE_CURVE('',#9768,#9768,#9770,.T.);
#9768 = VERTEX_POINT('',#9769);
#9769 = CARTESIAN_POINT('',(50.8,-323.85,294.64));
#9770 = SURFACE_CURVE('',#9771,(#9776,#9783),.PCURVE_S1.);
#9771 = CIRCLE('',#9772,2.54);
#9772 = AXIS2_PLACEMENT_3D('',#9773,#9774,#9775);
#9773 = CARTESIAN_POINT('',(50.8,-323.85,292.1));
#9774 = DIRECTION('',(0.,1.,0.));
#9775 = DIRECTION('',(0.,-0.,1.));
#9776 = PCURVE('',#150,#9777);
#9777 = DEFINITIONAL_REPRESENTATION('',(#9778),#9782);
#9778 = CIRCLE('',#9779,2.54);
#9779 = AXIS2_PLACEMENT_2D('',#9780,#9781);
#9780 = CARTESIAN_POINT('',(88.9,355.6));
#9781 = DIRECTION('',(1.,0.));
#9782 = ( GEOMETRIC_REPRESENTATION_CONTEXT(2) 
PARAMETRIC_REPRESENTATION_CONTEXT() REPRESENTATION_CONTEXT('2D SPACE',''
  ) );
#9783 = PCURVE('',#5000,#9784);
#9784 = DEFINITIONAL_REPRESENTATION('',(#9785),#9789);
#9785 = LINE('',#9786,#9787);
#9786 = CARTESIAN_POINT('',(0.,8.89));
#9787 = VECTOR('',#9788,1.);
#9788 = DIRECTION('',(1.,0.));
#9789 = ( GEOMETRIC_REPRESENTATION_CONTEXT(2) 
PARAMETRIC_REPRESENTATION_CONTEXT() REPRESENTATION_CONTEXT('2D SPACE',''
  ) );
#9790 = FACE_BOUND('',#9791,.T.);
#9791 = EDGE_LOOP('',(#9792));
#9792 = ORIENTED_EDGE('',*,*,#9793,.F.);
#9793 = EDGE_CURVE('',#9794,#9794,#9796,.T.);
#9794 = VERTEX_POINT('',#9795);
#9795 = CARTESIAN_POINT('',(63.5,-323.85,294.64));
#9796 = SURFACE_CURVE('',#9797,(#9802,#9809),.PCURVE_S1.);
#9797 = CIRCLE('',#9798,2.54);
#9798 = AXIS2_PLACEMENT_3D('',#9799,#9800,#9801);
#9799 = CARTESIAN_POINT('',(63.5,-323.85,292.1));
#9800 = DIRECTION('',(0.,1.,0.));
#9801 = DIRECTION('',(0.,-0.,1.));
#9802 = PCURVE('',#150,#9803);
#9803 = DEFINITIONAL_REPRESENTATION('',(#9804),#9808);
#9804 = CIRCLE('',#9805,2.54);
#9805 = AXIS2_PLACEMENT_2D('',#9806,#9807);
#9806 = CARTESIAN_POINT('',(88.9,368.3));
#9807 = DIRECTION('',(1.,0.));
#9808 = ( GEOMETRIC_REPRESENTATION_CONTEXT(2) 
PARAMETRIC_REPRESENTATION_CONTEXT() REPRESENTATION_CONTEXT('2D SPACE',''
  ) );
#9809 = PCURVE('',#5031,#9810);
#9810 = DEFINITIONAL_REPRESENTATION('',(#9811),#9815);
#9811 = LINE('',#9812,#9813);
#9812 = CARTESIAN_POINT('',(0.,8.89));
#9813 = VECTOR('',#9814,1.);
#9814 = DIRECTION('',(1.,0.));
#9815 = ( GEOMETRIC_REPRESENTATION_CONTEXT(2) 
PARAMETRIC_REPRESENTATION_CONTEXT() REPRESENTATION_CONTEXT('2D SPACE',''
  ) );
#9816 = FACE_BOUND('',#9817,.T.);
#9817 = EDGE_LOOP('',(#9818));
#9818 = ORIENTED_EDGE('',*,*,#9819,.F.);
#9819 = EDGE_CURVE('',#9820,#9820,#9822,.T.);
#9820 = VERTEX_POINT('',#9821);
#9821 = CARTESIAN_POINT('',(76.2,-323.85,294.64));
#9822 = SURFACE_CURVE('',#9823,(#9828,#9835),.PCURVE_S1.);
#9823 = CIRCLE('',#9824,2.54);
#9824 = AXIS2_PLACEMENT_3D('',#9825,#9826,#9827);
#9825 = CARTESIAN_POINT('',(76.2,-323.85,292.1));
#9826 = DIRECTION('',(0.,1.,0.));
#9827 = DIRECTION('',(0.,-0.,1.));
#9828 = PCURVE('',#150,#9829);
#9829 = DEFINITIONAL_REPRESENTATION('',(#9830),#9834);
#9830 = CIRCLE('',#9831,2.54);
#9831 = AXIS2_PLACEMENT_2D('',#9832,#9833);
#9832 = CARTESIAN_POINT('',(88.9,381.));
#9833 = DIRECTION('',(1.,0.));
#9834 = ( GEOMETRIC_REPRESENTATION_CONTEXT(2) 
PARAMETRIC_REPRESENTATION_CONTEXT() REPRESENTATION_CONTEXT('2D SPACE',''
  ) );
#9835 = PCURVE('',#5062,#9836);
#9836 = DEFINITIONAL_REPRESENTATION('',(#9837),#9841);
#9837 = LINE('',#9838,#9839);
#9838 = CARTESIAN_POINT('',(0.,8.89));
#9839 = VECTOR('',#9840,1.);
#9840 = DIRECTION('',(1.,0.));
#9841 = ( GEOMETRIC_REPRESENTATION_CONTEXT(2) 
PARAMETRIC_REPRESENTATION_CONTEXT() REPRESENTATION_CONTEXT('2D SPACE',''
  ) );
#9842 = FACE_BOUND('',#9843,.T.);
#9843 = EDGE_LOOP('',(#9844));
#9844 = ORIENTED_EDGE('',*,*,#9845,.F.);
#9845 = EDGE_CURVE('',#9846,#9846,#9848,.T.);
#9846 = VERTEX_POINT('',#9847);
#9847 = CARTESIAN_POINT('',(88.9,-323.85,294.64));
#9848 = SURFACE_CURVE('',#9849,(#9854,#9861),.PCURVE_S1.);
#9849 = CIRCLE('',#9850,2.54);
#9850 = AXIS2_PLACEMENT_3D('',#9851,#9852,#9853);
#9851 = CARTESIAN_POINT('',(88.9,-323.85,292.1));
#9852 = DIRECTION('',(0.,1.,0.));
#9853 = DIRECTION('',(0.,-0.,1.));
#9854 = PCURVE('',#150,#9855);
#9855 = DEFINITIONAL_REPRESENTATION('',(#9856),#9860);
#9856 = CIRCLE('',#9857,2.54);
#9857 = AXIS2_PLACEMENT_2D('',#9858,#9859);
#9858 = CARTESIAN_POINT('',(88.9,393.7));
#9859 = DIRECTION('',(1.,0.));
#9860 = ( GEOMETRIC_REPRESENTATION_CONTEXT(2) 
PARAMETRIC_REPRESENTATION_CONTEXT() REPRESENTATION_CONTEXT('2D SPACE',''
  ) );
#9861 = PCURVE('',#5093,#9862);
#9862 = DEFINITIONAL_REPRESENTATION('',(#9863),#9867);
#9863 = LINE('',#9864,#9865);
#9864 = CARTESIAN_POINT('',(0.,8.89));
#9865 = VECTOR('',#9866,1.);
#9866 = DIRECTION('',(1.,0.));
#9867 = ( GEOMETRIC_REPRESENTATION_CONTEXT(2) 
PARAMETRIC_REPRESENTATION_CONTEXT() REPRESENTATION_CONTEXT('2D SPACE',''
  ) );
#9868 = FACE_BOUND('',#9869,.T.);
#9869 = EDGE_LOOP('',(#9870));
#9870 = ORIENTED_EDGE('',*,*,#9871,.F.);
#9871 = EDGE_CURVE('',#9872,#9872,#9874,.T.);
#9872 = VERTEX_POINT('',#9873);
#9873 = CARTESIAN_POINT('',(101.6,-323.85,281.94));
#9874 = SURFACE_CURVE('',#9875,(#9880,#9887),.PCURVE_S1.);
#9875 = CIRCLE('',#9876,2.54);
#9876 = AXIS2_PLACEMENT_3D('',#9877,#9878,#9879);
#9877 = CARTESIAN_POINT('',(101.6,-323.85,279.4));
#9878 = DIRECTION('',(0.,1.,0.));
#9879 = DIRECTION('',(0.,-0.,1.));
#9880 = PCURVE('',#150,#9881);
#9881 = DEFINITIONAL_REPRESENTATION('',(#9882),#9886);
#9882 = CIRCLE('',#9883,2.54);
#9883 = AXIS2_PLACEMENT_2D('',#9884,#9885);
#9884 = CARTESIAN_POINT('',(76.2,406.4));
#9885 = DIRECTION('',(1.,0.));
#9886 = ( GEOMETRIC_REPRESENTATION_CONTEXT(2) 
PARAMETRIC_REPRESENTATION_CONTEXT() REPRESENTATION_CONTEXT('2D SPACE',''
  ) );
#9887 = PCURVE('',#5124,#9888);
#9888 = DEFINITIONAL_REPRESENTATION('',(#9889),#9893);
#9889 = LINE('',#9890,#9891);
#9890 = CARTESIAN_POINT('',(0.,8.89));
#9891 = VECTOR('',#9892,1.);
#9892 = DIRECTION('',(1.,0.));
#9893 = ( GEOMETRIC_REPRESENTATION_CONTEXT(2) 
PARAMETRIC_REPRESENTATION_CONTEXT() REPRESENTATION_CONTEXT('2D SPACE',''
  ) );
#9894 = FACE_BOUND('',#9895,.T.);
#9895 = EDGE_LOOP('',(#9896));
#9896 = ORIENTED_EDGE('',*,*,#9897,.F.);
#9897 = EDGE_CURVE('',#9898,#9898,#9900,.T.);
#9898 = VERTEX_POINT('',#9899);
#9899 = CARTESIAN_POINT('',(101.6,-323.85,294.64));
#9900 = SURFACE_CURVE('',#9901,(#9906,#9913),.PCURVE_S1.);
#9901 = CIRCLE('',#9902,2.54);
#9902 = AXIS2_PLACEMENT_3D('',#9903,#9904,#9905);
#9903 = CARTESIAN_POINT('',(101.6,-323.85,292.1));
#9904 = DIRECTION('',(0.,1.,0.));
#9905 = DIRECTION('',(0.,-0.,1.));
#9906 = PCURVE('',#150,#9907);
#9907 = DEFINITIONAL_REPRESENTATION('',(#9908),#9912);
#9908 = CIRCLE('',#9909,2.54);
#9909 = AXIS2_PLACEMENT_2D('',#9910,#9911);
#9910 = CARTESIAN_POINT('',(88.9,406.4));
#9911 = DIRECTION('',(1.,0.));
#9912 = ( GEOMETRIC_REPRESENTATION_CONTEXT(2) 
PARAMETRIC_REPRESENTATION_CONTEXT() REPRESENTATION_CONTEXT('2D SPACE',''
  ) );
#9913 = PCURVE('',#5155,#9914);
#9914 = DEFINITIONAL_REPRESENTATION('',(#9915),#9919);
#9915 = LINE('',#9916,#9917);
#9916 = CARTESIAN_POINT('',(0.,8.89));
#9917 = VECTOR('',#9918,1.);
#9918 = DIRECTION('',(1.,0.));
#9919 = ( GEOMETRIC_REPRESENTATION_CONTEXT(2) 
PARAMETRIC_REPRESENTATION_CONTEXT() REPRESENTATION_CONTEXT('2D SPACE',''
  ) );
#9920 = FACE_BOUND('',#9921,.T.);
#9921 = EDGE_LOOP('',(#9922));
#9922 = ORIENTED_EDGE('',*,*,#9923,.F.);
#9923 = EDGE_CURVE('',#9924,#9924,#9926,.T.);
#9924 = VERTEX_POINT('',#9925);
#9925 = CARTESIAN_POINT('',(38.1,-323.85,307.34));
#9926 = SURFACE_CURVE('',#9927,(#9932,#9939),.PCURVE_S1.);
#9927 = CIRCLE('',#9928,2.54);
#9928 = AXIS2_PLACEMENT_3D('',#9929,#9930,#9931);
#9929 = CARTESIAN_POINT('',(38.1,-323.85,304.8));
#9930 = DIRECTION('',(0.,1.,0.));
#9931 = DIRECTION('',(0.,-0.,1.));
#9932 = PCURVE('',#150,#9933);
#9933 = DEFINITIONAL_REPRESENTATION('',(#9934),#9938);
#9934 = CIRCLE('',#9935,2.54);
#9935 = AXIS2_PLACEMENT_2D('',#9936,#9937);
#9936 = CARTESIAN_POINT('',(101.6,342.9));
#9937 = DIRECTION('',(1.,0.));
#9938 = ( GEOMETRIC_REPRESENTATION_CONTEXT(2) 
PARAMETRIC_REPRESENTATION_CONTEXT() REPRESENTATION_CONTEXT('2D SPACE',''
  ) );
#9939 = PCURVE('',#5186,#9940);
#9940 = DEFINITIONAL_REPRESENTATION('',(#9941),#9945);
#9941 = LINE('',#9942,#9943);
#9942 = CARTESIAN_POINT('',(0.,8.89));
#9943 = VECTOR('',#9944,1.);
#9944 = DIRECTION('',(1.,0.));
#9945 = ( GEOMETRIC_REPRESENTATION_CONTEXT(2) 
PARAMETRIC_REPRESENTATION_CONTEXT() REPRESENTATION_CONTEXT('2D SPACE',''
  ) );
#9946 = FACE_BOUND('',#9947,.T.);
#9947 = EDGE_LOOP('',(#9948));
#9948 = ORIENTED_EDGE('',*,*,#9949,.F.);
#9949 = EDGE_CURVE('',#9950,#9950,#9952,.T.);
#9950 = VERTEX_POINT('',#9951);
#9951 = CARTESIAN_POINT('',(50.8,-323.85,307.34));
#9952 = SURFACE_CURVE('',#9953,(#9958,#9965),.PCURVE_S1.);
#9953 = CIRCLE('',#9954,2.54);
#9954 = AXIS2_PLACEMENT_3D('',#9955,#9956,#9957);
#9955 = CARTESIAN_POINT('',(50.8,-323.85,304.8));
#9956 = DIRECTION('',(0.,1.,0.));
#9957 = DIRECTION('',(0.,-0.,1.));
#9958 = PCURVE('',#150,#9959);
#9959 = DEFINITIONAL_REPRESENTATION('',(#9960),#9964);
#9960 = CIRCLE('',#9961,2.54);
#9961 = AXIS2_PLACEMENT_2D('',#9962,#9963);
#9962 = CARTESIAN_POINT('',(101.6,355.6));
#9963 = DIRECTION('',(1.,0.));
#9964 = ( GEOMETRIC_REPRESENTATION_CONTEXT(2) 
PARAMETRIC_REPRESENTATION_CONTEXT() REPRESENTATION_CONTEXT('2D SPACE',''
  ) );
#9965 = PCURVE('',#5217,#9966);
#9966 = DEFINITIONAL_REPRESENTATION('',(#9967),#9971);
#9967 = LINE('',#9968,#9969);
#9968 = CARTESIAN_POINT('',(0.,8.89));
#9969 = VECTOR('',#9970,1.);
#9970 = DIRECTION('',(1.,0.));
#9971 = ( GEOMETRIC_REPRESENTATION_CONTEXT(2) 
PARAMETRIC_REPRESENTATION_CONTEXT() REPRESENTATION_CONTEXT('2D SPACE',''
  ) );
#9972 = FACE_BOUND('',#9973,.T.);
#9973 = EDGE_LOOP('',(#9974));
#9974 = ORIENTED_EDGE('',*,*,#9975,.F.);
#9975 = EDGE_CURVE('',#9976,#9976,#9978,.T.);
#9976 = VERTEX_POINT('',#9977);
#9977 = CARTESIAN_POINT('',(63.5,-323.85,307.34));
#9978 = SURFACE_CURVE('',#9979,(#9984,#9991),.PCURVE_S1.);
#9979 = CIRCLE('',#9980,2.54);
#9980 = AXIS2_PLACEMENT_3D('',#9981,#9982,#9983);
#9981 = CARTESIAN_POINT('',(63.5,-323.85,304.8));
#9982 = DIRECTION('',(0.,1.,0.));
#9983 = DIRECTION('',(0.,-0.,1.));
#9984 = PCURVE('',#150,#9985);
#9985 = DEFINITIONAL_REPRESENTATION('',(#9986),#9990);
#9986 = CIRCLE('',#9987,2.54);
#9987 = AXIS2_PLACEMENT_2D('',#9988,#9989);
#9988 = CARTESIAN_POINT('',(101.6,368.3));
#9989 = DIRECTION('',(1.,0.));
#9990 = ( GEOMETRIC_REPRESENTATION_CONTEXT(2) 
PARAMETRIC_REPRESENTATION_CONTEXT() REPRESENTATION_CONTEXT('2D SPACE',''
  ) );
#9991 = PCURVE('',#5248,#9992);
#9992 = DEFINITIONAL_REPRESENTATION('',(#9993),#9997);
#9993 = LINE('',#9994,#9995);
#9994 = CARTESIAN_POINT('',(0.,8.89));
#9995 = VECTOR('',#9996,1.);
#9996 = DIRECTION('',(1.,0.));
#9997 = ( GEOMETRIC_REPRESENTATION_CONTEXT(2) 
PARAMETRIC_REPRESENTATION_CONTEXT() REPRESENTATION_CONTEXT('2D SPACE',''
  ) );
#9998 = FACE_BOUND('',#9999,.T.);
#9999 = EDGE_LOOP('',(#10000));
#10000 = ORIENTED_EDGE('',*,*,#10001,.F.);
#10001 = EDGE_CURVE('',#10002,#10002,#10004,.T.);
#10002 = VERTEX_POINT('',#10003);
#10003 = CARTESIAN_POINT('',(76.2,-323.85,307.34));
#10004 = SURFACE_CURVE('',#10005,(#10010,#10017),.PCURVE_S1.);
#10005 = CIRCLE('',#10006,2.54);
#10006 = AXIS2_PLACEMENT_3D('',#10007,#10008,#10009);
#10007 = CARTESIAN_POINT('',(76.2,-323.85,304.8));
#10008 = DIRECTION('',(0.,1.,0.));
#10009 = DIRECTION('',(0.,-0.,1.));
#10010 = PCURVE('',#150,#10011);
#10011 = DEFINITIONAL_REPRESENTATION('',(#10012),#10016);
#10012 = CIRCLE('',#10013,2.54);
#10013 = AXIS2_PLACEMENT_2D('',#10014,#10015);
#10014 = CARTESIAN_POINT('',(101.6,381.));
#10015 = DIRECTION('',(1.,0.));
#10016 = ( GEOMETRIC_REPRESENTATION_CONTEXT(2) 
PARAMETRIC_REPRESENTATION_CONTEXT() REPRESENTATION_CONTEXT('2D SPACE',''
  ) );
#10017 = PCURVE('',#5279,#10018);
#10018 = DEFINITIONAL_REPRESENTATION('',(#10019),#10023);
#10019 = LINE('',#10020,#10021);
#10020 = CARTESIAN_POINT('',(0.,8.89));
#10021 = VECTOR('',#10022,1.);
#10022 = DIRECTION('',(1.,0.));
#10023 = ( GEOMETRIC_REPRESENTATION_CONTEXT(2) 
PARAMETRIC_REPRESENTATION_CONTEXT() REPRESENTATION_CONTEXT('2D SPACE',''
  ) );
#10024 = FACE_BOUND('',#10025,.T.);
#10025 = EDGE_LOOP('',(#10026));
#10026 = ORIENTED_EDGE('',*,*,#10027,.F.);
#10027 = EDGE_CURVE('',#10028,#10028,#10030,.T.);
#10028 = VERTEX_POINT('',#10029);
#10029 = CARTESIAN_POINT('',(88.9,-323.85,307.34));
#10030 = SURFACE_CURVE('',#10031,(#10036,#10043),.PCURVE_S1.);
#10031 = CIRCLE('',#10032,2.54);
#10032 = AXIS2_PLACEMENT_3D('',#10033,#10034,#10035);
#10033 = CARTESIAN_POINT('',(88.9,-323.85,304.8));
#10034 = DIRECTION('',(0.,1.,0.));
#10035 = DIRECTION('',(0.,-0.,1.));
#10036 = PCURVE('',#150,#10037);
#10037 = DEFINITIONAL_REPRESENTATION('',(#10038),#10042);
#10038 = CIRCLE('',#10039,2.54);
#10039 = AXIS2_PLACEMENT_2D('',#10040,#10041);
#10040 = CARTESIAN_POINT('',(101.6,393.7));
#10041 = DIRECTION('',(1.,0.));
#10042 = ( GEOMETRIC_REPRESENTATION_CONTEXT(2) 
PARAMETRIC_REPRESENTATION_CONTEXT() REPRESENTATION_CONTEXT('2D SPACE',''
  ) );
#10043 = PCURVE('',#5310,#10044);
#10044 = DEFINITIONAL_REPRESENTATION('',(#10045),#10049);
#10045 = LINE('',#10046,#10047);
#10046 = CARTESIAN_POINT('',(0.,8.89));
#10047 = VECTOR('',#10048,1.);
#10048 = DIRECTION('',(1.,0.));
#10049 = ( GEOMETRIC_REPRESENTATION_CONTEXT(2) 
PARAMETRIC_REPRESENTATION_CONTEXT() REPRESENTATION_CONTEXT('2D SPACE',''
  ) );
#10050 = FACE_BOUND('',#10051,.T.);
#10051 = EDGE_LOOP('',(#10052));
#10052 = ORIENTED_EDGE('',*,*,#10053,.F.);
#10053 = EDGE_CURVE('',#10054,#10054,#10056,.T.);
#10054 = VERTEX_POINT('',#10055);
#10055 = CARTESIAN_POINT('',(38.1,-323.85,320.04));
#10056 = SURFACE_CURVE('',#10057,(#10062,#10069),.PCURVE_S1.);
#10057 = CIRCLE('',#10058,2.54);
#10058 = AXIS2_PLACEMENT_3D('',#10059,#10060,#10061);
#10059 = CARTESIAN_POINT('',(38.1,-323.85,317.5));
#10060 = DIRECTION('',(0.,1.,0.));
#10061 = DIRECTION('',(0.,-0.,1.));
#10062 = PCURVE('',#150,#10063);
#10063 = DEFINITIONAL_REPRESENTATION('',(#10064),#10068);
#10064 = CIRCLE('',#10065,2.54);
#10065 = AXIS2_PLACEMENT_2D('',#10066,#10067);
#10066 = CARTESIAN_POINT('',(114.3,342.9));
#10067 = DIRECTION('',(1.,0.));
#10068 = ( GEOMETRIC_REPRESENTATION_CONTEXT(2) 
PARAMETRIC_REPRESENTATION_CONTEXT() REPRESENTATION_CONTEXT('2D SPACE',''
  ) );
#10069 = PCURVE('',#5341,#10070);
#10070 = DEFINITIONAL_REPRESENTATION('',(#10071),#10075);
#10071 = LINE('',#10072,#10073);
#10072 = CARTESIAN_POINT('',(0.,8.89));
#10073 = VECTOR('',#10074,1.);
#10074 = DIRECTION('',(1.,0.));
#10075 = ( GEOMETRIC_REPRESENTATION_CONTEXT(2) 
PARAMETRIC_REPRESENTATION_CONTEXT() REPRESENTATION_CONTEXT('2D SPACE',''
  ) );
#10076 = FACE_BOUND('',#10077,.T.);
#10077 = EDGE_LOOP('',(#10078));
#10078 = ORIENTED_EDGE('',*,*,#10079,.F.);
#10079 = EDGE_CURVE('',#10080,#10080,#10082,.T.);
#10080 = VERTEX_POINT('',#10081);
#10081 = CARTESIAN_POINT('',(50.8,-323.85,320.04));
#10082 = SURFACE_CURVE('',#10083,(#10088,#10095),.PCURVE_S1.);
#10083 = CIRCLE('',#10084,2.54);
#10084 = AXIS2_PLACEMENT_3D('',#10085,#10086,#10087);
#10085 = CARTESIAN_POINT('',(50.8,-323.85,317.5));
#10086 = DIRECTION('',(0.,1.,0.));
#10087 = DIRECTION('',(0.,-0.,1.));
#10088 = PCURVE('',#150,#10089);
#10089 = DEFINITIONAL_REPRESENTATION('',(#10090),#10094);
#10090 = CIRCLE('',#10091,2.54);
#10091 = AXIS2_PLACEMENT_2D('',#10092,#10093);
#10092 = CARTESIAN_POINT('',(114.3,355.6));
#10093 = DIRECTION('',(1.,0.));
#10094 = ( GEOMETRIC_REPRESENTATION_CONTEXT(2) 
PARAMETRIC_REPRESENTATION_CONTEXT() REPRESENTATION_CONTEXT('2D SPACE',''
  ) );
#10095 = PCURVE('',#5372,#10096);
#10096 = DEFINITIONAL_REPRESENTATION('',(#10097),#10101);
#10097 = LINE('',#10098,#10099);
#10098 = CARTESIAN_POINT('',(0.,8.89));
#10099 = VECTOR('',#10100,1.);
#10100 = DIRECTION('',(1.,0.));
#10101 = ( GEOMETRIC_REPRESENTATION_CONTEXT(2) 
PARAMETRIC_REPRESENTATION_CONTEXT() REPRESENTATION_CONTEXT('2D SPACE',''
  ) );
#10102 = FACE_BOUND('',#10103,.T.);
#10103 = EDGE_LOOP('',(#10104));
#10104 = ORIENTED_EDGE('',*,*,#10105,.F.);
#10105 = EDGE_CURVE('',#10106,#10106,#10108,.T.);
#10106 = VERTEX_POINT('',#10107);
#10107 = CARTESIAN_POINT('',(63.5,-323.85,320.04));
#10108 = SURFACE_CURVE('',#10109,(#10114,#10121),.PCURVE_S1.);
#10109 = CIRCLE('',#10110,2.54);
#10110 = AXIS2_PLACEMENT_3D('',#10111,#10112,#10113);
#10111 = CARTESIAN_POINT('',(63.5,-323.85,317.5));
#10112 = DIRECTION('',(0.,1.,0.));
#10113 = DIRECTION('',(0.,-0.,1.));
#10114 = PCURVE('',#150,#10115);
#10115 = DEFINITIONAL_REPRESENTATION('',(#10116),#10120);
#10116 = CIRCLE('',#10117,2.54);
#10117 = AXIS2_PLACEMENT_2D('',#10118,#10119);
#10118 = CARTESIAN_POINT('',(114.3,368.3));
#10119 = DIRECTION('',(1.,0.));
#10120 = ( GEOMETRIC_REPRESENTATION_CONTEXT(2) 
PARAMETRIC_REPRESENTATION_CONTEXT() REPRESENTATION_CONTEXT('2D SPACE',''
  ) );
#10121 = PCURVE('',#5403,#10122);
#10122 = DEFINITIONAL_REPRESENTATION('',(#10123),#10127);
#10123 = LINE('',#10124,#10125);
#10124 = CARTESIAN_POINT('',(0.,8.89));
#10125 = VECTOR('',#10126,1.);
#10126 = DIRECTION('',(1.,0.));
#10127 = ( GEOMETRIC_REPRESENTATION_CONTEXT(2) 
PARAMETRIC_REPRESENTATION_CONTEXT() REPRESENTATION_CONTEXT('2D SPACE',''
  ) );
#10128 = FACE_BOUND('',#10129,.T.);
#10129 = EDGE_LOOP('',(#10130));
#10130 = ORIENTED_EDGE('',*,*,#10131,.F.);
#10131 = EDGE_CURVE('',#10132,#10132,#10134,.T.);
#10132 = VERTEX_POINT('',#10133);
#10133 = CARTESIAN_POINT('',(38.1,-323.85,332.74));
#10134 = SURFACE_CURVE('',#10135,(#10140,#10147),.PCURVE_S1.);
#10135 = CIRCLE('',#10136,2.54);
#10136 = AXIS2_PLACEMENT_3D('',#10137,#10138,#10139);
#10137 = CARTESIAN_POINT('',(38.1,-323.85,330.2));
#10138 = DIRECTION('',(0.,1.,0.));
#10139 = DIRECTION('',(0.,-0.,1.));
#10140 = PCURVE('',#150,#10141);
#10141 = DEFINITIONAL_REPRESENTATION('',(#10142),#10146);
#10142 = CIRCLE('',#10143,2.54);
#10143 = AXIS2_PLACEMENT_2D('',#10144,#10145);
#10144 = CARTESIAN_POINT('',(127.,342.9));
#10145 = DIRECTION('',(1.,0.));
#10146 = ( GEOMETRIC_REPRESENTATION_CONTEXT(2) 
PARAMETRIC_REPRESENTATION_CONTEXT() REPRESENTATION_CONTEXT('2D SPACE',''
  ) );
#10147 = PCURVE('',#5434,#10148);
#10148 = DEFINITIONAL_REPRESENTATION('',(#10149),#10153);
#10149 = LINE('',#10150,#10151);
#10150 = CARTESIAN_POINT('',(0.,8.89));
#10151 = VECTOR('',#10152,1.);
#10152 = DIRECTION('',(1.,0.));
#10153 = ( GEOMETRIC_REPRESENTATION_CONTEXT(2) 
PARAMETRIC_REPRESENTATION_CONTEXT() REPRESENTATION_CONTEXT('2D SPACE',''
  ) );
#10154 = FACE_BOUND('',#10155,.T.);
#10155 = EDGE_LOOP('',(#10156));
#10156 = ORIENTED_EDGE('',*,*,#10157,.F.);
#10157 = EDGE_CURVE('',#10158,#10158,#10160,.T.);
#10158 = VERTEX_POINT('',#10159);
#10159 = CARTESIAN_POINT('',(50.8,-323.85,332.74));
#10160 = SURFACE_CURVE('',#10161,(#10166,#10173),.PCURVE_S1.);
#10161 = CIRCLE('',#10162,2.54);
#10162 = AXIS2_PLACEMENT_3D('',#10163,#10164,#10165);
#10163 = CARTESIAN_POINT('',(50.8,-323.85,330.2));
#10164 = DIRECTION('',(0.,1.,0.));
#10165 = DIRECTION('',(0.,-0.,1.));
#10166 = PCURVE('',#150,#10167);
#10167 = DEFINITIONAL_REPRESENTATION('',(#10168),#10172);
#10168 = CIRCLE('',#10169,2.54);
#10169 = AXIS2_PLACEMENT_2D('',#10170,#10171);
#10170 = CARTESIAN_POINT('',(127.,355.6));
#10171 = DIRECTION('',(1.,0.));
#10172 = ( GEOMETRIC_REPRESENTATION_CONTEXT(2) 
PARAMETRIC_REPRESENTATION_CONTEXT() REPRESENTATION_CONTEXT('2D SPACE',''
  ) );
#10173 = PCURVE('',#5465,#10174);
#10174 = DEFINITIONAL_REPRESENTATION('',(#10175),#10179);
#10175 = LINE('',#10176,#10177);
#10176 = CARTESIAN_POINT('',(0.,8.89));
#10177 = VECTOR('',#10178,1.);
#10178 = DIRECTION('',(1.,0.));
#10179 = ( GEOMETRIC_REPRESENTATION_CONTEXT(2) 
PARAMETRIC_REPRESENTATION_CONTEXT() REPRESENTATION_CONTEXT('2D SPACE',''
  ) );
#10180 = FACE_BOUND('',#10181,.T.);
#10181 = EDGE_LOOP('',(#10182));
#10182 = ORIENTED_EDGE('',*,*,#10183,.F.);
#10183 = EDGE_CURVE('',#10184,#10184,#10186,.T.);
#10184 = VERTEX_POINT('',#10185);
#10185 = CARTESIAN_POINT('',(63.5,-323.85,332.74));
#10186 = SURFACE_CURVE('',#10187,(#10192,#10199),.PCURVE_S1.);
#10187 = CIRCLE('',#10188,2.54);
#10188 = AXIS2_PLACEMENT_3D('',#10189,#10190,#10191);
#10189 = CARTESIAN_POINT('',(63.5,-323.85,330.2));
#10190 = DIRECTION('',(0.,1.,0.));
#10191 = DIRECTION('',(0.,-0.,1.));
#10192 = PCURVE('',#150,#10193);
#10193 = DEFINITIONAL_REPRESENTATION('',(#10194),#10198);
#10194 = CIRCLE('',#10195,2.54);
#10195 = AXIS2_PLACEMENT_2D('',#10196,#10197);
#10196 = CARTESIAN_POINT('',(127.,368.3));
#10197 = DIRECTION('',(1.,0.));
#10198 = ( GEOMETRIC_REPRESENTATION_CONTEXT(2) 
PARAMETRIC_REPRESENTATION_CONTEXT() REPRESENTATION_CONTEXT('2D SPACE',''
  ) );
#10199 = PCURVE('',#5496,#10200);
#10200 = DEFINITIONAL_REPRESENTATION('',(#10201),#10205);
#10201 = LINE('',#10202,#10203);
#10202 = CARTESIAN_POINT('',(0.,8.89));
#10203 = VECTOR('',#10204,1.);
#10204 = DIRECTION('',(1.,0.));
#10205 = ( GEOMETRIC_REPRESENTATION_CONTEXT(2) 
PARAMETRIC_REPRESENTATION_CONTEXT() REPRESENTATION_CONTEXT('2D SPACE',''
  ) );
#10206 = FACE_BOUND('',#10207,.T.);
#10207 = EDGE_LOOP('',(#10208));
#10208 = ORIENTED_EDGE('',*,*,#10209,.F.);
#10209 = EDGE_CURVE('',#10210,#10210,#10212,.T.);
#10210 = VERTEX_POINT('',#10211);
#10211 = CARTESIAN_POINT('',(76.2,-323.85,320.04));
#10212 = SURFACE_CURVE('',#10213,(#10218,#10225),.PCURVE_S1.);
#10213 = CIRCLE('',#10214,2.54);
#10214 = AXIS2_PLACEMENT_3D('',#10215,#10216,#10217);
#10215 = CARTESIAN_POINT('',(76.2,-323.85,317.5));
#10216 = DIRECTION('',(0.,1.,0.));
#10217 = DIRECTION('',(0.,-0.,1.));
#10218 = PCURVE('',#150,#10219);
#10219 = DEFINITIONAL_REPRESENTATION('',(#10220),#10224);
#10220 = CIRCLE('',#10221,2.54);
#10221 = AXIS2_PLACEMENT_2D('',#10222,#10223);
#10222 = CARTESIAN_POINT('',(114.3,381.));
#10223 = DIRECTION('',(1.,0.));
#10224 = ( GEOMETRIC_REPRESENTATION_CONTEXT(2) 
PARAMETRIC_REPRESENTATION_CONTEXT() REPRESENTATION_CONTEXT('2D SPACE',''
  ) );
#10225 = PCURVE('',#5527,#10226);
#10226 = DEFINITIONAL_REPRESENTATION('',(#10227),#10231);
#10227 = LINE('',#10228,#10229);
#10228 = CARTESIAN_POINT('',(0.,8.89));
#10229 = VECTOR('',#10230,1.);
#10230 = DIRECTION('',(1.,0.));
#10231 = ( GEOMETRIC_REPRESENTATION_CONTEXT(2) 
PARAMETRIC_REPRESENTATION_CONTEXT() REPRESENTATION_CONTEXT('2D SPACE',''
  ) );
#10232 = FACE_BOUND('',#10233,.T.);
#10233 = EDGE_LOOP('',(#10234));
#10234 = ORIENTED_EDGE('',*,*,#10235,.F.);
#10235 = EDGE_CURVE('',#10236,#10236,#10238,.T.);
#10236 = VERTEX_POINT('',#10237);
#10237 = CARTESIAN_POINT('',(88.9,-323.85,320.04));
#10238 = SURFACE_CURVE('',#10239,(#10244,#10251),.PCURVE_S1.);
#10239 = CIRCLE('',#10240,2.54);
#10240 = AXIS2_PLACEMENT_3D('',#10241,#10242,#10243);
#10241 = CARTESIAN_POINT('',(88.9,-323.85,317.5));
#10242 = DIRECTION('',(0.,1.,0.));
#10243 = DIRECTION('',(0.,-0.,1.));
#10244 = PCURVE('',#150,#10245);
#10245 = DEFINITIONAL_REPRESENTATION('',(#10246),#10250);
#10246 = CIRCLE('',#10247,2.54);
#10247 = AXIS2_PLACEMENT_2D('',#10248,#10249);
#10248 = CARTESIAN_POINT('',(114.3,393.7));
#10249 = DIRECTION('',(1.,0.));
#10250 = ( GEOMETRIC_REPRESENTATION_CONTEXT(2) 
PARAMETRIC_REPRESENTATION_CONTEXT() REPRESENTATION_CONTEXT('2D SPACE',''
  ) );
#10251 = PCURVE('',#5558,#10252);
#10252 = DEFINITIONAL_REPRESENTATION('',(#10253),#10257);
#10253 = LINE('',#10254,#10255);
#10254 = CARTESIAN_POINT('',(0.,8.89));
#10255 = VECTOR('',#10256,1.);
#10256 = DIRECTION('',(1.,0.));
#10257 = ( GEOMETRIC_REPRESENTATION_CONTEXT(2) 
PARAMETRIC_REPRESENTATION_CONTEXT() REPRESENTATION_CONTEXT('2D SPACE',''
  ) );
#10258 = FACE_BOUND('',#10259,.T.);
#10259 = EDGE_LOOP('',(#10260));
#10260 = ORIENTED_EDGE('',*,*,#10261,.F.);
#10261 = EDGE_CURVE('',#10262,#10262,#10264,.T.);
#10262 = VERTEX_POINT('',#10263);
#10263 = CARTESIAN_POINT('',(76.2,-323.85,332.74));
#10264 = SURFACE_CURVE('',#10265,(#10270,#10277),.PCURVE_S1.);
#10265 = CIRCLE('',#10266,2.54);
#10266 = AXIS2_PLACEMENT_3D('',#10267,#10268,#10269);
#10267 = CARTESIAN_POINT('',(76.2,-323.85,330.2));
#10268 = DIRECTION('',(0.,1.,0.));
#10269 = DIRECTION('',(0.,-0.,1.));
#10270 = PCURVE('',#150,#10271);
#10271 = DEFINITIONAL_REPRESENTATION('',(#10272),#10276);
#10272 = CIRCLE('',#10273,2.54);
#10273 = AXIS2_PLACEMENT_2D('',#10274,#10275);
#10274 = CARTESIAN_POINT('',(127.,381.));
#10275 = DIRECTION('',(1.,0.));
#10276 = ( GEOMETRIC_REPRESENTATION_CONTEXT(2) 
PARAMETRIC_REPRESENTATION_CONTEXT() REPRESENTATION_CONTEXT('2D SPACE',''
  ) );
#10277 = PCURVE('',#5589,#10278);
#10278 = DEFINITIONAL_REPRESENTATION('',(#10279),#10283);
#10279 = LINE('',#10280,#10281);
#10280 = CARTESIAN_POINT('',(0.,8.89));
#10281 = VECTOR('',#10282,1.);
#10282 = DIRECTION('',(1.,0.));
#10283 = ( GEOMETRIC_REPRESENTATION_CONTEXT(2) 
PARAMETRIC_REPRESENTATION_CONTEXT() REPRESENTATION_CONTEXT('2D SPACE',''
  ) );
#10284 = FACE_BOUND('',#10285,.T.);
#10285 = EDGE_LOOP('',(#10286));
#10286 = ORIENTED_EDGE('',*,*,#10287,.F.);
#10287 = EDGE_CURVE('',#10288,#10288,#10290,.T.);
#10288 = VERTEX_POINT('',#10289);
#10289 = CARTESIAN_POINT('',(88.9,-323.85,332.74));
#10290 = SURFACE_CURVE('',#10291,(#10296,#10303),.PCURVE_S1.);
#10291 = CIRCLE('',#10292,2.54);
#10292 = AXIS2_PLACEMENT_3D('',#10293,#10294,#10295);
#10293 = CARTESIAN_POINT('',(88.9,-323.85,330.2));
#10294 = DIRECTION('',(0.,1.,0.));
#10295 = DIRECTION('',(0.,-0.,1.));
#10296 = PCURVE('',#150,#10297);
#10297 = DEFINITIONAL_REPRESENTATION('',(#10298),#10302);
#10298 = CIRCLE('',#10299,2.54);
#10299 = AXIS2_PLACEMENT_2D('',#10300,#10301);
#10300 = CARTESIAN_POINT('',(127.,393.7));
#10301 = DIRECTION('',(1.,0.));
#10302 = ( GEOMETRIC_REPRESENTATION_CONTEXT(2) 
PARAMETRIC_REPRESENTATION_CONTEXT() REPRESENTATION_CONTEXT('2D SPACE',''
  ) );
#10303 = PCURVE('',#5620,#10304);
#10304 = DEFINITIONAL_REPRESENTATION('',(#10305),#10309);
#10305 = LINE('',#10306,#10307);
#10306 = CARTESIAN_POINT('',(0.,8.89));
#10307 = VECTOR('',#10308,1.);
#10308 = DIRECTION('',(1.,0.));
#10309 = ( GEOMETRIC_REPRESENTATION_CONTEXT(2) 
PARAMETRIC_REPRESENTATION_CONTEXT() REPRESENTATION_CONTEXT('2D SPACE',''
  ) );
#10310 = FACE_BOUND('',#10311,.T.);
#10311 = EDGE_LOOP('',(#10312));
#10312 = ORIENTED_EDGE('',*,*,#10313,.F.);
#10313 = EDGE_CURVE('',#10314,#10314,#10316,.T.);
#10314 = VERTEX_POINT('',#10315);
#10315 = CARTESIAN_POINT('',(101.6,-323.85,307.34));
#10316 = SURFACE_CURVE('',#10317,(#10322,#10329),.PCURVE_S1.);
#10317 = CIRCLE('',#10318,2.54);
#10318 = AXIS2_PLACEMENT_3D('',#10319,#10320,#10321);
#10319 = CARTESIAN_POINT('',(101.6,-323.85,304.8));
#10320 = DIRECTION('',(0.,1.,0.));
#10321 = DIRECTION('',(0.,-0.,1.));
#10322 = PCURVE('',#150,#10323);
#10323 = DEFINITIONAL_REPRESENTATION('',(#10324),#10328);
#10324 = CIRCLE('',#10325,2.54);
#10325 = AXIS2_PLACEMENT_2D('',#10326,#10327);
#10326 = CARTESIAN_POINT('',(101.6,406.4));
#10327 = DIRECTION('',(1.,0.));
#10328 = ( GEOMETRIC_REPRESENTATION_CONTEXT(2) 
PARAMETRIC_REPRESENTATION_CONTEXT() REPRESENTATION_CONTEXT('2D SPACE',''
  ) );
#10329 = PCURVE('',#5651,#10330);
#10330 = DEFINITIONAL_REPRESENTATION('',(#10331),#10335);
#10331 = LINE('',#10332,#10333);
#10332 = CARTESIAN_POINT('',(0.,8.89));
#10333 = VECTOR('',#10334,1.);
#10334 = DIRECTION('',(1.,0.));
#10335 = ( GEOMETRIC_REPRESENTATION_CONTEXT(2) 
PARAMETRIC_REPRESENTATION_CONTEXT() REPRESENTATION_CONTEXT('2D SPACE',''
  ) );
#10336 = FACE_BOUND('',#10337,.T.);
#10337 = EDGE_LOOP('',(#10338));
#10338 = ORIENTED_EDGE('',*,*,#10339,.F.);
#10339 = EDGE_CURVE('',#10340,#10340,#10342,.T.);
#10340 = VERTEX_POINT('',#10341);
#10341 = CARTESIAN_POINT('',(101.6,-323.85,320.04));
#10342 = SURFACE_CURVE('',#10343,(#10348,#10355),.PCURVE_S1.);
#10343 = CIRCLE('',#10344,2.54);
#10344 = AXIS2_PLACEMENT_3D('',#10345,#10346,#10347);
#10345 = CARTESIAN_POINT('',(101.6,-323.85,317.5));
#10346 = DIRECTION('',(0.,1.,0.));
#10347 = DIRECTION('',(0.,-0.,1.));
#10348 = PCURVE('',#150,#10349);
#10349 = DEFINITIONAL_REPRESENTATION('',(#10350),#10354);
#10350 = CIRCLE('',#10351,2.54);
#10351 = AXIS2_PLACEMENT_2D('',#10352,#10353);
#10352 = CARTESIAN_POINT('',(114.3,406.4));
#10353 = DIRECTION('',(1.,0.));
#10354 = ( GEOMETRIC_REPRESENTATION_CONTEXT(2) 
PARAMETRIC_REPRESENTATION_CONTEXT() REPRESENTATION_CONTEXT('2D SPACE',''
  ) );
#10355 = PCURVE('',#5682,#10356);
#10356 = DEFINITIONAL_REPRESENTATION('',(#10357),#10361);
#10357 = LINE('',#10358,#10359);
#10358 = CARTESIAN_POINT('',(0.,8.89));
#10359 = VECTOR('',#10360,1.);
#10360 = DIRECTION('',(1.,0.));
#10361 = ( GEOMETRIC_REPRESENTATION_CONTEXT(2) 
PARAMETRIC_REPRESENTATION_CONTEXT() REPRESENTATION_CONTEXT('2D SPACE',''
  ) );
#10362 = FACE_BOUND('',#10363,.T.);
#10363 = EDGE_LOOP('',(#10364));
#10364 = ORIENTED_EDGE('',*,*,#10365,.F.);
#10365 = EDGE_CURVE('',#10366,#10366,#10368,.T.);
#10366 = VERTEX_POINT('',#10367);
#10367 = CARTESIAN_POINT('',(101.6,-323.85,332.74));
#10368 = SURFACE_CURVE('',#10369,(#10374,#10381),.PCURVE_S1.);
#10369 = CIRCLE('',#10370,2.54);
#10370 = AXIS2_PLACEMENT_3D('',#10371,#10372,#10373);
#10371 = CARTESIAN_POINT('',(101.6,-323.85,330.2));
#10372 = DIRECTION('',(0.,1.,0.));
#10373 = DIRECTION('',(0.,-0.,1.));
#10374 = PCURVE('',#150,#10375);
#10375 = DEFINITIONAL_REPRESENTATION('',(#10376),#10380);
#10376 = CIRCLE('',#10377,2.54);
#10377 = AXIS2_PLACEMENT_2D('',#10378,#10379);
#10378 = CARTESIAN_POINT('',(127.,406.4));
#10379 = DIRECTION('',(1.,0.));
#10380 = ( GEOMETRIC_REPRESENTATION_CONTEXT(2) 
PARAMETRIC_REPRESENTATION_CONTEXT() REPRESENTATION_CONTEXT('2D SPACE',''
  ) );
#10381 = PCURVE('',#5713,#10382);
#10382 = DEFINITIONAL_REPRESENTATION('',(#10383),#10387);
#10383 = LINE('',#10384,#10385);
#10384 = CARTESIAN_POINT('',(0.,8.89));
#10385 = VECTOR('',#10386,1.);
#10386 = DIRECTION('',(1.,0.));
#10387 = ( GEOMETRIC_REPRESENTATION_CONTEXT(2) 
PARAMETRIC_REPRESENTATION_CONTEXT() REPRESENTATION_CONTEXT('2D SPACE',''
  ) );
#10388 = ADVANCED_FACE('',(#10389),#122,.F.);
#10389 = FACE_BOUND('',#10390,.F.);
#10390 = EDGE_LOOP('',(#10391,#10392,#10393,#10414));
#10391 = ORIENTED_EDGE('',*,*,#106,.F.);
#10392 = ORIENTED_EDGE('',*,*,#191,.T.);
#10393 = ORIENTED_EDGE('',*,*,#10394,.T.);
#10394 = EDGE_CURVE('',#192,#5778,#10395,.T.);
#10395 = SURFACE_CURVE('',#10396,(#10400,#10407),.PCURVE_S1.);
#10396 = LINE('',#10397,#10398);
#10397 = CARTESIAN_POINT('',(304.8,-330.2,203.2));
#10398 = VECTOR('',#10399,1.);
#10399 = DIRECTION('',(-0.,1.,0.));
#10400 = PCURVE('',#122,#10401);
#10401 = DEFINITIONAL_REPRESENTATION('',(#10402),#10406);
#10402 = LINE('',#10403,#10404);
#10403 = CARTESIAN_POINT('',(609.6,0.));
#10404 = VECTOR('',#10405,1.);
#10405 = DIRECTION('',(0.,1.));
#10406 = ( GEOMETRIC_REPRESENTATION_CONTEXT(2) 
PARAMETRIC_REPRESENTATION_CONTEXT() REPRESENTATION_CONTEXT('2D SPACE',''
  ) );
#10407 = PCURVE('',#252,#10408);
#10408 = DEFINITIONAL_REPRESENTATION('',(#10409),#10413);
#10409 = LINE('',#10410,#10411);
#10410 = CARTESIAN_POINT('',(0.,0.));
#10411 = VECTOR('',#10412,1.);
#10412 = DIRECTION('',(0.,-1.));
#10413 = ( GEOMETRIC_REPRESENTATION_CONTEXT(2) 
PARAMETRIC_REPRESENTATION_CONTEXT() REPRESENTATION_CONTEXT('2D SPACE',''
  ) );
#10414 = ORIENTED_EDGE('',*,*,#5777,.F.);
#10415 = ADVANCED_FACE('',(#10416),#252,.T.);
#10416 = FACE_BOUND('',#10417,.T.);
#10417 = EDGE_LOOP('',(#10418,#10419,#10420,#10421));
#10418 = ORIENTED_EDGE('',*,*,#238,.F.);
#10419 = ORIENTED_EDGE('',*,*,#10394,.T.);
#10420 = ORIENTED_EDGE('',*,*,#5802,.T.);
#10421 = ORIENTED_EDGE('',*,*,#5730,.F.);
#10422 = ADVANCED_FACE('',(#10423),#283,.F.);
#10423 = FACE_BOUND('',#10424,.F.);
#10424 = EDGE_LOOP('',(#10425,#10446,#10447,#10468));
#10425 = ORIENTED_EDGE('',*,*,#10426,.F.);
#10426 = EDGE_CURVE('',#267,#5826,#10427,.T.);
#10427 = SURFACE_CURVE('',#10428,(#10432,#10439),.PCURVE_S1.);
#10428 = LINE('',#10429,#10430);
#10429 = CARTESIAN_POINT('',(-228.6,-332.74,223.52));
#10430 = VECTOR('',#10431,1.);
#10431 = DIRECTION('',(-0.,1.,0.));
#10432 = PCURVE('',#283,#10433);
#10433 = DEFINITIONAL_REPRESENTATION('',(#10434),#10438);
#10434 = LINE('',#10435,#10436);
#10435 = CARTESIAN_POINT('',(0.,0.));
#10436 = VECTOR('',#10437,1.);
#10437 = DIRECTION('',(0.,1.));
#10438 = ( GEOMETRIC_REPRESENTATION_CONTEXT(2) 
PARAMETRIC_REPRESENTATION_CONTEXT() REPRESENTATION_CONTEXT('2D SPACE',''
  ) );
#10439 = PCURVE('',#309,#10440);
#10440 = DEFINITIONAL_REPRESENTATION('',(#10441),#10445);
#10441 = LINE('',#10442,#10443);
#10442 = CARTESIAN_POINT('',(12.7,0.));
#10443 = VECTOR('',#10444,1.);
#10444 = DIRECTION('',(0.,-1.));
#10445 = ( GEOMETRIC_REPRESENTATION_CONTEXT(2) 
PARAMETRIC_REPRESENTATION_CONTEXT() REPRESENTATION_CONTEXT('2D SPACE',''
  ) );
#10446 = ORIENTED_EDGE('',*,*,#266,.T.);
#10447 = ORIENTED_EDGE('',*,*,#10448,.T.);
#10448 = EDGE_CURVE('',#269,#5828,#10449,.T.);
#10449 = SURFACE_CURVE('',#10450,(#10454,#10461),.PCURVE_S1.);
#10450 = LINE('',#10451,#10452);
#10451 = CARTESIAN_POINT('',(-177.8,-332.74,223.52));
#10452 = VECTOR('',#10453,1.);
#10453 = DIRECTION('',(-0.,1.,0.));
#10454 = PCURVE('',#283,#10455);
#10455 = DEFINITIONAL_REPRESENTATION('',(#10456),#10460);
#10456 = LINE('',#10457,#10458);
#10457 = CARTESIAN_POINT('',(50.8,0.));
#10458 = VECTOR('',#10459,1.);
#10459 = DIRECTION('',(0.,1.));
#10460 = ( GEOMETRIC_REPRESENTATION_CONTEXT(2) 
PARAMETRIC_REPRESENTATION_CONTEXT() REPRESENTATION_CONTEXT('2D SPACE',''
  ) );
#10461 = PCURVE('',#414,#10462);
#10462 = DEFINITIONAL_REPRESENTATION('',(#10463),#10467);
#10463 = LINE('',#10464,#10465);
#10464 = CARTESIAN_POINT('',(12.7,0.));
#10465 = VECTOR('',#10466,1.);
#10466 = DIRECTION('',(0.,-1.));
#10467 = ( GEOMETRIC_REPRESENTATION_CONTEXT(2) 
PARAMETRIC_REPRESENTATION_CONTEXT() REPRESENTATION_CONTEXT('2D SPACE',''
  ) );
#10468 = ORIENTED_EDGE('',*,*,#5825,.F.);
#10469 = ADVANCED_FACE('',(#10470),#309,.T.);
#10470 = FACE_BOUND('',#10471,.T.);
#10471 = EDGE_LOOP('',(#10472,#10473,#10474,#10495));
#10472 = ORIENTED_EDGE('',*,*,#10426,.F.);
#10473 = ORIENTED_EDGE('',*,*,#294,.T.);
#10474 = ORIENTED_EDGE('',*,*,#10475,.T.);
#10475 = EDGE_CURVE('',#295,#5849,#10476,.T.);
#10476 = SURFACE_CURVE('',#10477,(#10481,#10488),.PCURVE_S1.);
#10477 = LINE('',#10478,#10479);
#10478 = CARTESIAN_POINT('',(-228.6,-332.74,210.82));
#10479 = VECTOR('',#10480,1.);
#10480 = DIRECTION('',(-0.,1.,0.));
#10481 = PCURVE('',#309,#10482);
#10482 = DEFINITIONAL_REPRESENTATION('',(#10483),#10487);
#10483 = LINE('',#10484,#10485);
#10484 = CARTESIAN_POINT('',(0.,0.));
#10485 = VECTOR('',#10486,1.);
#10486 = DIRECTION('',(0.,-1.));
#10487 = ( GEOMETRIC_REPRESENTATION_CONTEXT(2) 
PARAMETRIC_REPRESENTATION_CONTEXT() REPRESENTATION_CONTEXT('2D SPACE',''
  ) );
#10488 = PCURVE('',#335,#10489);
#10489 = DEFINITIONAL_REPRESENTATION('',(#10490),#10494);
#10490 = LINE('',#10491,#10492);
#10491 = CARTESIAN_POINT('',(0.,0.));
#10492 = VECTOR('',#10493,1.);
#10493 = DIRECTION('',(0.,1.));
#10494 = ( GEOMETRIC_REPRESENTATION_CONTEXT(2) 
PARAMETRIC_REPRESENTATION_CONTEXT() REPRESENTATION_CONTEXT('2D SPACE',''
  ) );
#10495 = ORIENTED_EDGE('',*,*,#5848,.F.);
#10496 = ADVANCED_FACE('',(#10497),#414,.F.);
#10497 = FACE_BOUND('',#10498,.F.);
#10498 = EDGE_LOOP('',(#10499,#10500,#10501,#10522));
#10499 = ORIENTED_EDGE('',*,*,#10448,.F.);
#10500 = ORIENTED_EDGE('',*,*,#401,.T.);
#10501 = ORIENTED_EDGE('',*,*,#10502,.T.);
#10502 = EDGE_CURVE('',#376,#5915,#10503,.T.);
#10503 = SURFACE_CURVE('',#10504,(#10508,#10515),.PCURVE_S1.);
#10504 = LINE('',#10505,#10506);
#10505 = CARTESIAN_POINT('',(-177.8,-332.74,210.82));
#10506 = VECTOR('',#10507,1.);
#10507 = DIRECTION('',(-0.,1.,0.));
#10508 = PCURVE('',#414,#10509);
#10509 = DEFINITIONAL_REPRESENTATION('',(#10510),#10514);
#10510 = LINE('',#10511,#10512);
#10511 = CARTESIAN_POINT('',(0.,0.));
#10512 = VECTOR('',#10513,1.);
#10513 = DIRECTION('',(0.,-1.));
#10514 = ( GEOMETRIC_REPRESENTATION_CONTEXT(2) 
PARAMETRIC_REPRESENTATION_CONTEXT() REPRESENTATION_CONTEXT('2D SPACE',''
  ) );
#10515 = PCURVE('',#390,#10516);
#10516 = DEFINITIONAL_REPRESENTATION('',(#10517),#10521);
#10517 = LINE('',#10518,#10519);
#10518 = CARTESIAN_POINT('',(50.8,0.));
#10519 = VECTOR('',#10520,1.);
#10520 = DIRECTION('',(0.,1.));
#10521 = ( GEOMETRIC_REPRESENTATION_CONTEXT(2) 
PARAMETRIC_REPRESENTATION_CONTEXT() REPRESENTATION_CONTEXT('2D SPACE',''
  ) );
#10522 = ORIENTED_EDGE('',*,*,#5935,.F.);
#10523 = ADVANCED_FACE('',(#10524),#335,.T.);
#10524 = FACE_BOUND('',#10525,.T.);
#10525 = EDGE_LOOP('',(#10526,#10527,#10528,#10547));
#10526 = ORIENTED_EDGE('',*,*,#10475,.F.);
#10527 = ORIENTED_EDGE('',*,*,#320,.T.);
#10528 = ORIENTED_EDGE('',*,*,#10529,.T.);
#10529 = EDGE_CURVE('',#321,#5870,#10530,.T.);
#10530 = SURFACE_CURVE('',#10531,(#10535,#10541),.PCURVE_S1.);
#10531 = LINE('',#10532,#10533);
#10532 = CARTESIAN_POINT('',(-190.5127,-332.74,210.82));
#10533 = VECTOR('',#10534,1.);
#10534 = DIRECTION('',(0.,1.,0.));
#10535 = PCURVE('',#335,#10536);
#10536 = DEFINITIONAL_REPRESENTATION('',(#10537),#10540);
#10537 = B_SPLINE_CURVE_WITH_KNOTS('',1,(#10538,#10539),.UNSPECIFIED.,
  .F.,.F.,(2,2),(1.905,9.525),.PIECEWISE_BEZIER_KNOTS.);
#10538 = CARTESIAN_POINT('',(38.0873,1.905));
#10539 = CARTESIAN_POINT('',(38.0873,9.525));
#10540 = ( GEOMETRIC_REPRESENTATION_CONTEXT(2) 
PARAMETRIC_REPRESENTATION_CONTEXT() REPRESENTATION_CONTEXT('2D SPACE',''
  ) );
#10541 = PCURVE('',#363,#10542);
#10542 = DEFINITIONAL_REPRESENTATION('',(#10543),#10546);
#10543 = B_SPLINE_CURVE_WITH_KNOTS('',1,(#10544,#10545),.UNSPECIFIED.,
  .F.,.F.,(2,2),(1.905,9.525),.PIECEWISE_BEZIER_KNOTS.);
#10544 = CARTESIAN_POINT('',(4.712388980385,1.905));
#10545 = CARTESIAN_POINT('',(4.712388980385,9.525));
#10546 = ( GEOMETRIC_REPRESENTATION_CONTEXT(2) 
PARAMETRIC_REPRESENTATION_CONTEXT() REPRESENTATION_CONTEXT('2D SPACE',''
  ) );
#10547 = ORIENTED_EDGE('',*,*,#5869,.F.);
#10548 = ADVANCED_FACE('',(#10549),#390,.T.);
#10549 = FACE_BOUND('',#10550,.T.);
#10550 = EDGE_LOOP('',(#10551,#10570,#10571,#10572));
#10551 = ORIENTED_EDGE('',*,*,#10552,.F.);
#10552 = EDGE_CURVE('',#347,#5891,#10553,.T.);
#10553 = SURFACE_CURVE('',#10554,(#10558,#10564),.PCURVE_S1.);
#10554 = LINE('',#10555,#10556);
#10555 = CARTESIAN_POINT('',(-185.4073,-332.74,210.82));
#10556 = VECTOR('',#10557,1.);
#10557 = DIRECTION('',(0.,1.,0.));
#10558 = PCURVE('',#390,#10559);
#10559 = DEFINITIONAL_REPRESENTATION('',(#10560),#10563);
#10560 = B_SPLINE_CURVE_WITH_KNOTS('',1,(#10561,#10562),.UNSPECIFIED.,
  .F.,.F.,(2,2),(1.905,9.525),.PIECEWISE_BEZIER_KNOTS.);
#10561 = CARTESIAN_POINT('',(43.1927,1.905));
#10562 = CARTESIAN_POINT('',(43.1927,9.525));
#10563 = ( GEOMETRIC_REPRESENTATION_CONTEXT(2) 
PARAMETRIC_REPRESENTATION_CONTEXT() REPRESENTATION_CONTEXT('2D SPACE',''
  ) );
#10564 = PCURVE('',#363,#10565);
#10565 = DEFINITIONAL_REPRESENTATION('',(#10566),#10569);
#10566 = B_SPLINE_CURVE_WITH_KNOTS('',1,(#10567,#10568),.UNSPECIFIED.,
  .F.,.F.,(2,2),(1.905,9.525),.PIECEWISE_BEZIER_KNOTS.);
#10567 = CARTESIAN_POINT('',(1.570796326795,1.905));
#10568 = CARTESIAN_POINT('',(1.570796326795,9.525));
#10569 = ( GEOMETRIC_REPRESENTATION_CONTEXT(2) 
PARAMETRIC_REPRESENTATION_CONTEXT() REPRESENTATION_CONTEXT('2D SPACE',''
  ) );
#10570 = ORIENTED_EDGE('',*,*,#375,.T.);
#10571 = ORIENTED_EDGE('',*,*,#10502,.T.);
#10572 = ORIENTED_EDGE('',*,*,#5914,.F.);
#10573 = ADVANCED_FACE('',(#10574),#363,.F.);
#10574 = FACE_BOUND('',#10575,.F.);
#10575 = EDGE_LOOP('',(#10576,#10577,#10578,#10579));
#10576 = ORIENTED_EDGE('',*,*,#10552,.F.);
#10577 = ORIENTED_EDGE('',*,*,#346,.T.);
#10578 = ORIENTED_EDGE('',*,*,#10529,.T.);
#10579 = ORIENTED_EDGE('',*,*,#5890,.F.);
#10580 = ADVANCED_FACE('',(#10581),#444,.F.);
#10581 = FACE_BOUND('',#10582,.F.);
#10582 = EDGE_LOOP('',(#10583,#10584,#10605,#10606));
#10583 = ORIENTED_EDGE('',*,*,#5956,.F.);
#10584 = ORIENTED_EDGE('',*,*,#10585,.F.);
#10585 = EDGE_CURVE('',#428,#5957,#10586,.T.);
#10586 = SEAM_CURVE('',#10587,(#10591,#10598),.PCURVE_S1.);
#10587 = LINE('',#10588,#10589);
#10588 = CARTESIAN_POINT('',(-167.64,-332.74,213.3727));
#10589 = VECTOR('',#10590,1.);
#10590 = DIRECTION('',(0.,1.,0.));
#10591 = PCURVE('',#444,#10592);
#10592 = DEFINITIONAL_REPRESENTATION('',(#10593),#10597);
#10593 = LINE('',#10594,#10595);
#10594 = CARTESIAN_POINT('',(6.28318530718,-0.));
#10595 = VECTOR('',#10596,1.);
#10596 = DIRECTION('',(0.,1.));
#10597 = ( GEOMETRIC_REPRESENTATION_CONTEXT(2) 
PARAMETRIC_REPRESENTATION_CONTEXT() REPRESENTATION_CONTEXT('2D SPACE',''
  ) );
#10598 = PCURVE('',#444,#10599);
#10599 = DEFINITIONAL_REPRESENTATION('',(#10600),#10604);
#10600 = LINE('',#10601,#10602);
#10601 = CARTESIAN_POINT('',(0.,-0.));
#10602 = VECTOR('',#10603,1.);
#10603 = DIRECTION('',(0.,1.));
#10604 = ( GEOMETRIC_REPRESENTATION_CONTEXT(2) 
PARAMETRIC_REPRESENTATION_CONTEXT() REPRESENTATION_CONTEXT('2D SPACE',''
  ) );
#10605 = ORIENTED_EDGE('',*,*,#427,.T.);
#10606 = ORIENTED_EDGE('',*,*,#10585,.T.);
#10607 = ADVANCED_FACE('',(#10608),#475,.F.);
#10608 = FACE_BOUND('',#10609,.F.);
#10609 = EDGE_LOOP('',(#10610,#10611,#10632,#10633));
#10610 = ORIENTED_EDGE('',*,*,#5982,.F.);
#10611 = ORIENTED_EDGE('',*,*,#10612,.F.);
#10612 = EDGE_CURVE('',#459,#5983,#10613,.T.);
#10613 = SEAM_CURVE('',#10614,(#10618,#10625),.PCURVE_S1.);
#10614 = LINE('',#10615,#10616);
#10615 = CARTESIAN_POINT('',(-101.6,-332.74,231.14));
#10616 = VECTOR('',#10617,1.);
#10617 = DIRECTION('',(0.,1.,0.));
#10618 = PCURVE('',#475,#10619);
#10619 = DEFINITIONAL_REPRESENTATION('',(#10620),#10624);
#10620 = LINE('',#10621,#10622);
#10621 = CARTESIAN_POINT('',(6.28318530718,-0.));
#10622 = VECTOR('',#10623,1.);
#10623 = DIRECTION('',(0.,1.));
#10624 = ( GEOMETRIC_REPRESENTATION_CONTEXT(2) 
PARAMETRIC_REPRESENTATION_CONTEXT() REPRESENTATION_CONTEXT('2D SPACE',''
  ) );
#10625 = PCURVE('',#475,#10626);
#10626 = DEFINITIONAL_REPRESENTATION('',(#10627),#10631);
#10627 = LINE('',#10628,#10629);
#10628 = CARTESIAN_POINT('',(0.,-0.));
#10629 = VECTOR('',#10630,1.);
#10630 = DIRECTION('',(0.,1.));
#10631 = ( GEOMETRIC_REPRESENTATION_CONTEXT(2) 
PARAMETRIC_REPRESENTATION_CONTEXT() REPRESENTATION_CONTEXT('2D SPACE',''
  ) );
#10632 = ORIENTED_EDGE('',*,*,#458,.T.);
#10633 = ORIENTED_EDGE('',*,*,#10612,.T.);
#10634 = ADVANCED_FACE('',(#10635),#506,.F.);
#10635 = FACE_BOUND('',#10636,.F.);
#10636 = EDGE_LOOP('',(#10637,#10638,#10659,#10660));
#10637 = ORIENTED_EDGE('',*,*,#6008,.F.);
#10638 = ORIENTED_EDGE('',*,*,#10639,.F.);
#10639 = EDGE_CURVE('',#490,#6009,#10640,.T.);
#10640 = SEAM_CURVE('',#10641,(#10645,#10652),.PCURVE_S1.);
#10641 = LINE('',#10642,#10643);
#10642 = CARTESIAN_POINT('',(-101.6,-332.74,243.84));
#10643 = VECTOR('',#10644,1.);
#10644 = DIRECTION('',(0.,1.,0.));
#10645 = PCURVE('',#506,#10646);
#10646 = DEFINITIONAL_REPRESENTATION('',(#10647),#10651);
#10647 = LINE('',#10648,#10649);
#10648 = CARTESIAN_POINT('',(6.28318530718,-0.));
#10649 = VECTOR('',#10650,1.);
#10650 = DIRECTION('',(0.,1.));
#10651 = ( GEOMETRIC_REPRESENTATION_CONTEXT(2) 
PARAMETRIC_REPRESENTATION_CONTEXT() REPRESENTATION_CONTEXT('2D SPACE',''
  ) );
#10652 = PCURVE('',#506,#10653);
#10653 = DEFINITIONAL_REPRESENTATION('',(#10654),#10658);
#10654 = LINE('',#10655,#10656);
#10655 = CARTESIAN_POINT('',(0.,-0.));
#10656 = VECTOR('',#10657,1.);
#10657 = DIRECTION('',(0.,1.));
#10658 = ( GEOMETRIC_REPRESENTATION_CONTEXT(2) 
PARAMETRIC_REPRESENTATION_CONTEXT() REPRESENTATION_CONTEXT('2D SPACE',''
  ) );
#10659 = ORIENTED_EDGE('',*,*,#489,.T.);
#10660 = ORIENTED_EDGE('',*,*,#10639,.T.);
#10661 = ADVANCED_FACE('',(#10662),#537,.F.);
#10662 = FACE_BOUND('',#10663,.F.);
#10663 = EDGE_LOOP('',(#10664,#10665,#10686,#10687));
#10664 = ORIENTED_EDGE('',*,*,#6034,.F.);
#10665 = ORIENTED_EDGE('',*,*,#10666,.F.);
#10666 = EDGE_CURVE('',#521,#6035,#10667,.T.);
#10667 = SEAM_CURVE('',#10668,(#10672,#10679),.PCURVE_S1.);
#10668 = LINE('',#10669,#10670);
#10669 = CARTESIAN_POINT('',(-101.6,-332.74,256.54));
#10670 = VECTOR('',#10671,1.);
#10671 = DIRECTION('',(0.,1.,0.));
#10672 = PCURVE('',#537,#10673);
#10673 = DEFINITIONAL_REPRESENTATION('',(#10674),#10678);
#10674 = LINE('',#10675,#10676);
#10675 = CARTESIAN_POINT('',(6.28318530718,-0.));
#10676 = VECTOR('',#10677,1.);
#10677 = DIRECTION('',(0.,1.));
#10678 = ( GEOMETRIC_REPRESENTATION_CONTEXT(2) 
PARAMETRIC_REPRESENTATION_CONTEXT() REPRESENTATION_CONTEXT('2D SPACE',''
  ) );
#10679 = PCURVE('',#537,#10680);
#10680 = DEFINITIONAL_REPRESENTATION('',(#10681),#10685);
#10681 = LINE('',#10682,#10683);
#10682 = CARTESIAN_POINT('',(0.,-0.));
#10683 = VECTOR('',#10684,1.);
#10684 = DIRECTION('',(0.,1.));
#10685 = ( GEOMETRIC_REPRESENTATION_CONTEXT(2) 
PARAMETRIC_REPRESENTATION_CONTEXT() REPRESENTATION_CONTEXT('2D SPACE',''
  ) );
#10686 = ORIENTED_EDGE('',*,*,#520,.T.);
#10687 = ORIENTED_EDGE('',*,*,#10666,.T.);
#10688 = ADVANCED_FACE('',(#10689),#568,.F.);
#10689 = FACE_BOUND('',#10690,.F.);
#10690 = EDGE_LOOP('',(#10691,#10692,#10713,#10714));
#10691 = ORIENTED_EDGE('',*,*,#6060,.F.);
#10692 = ORIENTED_EDGE('',*,*,#10693,.F.);
#10693 = EDGE_CURVE('',#552,#6061,#10694,.T.);
#10694 = SEAM_CURVE('',#10695,(#10699,#10706),.PCURVE_S1.);
#10695 = LINE('',#10696,#10697);
#10696 = CARTESIAN_POINT('',(-101.6,-332.74,269.24));
#10697 = VECTOR('',#10698,1.);
#10698 = DIRECTION('',(0.,1.,0.));
#10699 = PCURVE('',#568,#10700);
#10700 = DEFINITIONAL_REPRESENTATION('',(#10701),#10705);
#10701 = LINE('',#10702,#10703);
#10702 = CARTESIAN_POINT('',(6.28318530718,-0.));
#10703 = VECTOR('',#10704,1.);
#10704 = DIRECTION('',(0.,1.));
#10705 = ( GEOMETRIC_REPRESENTATION_CONTEXT(2) 
PARAMETRIC_REPRESENTATION_CONTEXT() REPRESENTATION_CONTEXT('2D SPACE',''
  ) );
#10706 = PCURVE('',#568,#10707);
#10707 = DEFINITIONAL_REPRESENTATION('',(#10708),#10712);
#10708 = LINE('',#10709,#10710);
#10709 = CARTESIAN_POINT('',(0.,-0.));
#10710 = VECTOR('',#10711,1.);
#10711 = DIRECTION('',(0.,1.));
#10712 = ( GEOMETRIC_REPRESENTATION_CONTEXT(2) 
PARAMETRIC_REPRESENTATION_CONTEXT() REPRESENTATION_CONTEXT('2D SPACE',''
  ) );
#10713 = ORIENTED_EDGE('',*,*,#551,.T.);
#10714 = ORIENTED_EDGE('',*,*,#10693,.T.);
#10715 = ADVANCED_FACE('',(#10716),#599,.F.);
#10716 = FACE_BOUND('',#10717,.F.);
#10717 = EDGE_LOOP('',(#10718,#10719,#10740,#10741));
#10718 = ORIENTED_EDGE('',*,*,#6086,.F.);
#10719 = ORIENTED_EDGE('',*,*,#10720,.F.);
#10720 = EDGE_CURVE('',#583,#6087,#10721,.T.);
#10721 = SEAM_CURVE('',#10722,(#10726,#10733),.PCURVE_S1.);
#10722 = LINE('',#10723,#10724);
#10723 = CARTESIAN_POINT('',(-73.66,-332.74,213.3727));
#10724 = VECTOR('',#10725,1.);
#10725 = DIRECTION('',(0.,1.,0.));
#10726 = PCURVE('',#599,#10727);
#10727 = DEFINITIONAL_REPRESENTATION('',(#10728),#10732);
#10728 = LINE('',#10729,#10730);
#10729 = CARTESIAN_POINT('',(6.28318530718,-0.));
#10730 = VECTOR('',#10731,1.);
#10731 = DIRECTION('',(0.,1.));
#10732 = ( GEOMETRIC_REPRESENTATION_CONTEXT(2) 
PARAMETRIC_REPRESENTATION_CONTEXT() REPRESENTATION_CONTEXT('2D SPACE',''
  ) );
#10733 = PCURVE('',#599,#10734);
#10734 = DEFINITIONAL_REPRESENTATION('',(#10735),#10739);
#10735 = LINE('',#10736,#10737);
#10736 = CARTESIAN_POINT('',(0.,-0.));
#10737 = VECTOR('',#10738,1.);
#10738 = DIRECTION('',(0.,1.));
#10739 = ( GEOMETRIC_REPRESENTATION_CONTEXT(2) 
PARAMETRIC_REPRESENTATION_CONTEXT() REPRESENTATION_CONTEXT('2D SPACE',''
  ) );
#10740 = ORIENTED_EDGE('',*,*,#582,.T.);
#10741 = ORIENTED_EDGE('',*,*,#10720,.T.);
#10742 = ADVANCED_FACE('',(#10743),#630,.F.);
#10743 = FACE_BOUND('',#10744,.F.);
#10744 = EDGE_LOOP('',(#10745,#10746,#10767,#10768));
#10745 = ORIENTED_EDGE('',*,*,#6112,.F.);
#10746 = ORIENTED_EDGE('',*,*,#10747,.F.);
#10747 = EDGE_CURVE('',#614,#6113,#10748,.T.);
#10748 = SEAM_CURVE('',#10749,(#10753,#10760),.PCURVE_S1.);
#10749 = LINE('',#10750,#10751);
#10750 = CARTESIAN_POINT('',(-53.34,-332.74,213.3727));
#10751 = VECTOR('',#10752,1.);
#10752 = DIRECTION('',(0.,1.,0.));
#10753 = PCURVE('',#630,#10754);
#10754 = DEFINITIONAL_REPRESENTATION('',(#10755),#10759);
#10755 = LINE('',#10756,#10757);
#10756 = CARTESIAN_POINT('',(6.28318530718,-0.));
#10757 = VECTOR('',#10758,1.);
#10758 = DIRECTION('',(0.,1.));
#10759 = ( GEOMETRIC_REPRESENTATION_CONTEXT(2) 
PARAMETRIC_REPRESENTATION_CONTEXT() REPRESENTATION_CONTEXT('2D SPACE',''
  ) );
#10760 = PCURVE('',#630,#10761);
#10761 = DEFINITIONAL_REPRESENTATION('',(#10762),#10766);
#10762 = LINE('',#10763,#10764);
#10763 = CARTESIAN_POINT('',(0.,-0.));
#10764 = VECTOR('',#10765,1.);
#10765 = DIRECTION('',(0.,1.));
#10766 = ( GEOMETRIC_REPRESENTATION_CONTEXT(2) 
PARAMETRIC_REPRESENTATION_CONTEXT() REPRESENTATION_CONTEXT('2D SPACE',''
  ) );
#10767 = ORIENTED_EDGE('',*,*,#613,.T.);
#10768 = ORIENTED_EDGE('',*,*,#10747,.T.);
#10769 = ADVANCED_FACE('',(#10770),#661,.F.);
#10770 = FACE_BOUND('',#10771,.F.);
#10771 = EDGE_LOOP('',(#10772,#10773,#10794,#10795));
#10772 = ORIENTED_EDGE('',*,*,#6138,.F.);
#10773 = ORIENTED_EDGE('',*,*,#10774,.F.);
#10774 = EDGE_CURVE('',#645,#6139,#10775,.T.);
#10775 = SEAM_CURVE('',#10776,(#10780,#10787),.PCURVE_S1.);
#10776 = LINE('',#10777,#10778);
#10777 = CARTESIAN_POINT('',(-88.9,-332.74,231.14));
#10778 = VECTOR('',#10779,1.);
#10779 = DIRECTION('',(0.,1.,0.));
#10780 = PCURVE('',#661,#10781);
#10781 = DEFINITIONAL_REPRESENTATION('',(#10782),#10786);
#10782 = LINE('',#10783,#10784);
#10783 = CARTESIAN_POINT('',(6.28318530718,-0.));
#10784 = VECTOR('',#10785,1.);
#10785 = DIRECTION('',(0.,1.));
#10786 = ( GEOMETRIC_REPRESENTATION_CONTEXT(2) 
PARAMETRIC_REPRESENTATION_CONTEXT() REPRESENTATION_CONTEXT('2D SPACE',''
  ) );
#10787 = PCURVE('',#661,#10788);
#10788 = DEFINITIONAL_REPRESENTATION('',(#10789),#10793);
#10789 = LINE('',#10790,#10791);
#10790 = CARTESIAN_POINT('',(0.,-0.));
#10791 = VECTOR('',#10792,1.);
#10792 = DIRECTION('',(0.,1.));
#10793 = ( GEOMETRIC_REPRESENTATION_CONTEXT(2) 
PARAMETRIC_REPRESENTATION_CONTEXT() REPRESENTATION_CONTEXT('2D SPACE',''
  ) );
#10794 = ORIENTED_EDGE('',*,*,#644,.T.);
#10795 = ORIENTED_EDGE('',*,*,#10774,.T.);
#10796 = ADVANCED_FACE('',(#10797),#692,.F.);
#10797 = FACE_BOUND('',#10798,.F.);
#10798 = EDGE_LOOP('',(#10799,#10800,#10821,#10822));
#10799 = ORIENTED_EDGE('',*,*,#6164,.F.);
#10800 = ORIENTED_EDGE('',*,*,#10801,.F.);
#10801 = EDGE_CURVE('',#676,#6165,#10802,.T.);
#10802 = SEAM_CURVE('',#10803,(#10807,#10814),.PCURVE_S1.);
#10803 = LINE('',#10804,#10805);
#10804 = CARTESIAN_POINT('',(-76.2,-332.74,231.14));
#10805 = VECTOR('',#10806,1.);
#10806 = DIRECTION('',(0.,1.,0.));
#10807 = PCURVE('',#692,#10808);
#10808 = DEFINITIONAL_REPRESENTATION('',(#10809),#10813);
#10809 = LINE('',#10810,#10811);
#10810 = CARTESIAN_POINT('',(6.28318530718,-0.));
#10811 = VECTOR('',#10812,1.);
#10812 = DIRECTION('',(0.,1.));
#10813 = ( GEOMETRIC_REPRESENTATION_CONTEXT(2) 
PARAMETRIC_REPRESENTATION_CONTEXT() REPRESENTATION_CONTEXT('2D SPACE',''
  ) );
#10814 = PCURVE('',#692,#10815);
#10815 = DEFINITIONAL_REPRESENTATION('',(#10816),#10820);
#10816 = LINE('',#10817,#10818);
#10817 = CARTESIAN_POINT('',(0.,-0.));
#10818 = VECTOR('',#10819,1.);
#10819 = DIRECTION('',(0.,1.));
#10820 = ( GEOMETRIC_REPRESENTATION_CONTEXT(2) 
PARAMETRIC_REPRESENTATION_CONTEXT() REPRESENTATION_CONTEXT('2D SPACE',''
  ) );
#10821 = ORIENTED_EDGE('',*,*,#675,.T.);
#10822 = ORIENTED_EDGE('',*,*,#10801,.T.);
#10823 = ADVANCED_FACE('',(#10824),#723,.F.);
#10824 = FACE_BOUND('',#10825,.F.);
#10825 = EDGE_LOOP('',(#10826,#10827,#10848,#10849));
#10826 = ORIENTED_EDGE('',*,*,#6190,.F.);
#10827 = ORIENTED_EDGE('',*,*,#10828,.F.);
#10828 = EDGE_CURVE('',#707,#6191,#10829,.T.);
#10829 = SEAM_CURVE('',#10830,(#10834,#10841),.PCURVE_S1.);
#10830 = LINE('',#10831,#10832);
#10831 = CARTESIAN_POINT('',(-63.5,-332.74,231.14));
#10832 = VECTOR('',#10833,1.);
#10833 = DIRECTION('',(0.,1.,0.));
#10834 = PCURVE('',#723,#10835);
#10835 = DEFINITIONAL_REPRESENTATION('',(#10836),#10840);
#10836 = LINE('',#10837,#10838);
#10837 = CARTESIAN_POINT('',(6.28318530718,-0.));
#10838 = VECTOR('',#10839,1.);
#10839 = DIRECTION('',(0.,1.));
#10840 = ( GEOMETRIC_REPRESENTATION_CONTEXT(2) 
PARAMETRIC_REPRESENTATION_CONTEXT() REPRESENTATION_CONTEXT('2D SPACE',''
  ) );
#10841 = PCURVE('',#723,#10842);
#10842 = DEFINITIONAL_REPRESENTATION('',(#10843),#10847);
#10843 = LINE('',#10844,#10845);
#10844 = CARTESIAN_POINT('',(0.,-0.));
#10845 = VECTOR('',#10846,1.);
#10846 = DIRECTION('',(0.,1.));
#10847 = ( GEOMETRIC_REPRESENTATION_CONTEXT(2) 
PARAMETRIC_REPRESENTATION_CONTEXT() REPRESENTATION_CONTEXT('2D SPACE',''
  ) );
#10848 = ORIENTED_EDGE('',*,*,#706,.T.);
#10849 = ORIENTED_EDGE('',*,*,#10828,.T.);
#10850 = ADVANCED_FACE('',(#10851),#754,.F.);
#10851 = FACE_BOUND('',#10852,.F.);
#10852 = EDGE_LOOP('',(#10853,#10854,#10875,#10876));
#10853 = ORIENTED_EDGE('',*,*,#6216,.F.);
#10854 = ORIENTED_EDGE('',*,*,#10855,.F.);
#10855 = EDGE_CURVE('',#738,#6217,#10856,.T.);
#10856 = SEAM_CURVE('',#10857,(#10861,#10868),.PCURVE_S1.);
#10857 = LINE('',#10858,#10859);
#10858 = CARTESIAN_POINT('',(-50.8,-332.74,231.14));
#10859 = VECTOR('',#10860,1.);
#10860 = DIRECTION('',(0.,1.,0.));
#10861 = PCURVE('',#754,#10862);
#10862 = DEFINITIONAL_REPRESENTATION('',(#10863),#10867);
#10863 = LINE('',#10864,#10865);
#10864 = CARTESIAN_POINT('',(6.28318530718,-0.));
#10865 = VECTOR('',#10866,1.);
#10866 = DIRECTION('',(0.,1.));
#10867 = ( GEOMETRIC_REPRESENTATION_CONTEXT(2) 
PARAMETRIC_REPRESENTATION_CONTEXT() REPRESENTATION_CONTEXT('2D SPACE',''
  ) );
#10868 = PCURVE('',#754,#10869);
#10869 = DEFINITIONAL_REPRESENTATION('',(#10870),#10874);
#10870 = LINE('',#10871,#10872);
#10871 = CARTESIAN_POINT('',(0.,-0.));
#10872 = VECTOR('',#10873,1.);
#10873 = DIRECTION('',(0.,1.));
#10874 = ( GEOMETRIC_REPRESENTATION_CONTEXT(2) 
PARAMETRIC_REPRESENTATION_CONTEXT() REPRESENTATION_CONTEXT('2D SPACE',''
  ) );
#10875 = ORIENTED_EDGE('',*,*,#737,.T.);
#10876 = ORIENTED_EDGE('',*,*,#10855,.T.);
#10877 = ADVANCED_FACE('',(#10878),#785,.F.);
#10878 = FACE_BOUND('',#10879,.F.);
#10879 = EDGE_LOOP('',(#10880,#10881,#10902,#10903));
#10880 = ORIENTED_EDGE('',*,*,#6242,.F.);
#10881 = ORIENTED_EDGE('',*,*,#10882,.F.);
#10882 = EDGE_CURVE('',#769,#6243,#10883,.T.);
#10883 = SEAM_CURVE('',#10884,(#10888,#10895),.PCURVE_S1.);
#10884 = LINE('',#10885,#10886);
#10885 = CARTESIAN_POINT('',(-38.1,-332.74,231.14));
#10886 = VECTOR('',#10887,1.);
#10887 = DIRECTION('',(0.,1.,0.));
#10888 = PCURVE('',#785,#10889);
#10889 = DEFINITIONAL_REPRESENTATION('',(#10890),#10894);
#10890 = LINE('',#10891,#10892);
#10891 = CARTESIAN_POINT('',(6.28318530718,-0.));
#10892 = VECTOR('',#10893,1.);
#10893 = DIRECTION('',(0.,1.));
#10894 = ( GEOMETRIC_REPRESENTATION_CONTEXT(2) 
PARAMETRIC_REPRESENTATION_CONTEXT() REPRESENTATION_CONTEXT('2D SPACE',''
  ) );
#10895 = PCURVE('',#785,#10896);
#10896 = DEFINITIONAL_REPRESENTATION('',(#10897),#10901);
#10897 = LINE('',#10898,#10899);
#10898 = CARTESIAN_POINT('',(0.,-0.));
#10899 = VECTOR('',#10900,1.);
#10900 = DIRECTION('',(0.,1.));
#10901 = ( GEOMETRIC_REPRESENTATION_CONTEXT(2) 
PARAMETRIC_REPRESENTATION_CONTEXT() REPRESENTATION_CONTEXT('2D SPACE',''
  ) );
#10902 = ORIENTED_EDGE('',*,*,#768,.T.);
#10903 = ORIENTED_EDGE('',*,*,#10882,.T.);
#10904 = ADVANCED_FACE('',(#10905),#816,.F.);
#10905 = FACE_BOUND('',#10906,.F.);
#10906 = EDGE_LOOP('',(#10907,#10928,#10929,#10950));
#10907 = ORIENTED_EDGE('',*,*,#10908,.F.);
#10908 = EDGE_CURVE('',#800,#6269,#10909,.T.);
#10909 = SURFACE_CURVE('',#10910,(#10914,#10921),.PCURVE_S1.);
#10910 = LINE('',#10911,#10912);
#10911 = CARTESIAN_POINT('',(-25.4,-332.74,223.52));
#10912 = VECTOR('',#10913,1.);
#10913 = DIRECTION('',(-0.,1.,0.));
#10914 = PCURVE('',#816,#10915);
#10915 = DEFINITIONAL_REPRESENTATION('',(#10916),#10920);
#10916 = LINE('',#10917,#10918);
#10917 = CARTESIAN_POINT('',(0.,0.));
#10918 = VECTOR('',#10919,1.);
#10919 = DIRECTION('',(0.,1.));
#10920 = ( GEOMETRIC_REPRESENTATION_CONTEXT(2) 
PARAMETRIC_REPRESENTATION_CONTEXT() REPRESENTATION_CONTEXT('2D SPACE',''
  ) );
#10921 = PCURVE('',#842,#10922);
#10922 = DEFINITIONAL_REPRESENTATION('',(#10923),#10927);
#10923 = LINE('',#10924,#10925);
#10924 = CARTESIAN_POINT('',(12.7,0.));
#10925 = VECTOR('',#10926,1.);
#10926 = DIRECTION('',(0.,-1.));
#10927 = ( GEOMETRIC_REPRESENTATION_CONTEXT(2) 
PARAMETRIC_REPRESENTATION_CONTEXT() REPRESENTATION_CONTEXT('2D SPACE',''
  ) );
#10928 = ORIENTED_EDGE('',*,*,#799,.T.);
#10929 = ORIENTED_EDGE('',*,*,#10930,.T.);
#10930 = EDGE_CURVE('',#802,#6271,#10931,.T.);
#10931 = SURFACE_CURVE('',#10932,(#10936,#10943),.PCURVE_S1.);
#10932 = LINE('',#10933,#10934);
#10933 = CARTESIAN_POINT('',(25.4,-332.74,223.52));
#10934 = VECTOR('',#10935,1.);
#10935 = DIRECTION('',(-0.,1.,0.));
#10936 = PCURVE('',#816,#10937);
#10937 = DEFINITIONAL_REPRESENTATION('',(#10938),#10942);
#10938 = LINE('',#10939,#10940);
#10939 = CARTESIAN_POINT('',(50.8,0.));
#10940 = VECTOR('',#10941,1.);
#10941 = DIRECTION('',(0.,1.));
#10942 = ( GEOMETRIC_REPRESENTATION_CONTEXT(2) 
PARAMETRIC_REPRESENTATION_CONTEXT() REPRESENTATION_CONTEXT('2D SPACE',''
  ) );
#10943 = PCURVE('',#892,#10944);
#10944 = DEFINITIONAL_REPRESENTATION('',(#10945),#10949);
#10945 = LINE('',#10946,#10947);
#10946 = CARTESIAN_POINT('',(12.7,0.));
#10947 = VECTOR('',#10948,1.);
#10948 = DIRECTION('',(0.,-1.));
#10949 = ( GEOMETRIC_REPRESENTATION_CONTEXT(2) 
PARAMETRIC_REPRESENTATION_CONTEXT() REPRESENTATION_CONTEXT('2D SPACE',''
  ) );
#10950 = ORIENTED_EDGE('',*,*,#6268,.F.);
#10951 = ADVANCED_FACE('',(#10952),#842,.T.);
#10952 = FACE_BOUND('',#10953,.T.);
#10953 = EDGE_LOOP('',(#10954,#10955,#10956,#10977));
#10954 = ORIENTED_EDGE('',*,*,#10908,.F.);
#10955 = ORIENTED_EDGE('',*,*,#827,.T.);
#10956 = ORIENTED_EDGE('',*,*,#10957,.T.);
#10957 = EDGE_CURVE('',#828,#6292,#10958,.T.);
#10958 = SURFACE_CURVE('',#10959,(#10963,#10970),.PCURVE_S1.);
#10959 = LINE('',#10960,#10961);
#10960 = CARTESIAN_POINT('',(-25.4,-332.74,210.82));
#10961 = VECTOR('',#10962,1.);
#10962 = DIRECTION('',(-0.,1.,0.));
#10963 = PCURVE('',#842,#10964);
#10964 = DEFINITIONAL_REPRESENTATION('',(#10965),#10969);
#10965 = LINE('',#10966,#10967);
#10966 = CARTESIAN_POINT('',(0.,0.));
#10967 = VECTOR('',#10968,1.);
#10968 = DIRECTION('',(0.,-1.));
#10969 = ( GEOMETRIC_REPRESENTATION_CONTEXT(2) 
PARAMETRIC_REPRESENTATION_CONTEXT() REPRESENTATION_CONTEXT('2D SPACE',''
  ) );
#10970 = PCURVE('',#868,#10971);
#10971 = DEFINITIONAL_REPRESENTATION('',(#10972),#10976);
#10972 = LINE('',#10973,#10974);
#10973 = CARTESIAN_POINT('',(0.,0.));
#10974 = VECTOR('',#10975,1.);
#10975 = DIRECTION('',(0.,1.));
#10976 = ( GEOMETRIC_REPRESENTATION_CONTEXT(2) 
PARAMETRIC_REPRESENTATION_CONTEXT() REPRESENTATION_CONTEXT('2D SPACE',''
  ) );
#10977 = ORIENTED_EDGE('',*,*,#6291,.F.);
#10978 = ADVANCED_FACE('',(#10979),#892,.F.);
#10979 = FACE_BOUND('',#10980,.F.);
#10980 = EDGE_LOOP('',(#10981,#10982,#10983,#11004));
#10981 = ORIENTED_EDGE('',*,*,#10930,.F.);
#10982 = ORIENTED_EDGE('',*,*,#879,.T.);
#10983 = ORIENTED_EDGE('',*,*,#10984,.T.);
#10984 = EDGE_CURVE('',#854,#6313,#10985,.T.);
#10985 = SURFACE_CURVE('',#10986,(#10990,#10997),.PCURVE_S1.);
#10986 = LINE('',#10987,#10988);
#10987 = CARTESIAN_POINT('',(25.4,-332.74,210.82));
#10988 = VECTOR('',#10989,1.);
#10989 = DIRECTION('',(-0.,1.,0.));
#10990 = PCURVE('',#892,#10991);
#10991 = DEFINITIONAL_REPRESENTATION('',(#10992),#10996);
#10992 = LINE('',#10993,#10994);
#10993 = CARTESIAN_POINT('',(0.,0.));
#10994 = VECTOR('',#10995,1.);
#10995 = DIRECTION('',(0.,-1.));
#10996 = ( GEOMETRIC_REPRESENTATION_CONTEXT(2) 
PARAMETRIC_REPRESENTATION_CONTEXT() REPRESENTATION_CONTEXT('2D SPACE',''
  ) );
#10997 = PCURVE('',#868,#10998);
#10998 = DEFINITIONAL_REPRESENTATION('',(#10999),#11003);
#10999 = LINE('',#11000,#11001);
#11000 = CARTESIAN_POINT('',(50.8,0.));
#11001 = VECTOR('',#11002,1.);
#11002 = DIRECTION('',(0.,1.));
#11003 = ( GEOMETRIC_REPRESENTATION_CONTEXT(2) 
PARAMETRIC_REPRESENTATION_CONTEXT() REPRESENTATION_CONTEXT('2D SPACE',''
  ) );
#11004 = ORIENTED_EDGE('',*,*,#6333,.F.);
#11005 = ADVANCED_FACE('',(#11006),#868,.T.);
#11006 = FACE_BOUND('',#11007,.T.);
#11007 = EDGE_LOOP('',(#11008,#11009,#11010,#11011));
#11008 = ORIENTED_EDGE('',*,*,#10957,.F.);
#11009 = ORIENTED_EDGE('',*,*,#853,.T.);
#11010 = ORIENTED_EDGE('',*,*,#10984,.T.);
#11011 = ORIENTED_EDGE('',*,*,#6312,.F.);
#11012 = ADVANCED_FACE('',(#11013),#922,.F.);
#11013 = FACE_BOUND('',#11014,.F.);
#11014 = EDGE_LOOP('',(#11015,#11016,#11037,#11038));
#11015 = ORIENTED_EDGE('',*,*,#6354,.F.);
#11016 = ORIENTED_EDGE('',*,*,#11017,.F.);
#11017 = EDGE_CURVE('',#906,#6355,#11018,.T.);
#11018 = SEAM_CURVE('',#11019,(#11023,#11030),.PCURVE_S1.);
#11019 = LINE('',#11020,#11021);
#11020 = CARTESIAN_POINT('',(-25.4,-332.74,231.14));
#11021 = VECTOR('',#11022,1.);
#11022 = DIRECTION('',(0.,1.,0.));
#11023 = PCURVE('',#922,#11024);
#11024 = DEFINITIONAL_REPRESENTATION('',(#11025),#11029);
#11025 = LINE('',#11026,#11027);
#11026 = CARTESIAN_POINT('',(6.28318530718,-0.));
#11027 = VECTOR('',#11028,1.);
#11028 = DIRECTION('',(0.,1.));
#11029 = ( GEOMETRIC_REPRESENTATION_CONTEXT(2) 
PARAMETRIC_REPRESENTATION_CONTEXT() REPRESENTATION_CONTEXT('2D SPACE',''
  ) );
#11030 = PCURVE('',#922,#11031);
#11031 = DEFINITIONAL_REPRESENTATION('',(#11032),#11036);
#11032 = LINE('',#11033,#11034);
#11033 = CARTESIAN_POINT('',(0.,-0.));
#11034 = VECTOR('',#11035,1.);
#11035 = DIRECTION('',(0.,1.));
#11036 = ( GEOMETRIC_REPRESENTATION_CONTEXT(2) 
PARAMETRIC_REPRESENTATION_CONTEXT() REPRESENTATION_CONTEXT('2D SPACE',''
  ) );
#11037 = ORIENTED_EDGE('',*,*,#905,.T.);
#11038 = ORIENTED_EDGE('',*,*,#11017,.T.);
#11039 = ADVANCED_FACE('',(#11040),#953,.F.);
#11040 = FACE_BOUND('',#11041,.F.);
#11041 = EDGE_LOOP('',(#11042,#11043,#11064,#11065));
#11042 = ORIENTED_EDGE('',*,*,#6380,.F.);
#11043 = ORIENTED_EDGE('',*,*,#11044,.F.);
#11044 = EDGE_CURVE('',#937,#6381,#11045,.T.);
#11045 = SEAM_CURVE('',#11046,(#11050,#11057),.PCURVE_S1.);
#11046 = LINE('',#11047,#11048);
#11047 = CARTESIAN_POINT('',(-12.7,-332.74,231.14));
#11048 = VECTOR('',#11049,1.);
#11049 = DIRECTION('',(0.,1.,0.));
#11050 = PCURVE('',#953,#11051);
#11051 = DEFINITIONAL_REPRESENTATION('',(#11052),#11056);
#11052 = LINE('',#11053,#11054);
#11053 = CARTESIAN_POINT('',(6.28318530718,-0.));
#11054 = VECTOR('',#11055,1.);
#11055 = DIRECTION('',(0.,1.));
#11056 = ( GEOMETRIC_REPRESENTATION_CONTEXT(2) 
PARAMETRIC_REPRESENTATION_CONTEXT() REPRESENTATION_CONTEXT('2D SPACE',''
  ) );
#11057 = PCURVE('',#953,#11058);
#11058 = DEFINITIONAL_REPRESENTATION('',(#11059),#11063);
#11059 = LINE('',#11060,#11061);
#11060 = CARTESIAN_POINT('',(0.,-0.));
#11061 = VECTOR('',#11062,1.);
#11062 = DIRECTION('',(0.,1.));
#11063 = ( GEOMETRIC_REPRESENTATION_CONTEXT(2) 
PARAMETRIC_REPRESENTATION_CONTEXT() REPRESENTATION_CONTEXT('2D SPACE',''
  ) );
#11064 = ORIENTED_EDGE('',*,*,#936,.T.);
#11065 = ORIENTED_EDGE('',*,*,#11044,.T.);
#11066 = ADVANCED_FACE('',(#11067),#984,.F.);
#11067 = FACE_BOUND('',#11068,.F.);
#11068 = EDGE_LOOP('',(#11069,#11070,#11091,#11092));
#11069 = ORIENTED_EDGE('',*,*,#6406,.F.);
#11070 = ORIENTED_EDGE('',*,*,#11071,.F.);
#11071 = EDGE_CURVE('',#968,#6407,#11072,.T.);
#11072 = SEAM_CURVE('',#11073,(#11077,#11084),.PCURVE_S1.);
#11073 = LINE('',#11074,#11075);
#11074 = CARTESIAN_POINT('',(-6.221205739669E-16,-332.74,231.14));
#11075 = VECTOR('',#11076,1.);
#11076 = DIRECTION('',(0.,1.,0.));
#11077 = PCURVE('',#984,#11078);
#11078 = DEFINITIONAL_REPRESENTATION('',(#11079),#11083);
#11079 = LINE('',#11080,#11081);
#11080 = CARTESIAN_POINT('',(6.28318530718,-0.));
#11081 = VECTOR('',#11082,1.);
#11082 = DIRECTION('',(0.,1.));
#11083 = ( GEOMETRIC_REPRESENTATION_CONTEXT(2) 
PARAMETRIC_REPRESENTATION_CONTEXT() REPRESENTATION_CONTEXT('2D SPACE',''
  ) );
#11084 = PCURVE('',#984,#11085);
#11085 = DEFINITIONAL_REPRESENTATION('',(#11086),#11090);
#11086 = LINE('',#11087,#11088);
#11087 = CARTESIAN_POINT('',(0.,-0.));
#11088 = VECTOR('',#11089,1.);
#11089 = DIRECTION('',(0.,1.));
#11090 = ( GEOMETRIC_REPRESENTATION_CONTEXT(2) 
PARAMETRIC_REPRESENTATION_CONTEXT() REPRESENTATION_CONTEXT('2D SPACE',''
  ) );
#11091 = ORIENTED_EDGE('',*,*,#967,.T.);
#11092 = ORIENTED_EDGE('',*,*,#11071,.T.);
#11093 = ADVANCED_FACE('',(#11094),#1015,.F.);
#11094 = FACE_BOUND('',#11095,.F.);
#11095 = EDGE_LOOP('',(#11096,#11097,#11118,#11119));
#11096 = ORIENTED_EDGE('',*,*,#6432,.F.);
#11097 = ORIENTED_EDGE('',*,*,#11098,.F.);
#11098 = EDGE_CURVE('',#999,#6433,#11099,.T.);
#11099 = SEAM_CURVE('',#11100,(#11104,#11111),.PCURVE_S1.);
#11100 = LINE('',#11101,#11102);
#11101 = CARTESIAN_POINT('',(12.7,-332.74,231.14));
#11102 = VECTOR('',#11103,1.);
#11103 = DIRECTION('',(0.,1.,0.));
#11104 = PCURVE('',#1015,#11105);
#11105 = DEFINITIONAL_REPRESENTATION('',(#11106),#11110);
#11106 = LINE('',#11107,#11108);
#11107 = CARTESIAN_POINT('',(6.28318530718,-0.));
#11108 = VECTOR('',#11109,1.);
#11109 = DIRECTION('',(0.,1.));
#11110 = ( GEOMETRIC_REPRESENTATION_CONTEXT(2) 
PARAMETRIC_REPRESENTATION_CONTEXT() REPRESENTATION_CONTEXT('2D SPACE',''
  ) );
#11111 = PCURVE('',#1015,#11112);
#11112 = DEFINITIONAL_REPRESENTATION('',(#11113),#11117);
#11113 = LINE('',#11114,#11115);
#11114 = CARTESIAN_POINT('',(0.,-0.));
#11115 = VECTOR('',#11116,1.);
#11116 = DIRECTION('',(0.,1.));
#11117 = ( GEOMETRIC_REPRESENTATION_CONTEXT(2) 
PARAMETRIC_REPRESENTATION_CONTEXT() REPRESENTATION_CONTEXT('2D SPACE',''
  ) );
#11118 = ORIENTED_EDGE('',*,*,#998,.T.);
#11119 = ORIENTED_EDGE('',*,*,#11098,.T.);
#11120 = ADVANCED_FACE('',(#11121),#1046,.F.);
#11121 = FACE_BOUND('',#11122,.F.);
#11122 = EDGE_LOOP('',(#11123,#11124,#11145,#11146));
#11123 = ORIENTED_EDGE('',*,*,#6458,.F.);
#11124 = ORIENTED_EDGE('',*,*,#11125,.F.);
#11125 = EDGE_CURVE('',#1030,#6459,#11126,.T.);
#11126 = SEAM_CURVE('',#11127,(#11131,#11138),.PCURVE_S1.);
#11127 = LINE('',#11128,#11129);
#11128 = CARTESIAN_POINT('',(25.4,-332.74,231.14));
#11129 = VECTOR('',#11130,1.);
#11130 = DIRECTION('',(0.,1.,0.));
#11131 = PCURVE('',#1046,#11132);
#11132 = DEFINITIONAL_REPRESENTATION('',(#11133),#11137);
#11133 = LINE('',#11134,#11135);
#11134 = CARTESIAN_POINT('',(6.28318530718,-0.));
#11135 = VECTOR('',#11136,1.);
#11136 = DIRECTION('',(0.,1.));
#11137 = ( GEOMETRIC_REPRESENTATION_CONTEXT(2) 
PARAMETRIC_REPRESENTATION_CONTEXT() REPRESENTATION_CONTEXT('2D SPACE',''
  ) );
#11138 = PCURVE('',#1046,#11139);
#11139 = DEFINITIONAL_REPRESENTATION('',(#11140),#11144);
#11140 = LINE('',#11141,#11142);
#11141 = CARTESIAN_POINT('',(0.,-0.));
#11142 = VECTOR('',#11143,1.);
#11143 = DIRECTION('',(0.,1.));
#11144 = ( GEOMETRIC_REPRESENTATION_CONTEXT(2) 
PARAMETRIC_REPRESENTATION_CONTEXT() REPRESENTATION_CONTEXT('2D SPACE',''
  ) );
#11145 = ORIENTED_EDGE('',*,*,#1029,.T.);
#11146 = ORIENTED_EDGE('',*,*,#11125,.T.);
#11147 = ADVANCED_FACE('',(#11148),#1077,.F.);
#11148 = FACE_BOUND('',#11149,.F.);
#11149 = EDGE_LOOP('',(#11150,#11151,#11172,#11173));
#11150 = ORIENTED_EDGE('',*,*,#6484,.F.);
#11151 = ORIENTED_EDGE('',*,*,#11152,.F.);
#11152 = EDGE_CURVE('',#1061,#6485,#11153,.T.);
#11153 = SEAM_CURVE('',#11154,(#11158,#11165),.PCURVE_S1.);
#11154 = LINE('',#11155,#11156);
#11155 = CARTESIAN_POINT('',(-88.9,-332.74,243.84));
#11156 = VECTOR('',#11157,1.);
#11157 = DIRECTION('',(0.,1.,0.));
#11158 = PCURVE('',#1077,#11159);
#11159 = DEFINITIONAL_REPRESENTATION('',(#11160),#11164);
#11160 = LINE('',#11161,#11162);
#11161 = CARTESIAN_POINT('',(6.28318530718,-0.));
#11162 = VECTOR('',#11163,1.);
#11163 = DIRECTION('',(0.,1.));
#11164 = ( GEOMETRIC_REPRESENTATION_CONTEXT(2) 
PARAMETRIC_REPRESENTATION_CONTEXT() REPRESENTATION_CONTEXT('2D SPACE',''
  ) );
#11165 = PCURVE('',#1077,#11166);
#11166 = DEFINITIONAL_REPRESENTATION('',(#11167),#11171);
#11167 = LINE('',#11168,#11169);
#11168 = CARTESIAN_POINT('',(0.,-0.));
#11169 = VECTOR('',#11170,1.);
#11170 = DIRECTION('',(0.,1.));
#11171 = ( GEOMETRIC_REPRESENTATION_CONTEXT(2) 
PARAMETRIC_REPRESENTATION_CONTEXT() REPRESENTATION_CONTEXT('2D SPACE',''
  ) );
#11172 = ORIENTED_EDGE('',*,*,#1060,.T.);
#11173 = ORIENTED_EDGE('',*,*,#11152,.T.);
#11174 = ADVANCED_FACE('',(#11175),#1108,.F.);
#11175 = FACE_BOUND('',#11176,.F.);
#11176 = EDGE_LOOP('',(#11177,#11178,#11199,#11200));
#11177 = ORIENTED_EDGE('',*,*,#6510,.F.);
#11178 = ORIENTED_EDGE('',*,*,#11179,.F.);
#11179 = EDGE_CURVE('',#1092,#6511,#11180,.T.);
#11180 = SEAM_CURVE('',#11181,(#11185,#11192),.PCURVE_S1.);
#11181 = LINE('',#11182,#11183);
#11182 = CARTESIAN_POINT('',(-76.2,-332.74,243.84));
#11183 = VECTOR('',#11184,1.);
#11184 = DIRECTION('',(0.,1.,0.));
#11185 = PCURVE('',#1108,#11186);
#11186 = DEFINITIONAL_REPRESENTATION('',(#11187),#11191);
#11187 = LINE('',#11188,#11189);
#11188 = CARTESIAN_POINT('',(6.28318530718,-0.));
#11189 = VECTOR('',#11190,1.);
#11190 = DIRECTION('',(0.,1.));
#11191 = ( GEOMETRIC_REPRESENTATION_CONTEXT(2) 
PARAMETRIC_REPRESENTATION_CONTEXT() REPRESENTATION_CONTEXT('2D SPACE',''
  ) );
#11192 = PCURVE('',#1108,#11193);
#11193 = DEFINITIONAL_REPRESENTATION('',(#11194),#11198);
#11194 = LINE('',#11195,#11196);
#11195 = CARTESIAN_POINT('',(0.,-0.));
#11196 = VECTOR('',#11197,1.);
#11197 = DIRECTION('',(0.,1.));
#11198 = ( GEOMETRIC_REPRESENTATION_CONTEXT(2) 
PARAMETRIC_REPRESENTATION_CONTEXT() REPRESENTATION_CONTEXT('2D SPACE',''
  ) );
#11199 = ORIENTED_EDGE('',*,*,#1091,.T.);
#11200 = ORIENTED_EDGE('',*,*,#11179,.T.);
#11201 = ADVANCED_FACE('',(#11202),#1139,.F.);
#11202 = FACE_BOUND('',#11203,.F.);
#11203 = EDGE_LOOP('',(#11204,#11205,#11226,#11227));
#11204 = ORIENTED_EDGE('',*,*,#6536,.F.);
#11205 = ORIENTED_EDGE('',*,*,#11206,.F.);
#11206 = EDGE_CURVE('',#1123,#6537,#11207,.T.);
#11207 = SEAM_CURVE('',#11208,(#11212,#11219),.PCURVE_S1.);
#11208 = LINE('',#11209,#11210);
#11209 = CARTESIAN_POINT('',(-88.9,-332.74,256.54));
#11210 = VECTOR('',#11211,1.);
#11211 = DIRECTION('',(0.,1.,0.));
#11212 = PCURVE('',#1139,#11213);
#11213 = DEFINITIONAL_REPRESENTATION('',(#11214),#11218);
#11214 = LINE('',#11215,#11216);
#11215 = CARTESIAN_POINT('',(6.28318530718,-0.));
#11216 = VECTOR('',#11217,1.);
#11217 = DIRECTION('',(0.,1.));
#11218 = ( GEOMETRIC_REPRESENTATION_CONTEXT(2) 
PARAMETRIC_REPRESENTATION_CONTEXT() REPRESENTATION_CONTEXT('2D SPACE',''
  ) );
#11219 = PCURVE('',#1139,#11220);
#11220 = DEFINITIONAL_REPRESENTATION('',(#11221),#11225);
#11221 = LINE('',#11222,#11223);
#11222 = CARTESIAN_POINT('',(0.,-0.));
#11223 = VECTOR('',#11224,1.);
#11224 = DIRECTION('',(0.,1.));
#11225 = ( GEOMETRIC_REPRESENTATION_CONTEXT(2) 
PARAMETRIC_REPRESENTATION_CONTEXT() REPRESENTATION_CONTEXT('2D SPACE',''
  ) );
#11226 = ORIENTED_EDGE('',*,*,#1122,.T.);
#11227 = ORIENTED_EDGE('',*,*,#11206,.T.);
#11228 = ADVANCED_FACE('',(#11229),#1170,.F.);
#11229 = FACE_BOUND('',#11230,.F.);
#11230 = EDGE_LOOP('',(#11231,#11232,#11253,#11254));
#11231 = ORIENTED_EDGE('',*,*,#6562,.F.);
#11232 = ORIENTED_EDGE('',*,*,#11233,.F.);
#11233 = EDGE_CURVE('',#1154,#6563,#11234,.T.);
#11234 = SEAM_CURVE('',#11235,(#11239,#11246),.PCURVE_S1.);
#11235 = LINE('',#11236,#11237);
#11236 = CARTESIAN_POINT('',(-76.2,-332.74,256.54));
#11237 = VECTOR('',#11238,1.);
#11238 = DIRECTION('',(0.,1.,0.));
#11239 = PCURVE('',#1170,#11240);
#11240 = DEFINITIONAL_REPRESENTATION('',(#11241),#11245);
#11241 = LINE('',#11242,#11243);
#11242 = CARTESIAN_POINT('',(6.28318530718,-0.));
#11243 = VECTOR('',#11244,1.);
#11244 = DIRECTION('',(0.,1.));
#11245 = ( GEOMETRIC_REPRESENTATION_CONTEXT(2) 
PARAMETRIC_REPRESENTATION_CONTEXT() REPRESENTATION_CONTEXT('2D SPACE',''
  ) );
#11246 = PCURVE('',#1170,#11247);
#11247 = DEFINITIONAL_REPRESENTATION('',(#11248),#11252);
#11248 = LINE('',#11249,#11250);
#11249 = CARTESIAN_POINT('',(0.,-0.));
#11250 = VECTOR('',#11251,1.);
#11251 = DIRECTION('',(0.,1.));
#11252 = ( GEOMETRIC_REPRESENTATION_CONTEXT(2) 
PARAMETRIC_REPRESENTATION_CONTEXT() REPRESENTATION_CONTEXT('2D SPACE',''
  ) );
#11253 = ORIENTED_EDGE('',*,*,#1153,.T.);
#11254 = ORIENTED_EDGE('',*,*,#11233,.T.);
#11255 = ADVANCED_FACE('',(#11256),#1201,.F.);
#11256 = FACE_BOUND('',#11257,.F.);
#11257 = EDGE_LOOP('',(#11258,#11259,#11280,#11281));
#11258 = ORIENTED_EDGE('',*,*,#6588,.F.);
#11259 = ORIENTED_EDGE('',*,*,#11260,.F.);
#11260 = EDGE_CURVE('',#1185,#6589,#11261,.T.);
#11261 = SEAM_CURVE('',#11262,(#11266,#11273),.PCURVE_S1.);
#11262 = LINE('',#11263,#11264);
#11263 = CARTESIAN_POINT('',(-63.5,-332.74,243.84));
#11264 = VECTOR('',#11265,1.);
#11265 = DIRECTION('',(0.,1.,0.));
#11266 = PCURVE('',#1201,#11267);
#11267 = DEFINITIONAL_REPRESENTATION('',(#11268),#11272);
#11268 = LINE('',#11269,#11270);
#11269 = CARTESIAN_POINT('',(6.28318530718,-0.));
#11270 = VECTOR('',#11271,1.);
#11271 = DIRECTION('',(0.,1.));
#11272 = ( GEOMETRIC_REPRESENTATION_CONTEXT(2) 
PARAMETRIC_REPRESENTATION_CONTEXT() REPRESENTATION_CONTEXT('2D SPACE',''
  ) );
#11273 = PCURVE('',#1201,#11274);
#11274 = DEFINITIONAL_REPRESENTATION('',(#11275),#11279);
#11275 = LINE('',#11276,#11277);
#11276 = CARTESIAN_POINT('',(0.,-0.));
#11277 = VECTOR('',#11278,1.);
#11278 = DIRECTION('',(0.,1.));
#11279 = ( GEOMETRIC_REPRESENTATION_CONTEXT(2) 
PARAMETRIC_REPRESENTATION_CONTEXT() REPRESENTATION_CONTEXT('2D SPACE',''
  ) );
#11280 = ORIENTED_EDGE('',*,*,#1184,.T.);
#11281 = ORIENTED_EDGE('',*,*,#11260,.T.);
#11282 = ADVANCED_FACE('',(#11283),#1232,.F.);
#11283 = FACE_BOUND('',#11284,.F.);
#11284 = EDGE_LOOP('',(#11285,#11286,#11307,#11308));
#11285 = ORIENTED_EDGE('',*,*,#6614,.F.);
#11286 = ORIENTED_EDGE('',*,*,#11287,.F.);
#11287 = EDGE_CURVE('',#1216,#6615,#11288,.T.);
#11288 = SEAM_CURVE('',#11289,(#11293,#11300),.PCURVE_S1.);
#11289 = LINE('',#11290,#11291);
#11290 = CARTESIAN_POINT('',(-50.8,-332.74,243.84));
#11291 = VECTOR('',#11292,1.);
#11292 = DIRECTION('',(0.,1.,0.));
#11293 = PCURVE('',#1232,#11294);
#11294 = DEFINITIONAL_REPRESENTATION('',(#11295),#11299);
#11295 = LINE('',#11296,#11297);
#11296 = CARTESIAN_POINT('',(6.28318530718,-0.));
#11297 = VECTOR('',#11298,1.);
#11298 = DIRECTION('',(0.,1.));
#11299 = ( GEOMETRIC_REPRESENTATION_CONTEXT(2) 
PARAMETRIC_REPRESENTATION_CONTEXT() REPRESENTATION_CONTEXT('2D SPACE',''
  ) );
#11300 = PCURVE('',#1232,#11301);
#11301 = DEFINITIONAL_REPRESENTATION('',(#11302),#11306);
#11302 = LINE('',#11303,#11304);
#11303 = CARTESIAN_POINT('',(0.,-0.));
#11304 = VECTOR('',#11305,1.);
#11305 = DIRECTION('',(0.,1.));
#11306 = ( GEOMETRIC_REPRESENTATION_CONTEXT(2) 
PARAMETRIC_REPRESENTATION_CONTEXT() REPRESENTATION_CONTEXT('2D SPACE',''
  ) );
#11307 = ORIENTED_EDGE('',*,*,#1215,.T.);
#11308 = ORIENTED_EDGE('',*,*,#11287,.T.);
#11309 = ADVANCED_FACE('',(#11310),#1263,.F.);
#11310 = FACE_BOUND('',#11311,.F.);
#11311 = EDGE_LOOP('',(#11312,#11313,#11334,#11335));
#11312 = ORIENTED_EDGE('',*,*,#6640,.F.);
#11313 = ORIENTED_EDGE('',*,*,#11314,.F.);
#11314 = EDGE_CURVE('',#1247,#6641,#11315,.T.);
#11315 = SEAM_CURVE('',#11316,(#11320,#11327),.PCURVE_S1.);
#11316 = LINE('',#11317,#11318);
#11317 = CARTESIAN_POINT('',(-38.1,-332.74,243.84));
#11318 = VECTOR('',#11319,1.);
#11319 = DIRECTION('',(0.,1.,0.));
#11320 = PCURVE('',#1263,#11321);
#11321 = DEFINITIONAL_REPRESENTATION('',(#11322),#11326);
#11322 = LINE('',#11323,#11324);
#11323 = CARTESIAN_POINT('',(6.28318530718,-0.));
#11324 = VECTOR('',#11325,1.);
#11325 = DIRECTION('',(0.,1.));
#11326 = ( GEOMETRIC_REPRESENTATION_CONTEXT(2) 
PARAMETRIC_REPRESENTATION_CONTEXT() REPRESENTATION_CONTEXT('2D SPACE',''
  ) );
#11327 = PCURVE('',#1263,#11328);
#11328 = DEFINITIONAL_REPRESENTATION('',(#11329),#11333);
#11329 = LINE('',#11330,#11331);
#11330 = CARTESIAN_POINT('',(0.,-0.));
#11331 = VECTOR('',#11332,1.);
#11332 = DIRECTION('',(0.,1.));
#11333 = ( GEOMETRIC_REPRESENTATION_CONTEXT(2) 
PARAMETRIC_REPRESENTATION_CONTEXT() REPRESENTATION_CONTEXT('2D SPACE',''
  ) );
#11334 = ORIENTED_EDGE('',*,*,#1246,.T.);
#11335 = ORIENTED_EDGE('',*,*,#11314,.T.);
#11336 = ADVANCED_FACE('',(#11337),#1294,.F.);
#11337 = FACE_BOUND('',#11338,.F.);
#11338 = EDGE_LOOP('',(#11339,#11340,#11361,#11362));
#11339 = ORIENTED_EDGE('',*,*,#6666,.F.);
#11340 = ORIENTED_EDGE('',*,*,#11341,.F.);
#11341 = EDGE_CURVE('',#1278,#6667,#11342,.T.);
#11342 = SEAM_CURVE('',#11343,(#11347,#11354),.PCURVE_S1.);
#11343 = LINE('',#11344,#11345);
#11344 = CARTESIAN_POINT('',(-63.5,-332.74,256.54));
#11345 = VECTOR('',#11346,1.);
#11346 = DIRECTION('',(0.,1.,0.));
#11347 = PCURVE('',#1294,#11348);
#11348 = DEFINITIONAL_REPRESENTATION('',(#11349),#11353);
#11349 = LINE('',#11350,#11351);
#11350 = CARTESIAN_POINT('',(6.28318530718,-0.));
#11351 = VECTOR('',#11352,1.);
#11352 = DIRECTION('',(0.,1.));
#11353 = ( GEOMETRIC_REPRESENTATION_CONTEXT(2) 
PARAMETRIC_REPRESENTATION_CONTEXT() REPRESENTATION_CONTEXT('2D SPACE',''
  ) );
#11354 = PCURVE('',#1294,#11355);
#11355 = DEFINITIONAL_REPRESENTATION('',(#11356),#11360);
#11356 = LINE('',#11357,#11358);
#11357 = CARTESIAN_POINT('',(0.,-0.));
#11358 = VECTOR('',#11359,1.);
#11359 = DIRECTION('',(0.,1.));
#11360 = ( GEOMETRIC_REPRESENTATION_CONTEXT(2) 
PARAMETRIC_REPRESENTATION_CONTEXT() REPRESENTATION_CONTEXT('2D SPACE',''
  ) );
#11361 = ORIENTED_EDGE('',*,*,#1277,.T.);
#11362 = ORIENTED_EDGE('',*,*,#11341,.T.);
#11363 = ADVANCED_FACE('',(#11364),#1325,.F.);
#11364 = FACE_BOUND('',#11365,.F.);
#11365 = EDGE_LOOP('',(#11366,#11367,#11388,#11389));
#11366 = ORIENTED_EDGE('',*,*,#6692,.F.);
#11367 = ORIENTED_EDGE('',*,*,#11368,.F.);
#11368 = EDGE_CURVE('',#1309,#6693,#11369,.T.);
#11369 = SEAM_CURVE('',#11370,(#11374,#11381),.PCURVE_S1.);
#11370 = LINE('',#11371,#11372);
#11371 = CARTESIAN_POINT('',(-50.8,-332.74,256.54));
#11372 = VECTOR('',#11373,1.);
#11373 = DIRECTION('',(0.,1.,0.));
#11374 = PCURVE('',#1325,#11375);
#11375 = DEFINITIONAL_REPRESENTATION('',(#11376),#11380);
#11376 = LINE('',#11377,#11378);
#11377 = CARTESIAN_POINT('',(6.28318530718,-0.));
#11378 = VECTOR('',#11379,1.);
#11379 = DIRECTION('',(0.,1.));
#11380 = ( GEOMETRIC_REPRESENTATION_CONTEXT(2) 
PARAMETRIC_REPRESENTATION_CONTEXT() REPRESENTATION_CONTEXT('2D SPACE',''
  ) );
#11381 = PCURVE('',#1325,#11382);
#11382 = DEFINITIONAL_REPRESENTATION('',(#11383),#11387);
#11383 = LINE('',#11384,#11385);
#11384 = CARTESIAN_POINT('',(0.,-0.));
#11385 = VECTOR('',#11386,1.);
#11386 = DIRECTION('',(0.,1.));
#11387 = ( GEOMETRIC_REPRESENTATION_CONTEXT(2) 
PARAMETRIC_REPRESENTATION_CONTEXT() REPRESENTATION_CONTEXT('2D SPACE',''
  ) );
#11388 = ORIENTED_EDGE('',*,*,#1308,.T.);
#11389 = ORIENTED_EDGE('',*,*,#11368,.T.);
#11390 = ADVANCED_FACE('',(#11391),#1356,.F.);
#11391 = FACE_BOUND('',#11392,.F.);
#11392 = EDGE_LOOP('',(#11393,#11394,#11415,#11416));
#11393 = ORIENTED_EDGE('',*,*,#6718,.F.);
#11394 = ORIENTED_EDGE('',*,*,#11395,.F.);
#11395 = EDGE_CURVE('',#1340,#6719,#11396,.T.);
#11396 = SEAM_CURVE('',#11397,(#11401,#11408),.PCURVE_S1.);
#11397 = LINE('',#11398,#11399);
#11398 = CARTESIAN_POINT('',(-38.1,-332.74,256.54));
#11399 = VECTOR('',#11400,1.);
#11400 = DIRECTION('',(0.,1.,0.));
#11401 = PCURVE('',#1356,#11402);
#11402 = DEFINITIONAL_REPRESENTATION('',(#11403),#11407);
#11403 = LINE('',#11404,#11405);
#11404 = CARTESIAN_POINT('',(6.28318530718,-0.));
#11405 = VECTOR('',#11406,1.);
#11406 = DIRECTION('',(0.,1.));
#11407 = ( GEOMETRIC_REPRESENTATION_CONTEXT(2) 
PARAMETRIC_REPRESENTATION_CONTEXT() REPRESENTATION_CONTEXT('2D SPACE',''
  ) );
#11408 = PCURVE('',#1356,#11409);
#11409 = DEFINITIONAL_REPRESENTATION('',(#11410),#11414);
#11410 = LINE('',#11411,#11412);
#11411 = CARTESIAN_POINT('',(0.,-0.));
#11412 = VECTOR('',#11413,1.);
#11413 = DIRECTION('',(0.,1.));
#11414 = ( GEOMETRIC_REPRESENTATION_CONTEXT(2) 
PARAMETRIC_REPRESENTATION_CONTEXT() REPRESENTATION_CONTEXT('2D SPACE',''
  ) );
#11415 = ORIENTED_EDGE('',*,*,#1339,.T.);
#11416 = ORIENTED_EDGE('',*,*,#11395,.T.);
#11417 = ADVANCED_FACE('',(#11418),#1387,.F.);
#11418 = FACE_BOUND('',#11419,.F.);
#11419 = EDGE_LOOP('',(#11420,#11421,#11442,#11443));
#11420 = ORIENTED_EDGE('',*,*,#6744,.F.);
#11421 = ORIENTED_EDGE('',*,*,#11422,.F.);
#11422 = EDGE_CURVE('',#1371,#6745,#11423,.T.);
#11423 = SEAM_CURVE('',#11424,(#11428,#11435),.PCURVE_S1.);
#11424 = LINE('',#11425,#11426);
#11425 = CARTESIAN_POINT('',(-88.9,-332.74,269.24));
#11426 = VECTOR('',#11427,1.);
#11427 = DIRECTION('',(0.,1.,0.));
#11428 = PCURVE('',#1387,#11429);
#11429 = DEFINITIONAL_REPRESENTATION('',(#11430),#11434);
#11430 = LINE('',#11431,#11432);
#11431 = CARTESIAN_POINT('',(6.28318530718,-0.));
#11432 = VECTOR('',#11433,1.);
#11433 = DIRECTION('',(0.,1.));
#11434 = ( GEOMETRIC_REPRESENTATION_CONTEXT(2) 
PARAMETRIC_REPRESENTATION_CONTEXT() REPRESENTATION_CONTEXT('2D SPACE',''
  ) );
#11435 = PCURVE('',#1387,#11436);
#11436 = DEFINITIONAL_REPRESENTATION('',(#11437),#11441);
#11437 = LINE('',#11438,#11439);
#11438 = CARTESIAN_POINT('',(0.,-0.));
#11439 = VECTOR('',#11440,1.);
#11440 = DIRECTION('',(0.,1.));
#11441 = ( GEOMETRIC_REPRESENTATION_CONTEXT(2) 
PARAMETRIC_REPRESENTATION_CONTEXT() REPRESENTATION_CONTEXT('2D SPACE',''
  ) );
#11442 = ORIENTED_EDGE('',*,*,#1370,.T.);
#11443 = ORIENTED_EDGE('',*,*,#11422,.T.);
#11444 = ADVANCED_FACE('',(#11445),#1418,.F.);
#11445 = FACE_BOUND('',#11446,.F.);
#11446 = EDGE_LOOP('',(#11447,#11448,#11469,#11470));
#11447 = ORIENTED_EDGE('',*,*,#6770,.F.);
#11448 = ORIENTED_EDGE('',*,*,#11449,.F.);
#11449 = EDGE_CURVE('',#1402,#6771,#11450,.T.);
#11450 = SEAM_CURVE('',#11451,(#11455,#11462),.PCURVE_S1.);
#11451 = LINE('',#11452,#11453);
#11452 = CARTESIAN_POINT('',(-76.2,-332.74,269.24));
#11453 = VECTOR('',#11454,1.);
#11454 = DIRECTION('',(0.,1.,0.));
#11455 = PCURVE('',#1418,#11456);
#11456 = DEFINITIONAL_REPRESENTATION('',(#11457),#11461);
#11457 = LINE('',#11458,#11459);
#11458 = CARTESIAN_POINT('',(6.28318530718,-0.));
#11459 = VECTOR('',#11460,1.);
#11460 = DIRECTION('',(0.,1.));
#11461 = ( GEOMETRIC_REPRESENTATION_CONTEXT(2) 
PARAMETRIC_REPRESENTATION_CONTEXT() REPRESENTATION_CONTEXT('2D SPACE',''
  ) );
#11462 = PCURVE('',#1418,#11463);
#11463 = DEFINITIONAL_REPRESENTATION('',(#11464),#11468);
#11464 = LINE('',#11465,#11466);
#11465 = CARTESIAN_POINT('',(0.,-0.));
#11466 = VECTOR('',#11467,1.);
#11467 = DIRECTION('',(0.,1.));
#11468 = ( GEOMETRIC_REPRESENTATION_CONTEXT(2) 
PARAMETRIC_REPRESENTATION_CONTEXT() REPRESENTATION_CONTEXT('2D SPACE',''
  ) );
#11469 = ORIENTED_EDGE('',*,*,#1401,.T.);
#11470 = ORIENTED_EDGE('',*,*,#11449,.T.);
#11471 = ADVANCED_FACE('',(#11472),#1449,.F.);
#11472 = FACE_BOUND('',#11473,.F.);
#11473 = EDGE_LOOP('',(#11474,#11475,#11496,#11497));
#11474 = ORIENTED_EDGE('',*,*,#6796,.F.);
#11475 = ORIENTED_EDGE('',*,*,#11476,.F.);
#11476 = EDGE_CURVE('',#1433,#6797,#11477,.T.);
#11477 = SEAM_CURVE('',#11478,(#11482,#11489),.PCURVE_S1.);
#11478 = LINE('',#11479,#11480);
#11479 = CARTESIAN_POINT('',(-63.5,-332.74,269.24));
#11480 = VECTOR('',#11481,1.);
#11481 = DIRECTION('',(0.,1.,0.));
#11482 = PCURVE('',#1449,#11483);
#11483 = DEFINITIONAL_REPRESENTATION('',(#11484),#11488);
#11484 = LINE('',#11485,#11486);
#11485 = CARTESIAN_POINT('',(6.28318530718,-0.));
#11486 = VECTOR('',#11487,1.);
#11487 = DIRECTION('',(0.,1.));
#11488 = ( GEOMETRIC_REPRESENTATION_CONTEXT(2) 
PARAMETRIC_REPRESENTATION_CONTEXT() REPRESENTATION_CONTEXT('2D SPACE',''
  ) );
#11489 = PCURVE('',#1449,#11490);
#11490 = DEFINITIONAL_REPRESENTATION('',(#11491),#11495);
#11491 = LINE('',#11492,#11493);
#11492 = CARTESIAN_POINT('',(0.,-0.));
#11493 = VECTOR('',#11494,1.);
#11494 = DIRECTION('',(0.,1.));
#11495 = ( GEOMETRIC_REPRESENTATION_CONTEXT(2) 
PARAMETRIC_REPRESENTATION_CONTEXT() REPRESENTATION_CONTEXT('2D SPACE',''
  ) );
#11496 = ORIENTED_EDGE('',*,*,#1432,.T.);
#11497 = ORIENTED_EDGE('',*,*,#11476,.T.);
#11498 = ADVANCED_FACE('',(#11499),#1480,.F.);
#11499 = FACE_BOUND('',#11500,.F.);
#11500 = EDGE_LOOP('',(#11501,#11502,#11523,#11524));
#11501 = ORIENTED_EDGE('',*,*,#6822,.F.);
#11502 = ORIENTED_EDGE('',*,*,#11503,.F.);
#11503 = EDGE_CURVE('',#1464,#6823,#11504,.T.);
#11504 = SEAM_CURVE('',#11505,(#11509,#11516),.PCURVE_S1.);
#11505 = LINE('',#11506,#11507);
#11506 = CARTESIAN_POINT('',(-50.8,-332.74,269.24));
#11507 = VECTOR('',#11508,1.);
#11508 = DIRECTION('',(0.,1.,0.));
#11509 = PCURVE('',#1480,#11510);
#11510 = DEFINITIONAL_REPRESENTATION('',(#11511),#11515);
#11511 = LINE('',#11512,#11513);
#11512 = CARTESIAN_POINT('',(6.28318530718,-0.));
#11513 = VECTOR('',#11514,1.);
#11514 = DIRECTION('',(0.,1.));
#11515 = ( GEOMETRIC_REPRESENTATION_CONTEXT(2) 
PARAMETRIC_REPRESENTATION_CONTEXT() REPRESENTATION_CONTEXT('2D SPACE',''
  ) );
#11516 = PCURVE('',#1480,#11517);
#11517 = DEFINITIONAL_REPRESENTATION('',(#11518),#11522);
#11518 = LINE('',#11519,#11520);
#11519 = CARTESIAN_POINT('',(0.,-0.));
#11520 = VECTOR('',#11521,1.);
#11521 = DIRECTION('',(0.,1.));
#11522 = ( GEOMETRIC_REPRESENTATION_CONTEXT(2) 
PARAMETRIC_REPRESENTATION_CONTEXT() REPRESENTATION_CONTEXT('2D SPACE',''
  ) );
#11523 = ORIENTED_EDGE('',*,*,#1463,.T.);
#11524 = ORIENTED_EDGE('',*,*,#11503,.T.);
#11525 = ADVANCED_FACE('',(#11526),#1511,.F.);
#11526 = FACE_BOUND('',#11527,.F.);
#11527 = EDGE_LOOP('',(#11528,#11529,#11550,#11551));
#11528 = ORIENTED_EDGE('',*,*,#6848,.F.);
#11529 = ORIENTED_EDGE('',*,*,#11530,.F.);
#11530 = EDGE_CURVE('',#1495,#6849,#11531,.T.);
#11531 = SEAM_CURVE('',#11532,(#11536,#11543),.PCURVE_S1.);
#11532 = LINE('',#11533,#11534);
#11533 = CARTESIAN_POINT('',(-38.1,-332.74,269.24));
#11534 = VECTOR('',#11535,1.);
#11535 = DIRECTION('',(0.,1.,0.));
#11536 = PCURVE('',#1511,#11537);
#11537 = DEFINITIONAL_REPRESENTATION('',(#11538),#11542);
#11538 = LINE('',#11539,#11540);
#11539 = CARTESIAN_POINT('',(6.28318530718,-0.));
#11540 = VECTOR('',#11541,1.);
#11541 = DIRECTION('',(0.,1.));
#11542 = ( GEOMETRIC_REPRESENTATION_CONTEXT(2) 
PARAMETRIC_REPRESENTATION_CONTEXT() REPRESENTATION_CONTEXT('2D SPACE',''
  ) );
#11543 = PCURVE('',#1511,#11544);
#11544 = DEFINITIONAL_REPRESENTATION('',(#11545),#11549);
#11545 = LINE('',#11546,#11547);
#11546 = CARTESIAN_POINT('',(0.,-0.));
#11547 = VECTOR('',#11548,1.);
#11548 = DIRECTION('',(0.,1.));
#11549 = ( GEOMETRIC_REPRESENTATION_CONTEXT(2) 
PARAMETRIC_REPRESENTATION_CONTEXT() REPRESENTATION_CONTEXT('2D SPACE',''
  ) );
#11550 = ORIENTED_EDGE('',*,*,#1494,.T.);
#11551 = ORIENTED_EDGE('',*,*,#11530,.T.);
#11552 = ADVANCED_FACE('',(#11553),#1542,.F.);
#11553 = FACE_BOUND('',#11554,.F.);
#11554 = EDGE_LOOP('',(#11555,#11556,#11577,#11578));
#11555 = ORIENTED_EDGE('',*,*,#6874,.F.);
#11556 = ORIENTED_EDGE('',*,*,#11557,.F.);
#11557 = EDGE_CURVE('',#1526,#6875,#11558,.T.);
#11558 = SEAM_CURVE('',#11559,(#11563,#11570),.PCURVE_S1.);
#11559 = LINE('',#11560,#11561);
#11560 = CARTESIAN_POINT('',(-25.4,-332.74,243.84));
#11561 = VECTOR('',#11562,1.);
#11562 = DIRECTION('',(0.,1.,0.));
#11563 = PCURVE('',#1542,#11564);
#11564 = DEFINITIONAL_REPRESENTATION('',(#11565),#11569);
#11565 = LINE('',#11566,#11567);
#11566 = CARTESIAN_POINT('',(6.28318530718,-0.));
#11567 = VECTOR('',#11568,1.);
#11568 = DIRECTION('',(0.,1.));
#11569 = ( GEOMETRIC_REPRESENTATION_CONTEXT(2) 
PARAMETRIC_REPRESENTATION_CONTEXT() REPRESENTATION_CONTEXT('2D SPACE',''
  ) );
#11570 = PCURVE('',#1542,#11571);
#11571 = DEFINITIONAL_REPRESENTATION('',(#11572),#11576);
#11572 = LINE('',#11573,#11574);
#11573 = CARTESIAN_POINT('',(0.,-0.));
#11574 = VECTOR('',#11575,1.);
#11575 = DIRECTION('',(0.,1.));
#11576 = ( GEOMETRIC_REPRESENTATION_CONTEXT(2) 
PARAMETRIC_REPRESENTATION_CONTEXT() REPRESENTATION_CONTEXT('2D SPACE',''
  ) );
#11577 = ORIENTED_EDGE('',*,*,#1525,.T.);
#11578 = ORIENTED_EDGE('',*,*,#11557,.T.);
#11579 = ADVANCED_FACE('',(#11580),#1573,.F.);
#11580 = FACE_BOUND('',#11581,.F.);
#11581 = EDGE_LOOP('',(#11582,#11583,#11604,#11605));
#11582 = ORIENTED_EDGE('',*,*,#6900,.F.);
#11583 = ORIENTED_EDGE('',*,*,#11584,.F.);
#11584 = EDGE_CURVE('',#1557,#6901,#11585,.T.);
#11585 = SEAM_CURVE('',#11586,(#11590,#11597),.PCURVE_S1.);
#11586 = LINE('',#11587,#11588);
#11587 = CARTESIAN_POINT('',(-12.7,-332.74,243.84));
#11588 = VECTOR('',#11589,1.);
#11589 = DIRECTION('',(0.,1.,0.));
#11590 = PCURVE('',#1573,#11591);
#11591 = DEFINITIONAL_REPRESENTATION('',(#11592),#11596);
#11592 = LINE('',#11593,#11594);
#11593 = CARTESIAN_POINT('',(6.28318530718,-0.));
#11594 = VECTOR('',#11595,1.);
#11595 = DIRECTION('',(0.,1.));
#11596 = ( GEOMETRIC_REPRESENTATION_CONTEXT(2) 
PARAMETRIC_REPRESENTATION_CONTEXT() REPRESENTATION_CONTEXT('2D SPACE',''
  ) );
#11597 = PCURVE('',#1573,#11598);
#11598 = DEFINITIONAL_REPRESENTATION('',(#11599),#11603);
#11599 = LINE('',#11600,#11601);
#11600 = CARTESIAN_POINT('',(0.,-0.));
#11601 = VECTOR('',#11602,1.);
#11602 = DIRECTION('',(0.,1.));
#11603 = ( GEOMETRIC_REPRESENTATION_CONTEXT(2) 
PARAMETRIC_REPRESENTATION_CONTEXT() REPRESENTATION_CONTEXT('2D SPACE',''
  ) );
#11604 = ORIENTED_EDGE('',*,*,#1556,.T.);
#11605 = ORIENTED_EDGE('',*,*,#11584,.T.);
#11606 = ADVANCED_FACE('',(#11607),#1604,.F.);
#11607 = FACE_BOUND('',#11608,.F.);
#11608 = EDGE_LOOP('',(#11609,#11610,#11631,#11632));
#11609 = ORIENTED_EDGE('',*,*,#6926,.F.);
#11610 = ORIENTED_EDGE('',*,*,#11611,.F.);
#11611 = EDGE_CURVE('',#1588,#6927,#11612,.T.);
#11612 = SEAM_CURVE('',#11613,(#11617,#11624),.PCURVE_S1.);
#11613 = LINE('',#11614,#11615);
#11614 = CARTESIAN_POINT('',(-6.221205739669E-16,-332.74,243.84));
#11615 = VECTOR('',#11616,1.);
#11616 = DIRECTION('',(0.,1.,0.));
#11617 = PCURVE('',#1604,#11618);
#11618 = DEFINITIONAL_REPRESENTATION('',(#11619),#11623);
#11619 = LINE('',#11620,#11621);
#11620 = CARTESIAN_POINT('',(6.28318530718,-0.));
#11621 = VECTOR('',#11622,1.);
#11622 = DIRECTION('',(0.,1.));
#11623 = ( GEOMETRIC_REPRESENTATION_CONTEXT(2) 
PARAMETRIC_REPRESENTATION_CONTEXT() REPRESENTATION_CONTEXT('2D SPACE',''
  ) );
#11624 = PCURVE('',#1604,#11625);
#11625 = DEFINITIONAL_REPRESENTATION('',(#11626),#11630);
#11626 = LINE('',#11627,#11628);
#11627 = CARTESIAN_POINT('',(0.,-0.));
#11628 = VECTOR('',#11629,1.);
#11629 = DIRECTION('',(0.,1.));
#11630 = ( GEOMETRIC_REPRESENTATION_CONTEXT(2) 
PARAMETRIC_REPRESENTATION_CONTEXT() REPRESENTATION_CONTEXT('2D SPACE',''
  ) );
#11631 = ORIENTED_EDGE('',*,*,#1587,.T.);
#11632 = ORIENTED_EDGE('',*,*,#11611,.T.);
#11633 = ADVANCED_FACE('',(#11634),#1635,.F.);
#11634 = FACE_BOUND('',#11635,.F.);
#11635 = EDGE_LOOP('',(#11636,#11637,#11658,#11659));
#11636 = ORIENTED_EDGE('',*,*,#6952,.F.);
#11637 = ORIENTED_EDGE('',*,*,#11638,.F.);
#11638 = EDGE_CURVE('',#1619,#6953,#11639,.T.);
#11639 = SEAM_CURVE('',#11640,(#11644,#11651),.PCURVE_S1.);
#11640 = LINE('',#11641,#11642);
#11641 = CARTESIAN_POINT('',(-25.4,-332.74,256.54));
#11642 = VECTOR('',#11643,1.);
#11643 = DIRECTION('',(0.,1.,0.));
#11644 = PCURVE('',#1635,#11645);
#11645 = DEFINITIONAL_REPRESENTATION('',(#11646),#11650);
#11646 = LINE('',#11647,#11648);
#11647 = CARTESIAN_POINT('',(6.28318530718,-0.));
#11648 = VECTOR('',#11649,1.);
#11649 = DIRECTION('',(0.,1.));
#11650 = ( GEOMETRIC_REPRESENTATION_CONTEXT(2) 
PARAMETRIC_REPRESENTATION_CONTEXT() REPRESENTATION_CONTEXT('2D SPACE',''
  ) );
#11651 = PCURVE('',#1635,#11652);
#11652 = DEFINITIONAL_REPRESENTATION('',(#11653),#11657);
#11653 = LINE('',#11654,#11655);
#11654 = CARTESIAN_POINT('',(0.,-0.));
#11655 = VECTOR('',#11656,1.);
#11656 = DIRECTION('',(0.,1.));
#11657 = ( GEOMETRIC_REPRESENTATION_CONTEXT(2) 
PARAMETRIC_REPRESENTATION_CONTEXT() REPRESENTATION_CONTEXT('2D SPACE',''
  ) );
#11658 = ORIENTED_EDGE('',*,*,#1618,.T.);
#11659 = ORIENTED_EDGE('',*,*,#11638,.T.);
#11660 = ADVANCED_FACE('',(#11661),#1666,.F.);
#11661 = FACE_BOUND('',#11662,.F.);
#11662 = EDGE_LOOP('',(#11663,#11664,#11685,#11686));
#11663 = ORIENTED_EDGE('',*,*,#6978,.F.);
#11664 = ORIENTED_EDGE('',*,*,#11665,.F.);
#11665 = EDGE_CURVE('',#1650,#6979,#11666,.T.);
#11666 = SEAM_CURVE('',#11667,(#11671,#11678),.PCURVE_S1.);
#11667 = LINE('',#11668,#11669);
#11668 = CARTESIAN_POINT('',(-12.7,-332.74,256.54));
#11669 = VECTOR('',#11670,1.);
#11670 = DIRECTION('',(0.,1.,0.));
#11671 = PCURVE('',#1666,#11672);
#11672 = DEFINITIONAL_REPRESENTATION('',(#11673),#11677);
#11673 = LINE('',#11674,#11675);
#11674 = CARTESIAN_POINT('',(6.28318530718,-0.));
#11675 = VECTOR('',#11676,1.);
#11676 = DIRECTION('',(0.,1.));
#11677 = ( GEOMETRIC_REPRESENTATION_CONTEXT(2) 
PARAMETRIC_REPRESENTATION_CONTEXT() REPRESENTATION_CONTEXT('2D SPACE',''
  ) );
#11678 = PCURVE('',#1666,#11679);
#11679 = DEFINITIONAL_REPRESENTATION('',(#11680),#11684);
#11680 = LINE('',#11681,#11682);
#11681 = CARTESIAN_POINT('',(0.,-0.));
#11682 = VECTOR('',#11683,1.);
#11683 = DIRECTION('',(0.,1.));
#11684 = ( GEOMETRIC_REPRESENTATION_CONTEXT(2) 
PARAMETRIC_REPRESENTATION_CONTEXT() REPRESENTATION_CONTEXT('2D SPACE',''
  ) );
#11685 = ORIENTED_EDGE('',*,*,#1649,.T.);
#11686 = ORIENTED_EDGE('',*,*,#11665,.T.);
#11687 = ADVANCED_FACE('',(#11688),#1697,.F.);
#11688 = FACE_BOUND('',#11689,.F.);
#11689 = EDGE_LOOP('',(#11690,#11691,#11712,#11713));
#11690 = ORIENTED_EDGE('',*,*,#7004,.F.);
#11691 = ORIENTED_EDGE('',*,*,#11692,.F.);
#11692 = EDGE_CURVE('',#1681,#7005,#11693,.T.);
#11693 = SEAM_CURVE('',#11694,(#11698,#11705),.PCURVE_S1.);
#11694 = LINE('',#11695,#11696);
#11695 = CARTESIAN_POINT('',(-6.221205739669E-16,-332.74,256.54));
#11696 = VECTOR('',#11697,1.);
#11697 = DIRECTION('',(0.,1.,0.));
#11698 = PCURVE('',#1697,#11699);
#11699 = DEFINITIONAL_REPRESENTATION('',(#11700),#11704);
#11700 = LINE('',#11701,#11702);
#11701 = CARTESIAN_POINT('',(6.28318530718,-0.));
#11702 = VECTOR('',#11703,1.);
#11703 = DIRECTION('',(0.,1.));
#11704 = ( GEOMETRIC_REPRESENTATION_CONTEXT(2) 
PARAMETRIC_REPRESENTATION_CONTEXT() REPRESENTATION_CONTEXT('2D SPACE',''
  ) );
#11705 = PCURVE('',#1697,#11706);
#11706 = DEFINITIONAL_REPRESENTATION('',(#11707),#11711);
#11707 = LINE('',#11708,#11709);
#11708 = CARTESIAN_POINT('',(0.,-0.));
#11709 = VECTOR('',#11710,1.);
#11710 = DIRECTION('',(0.,1.));
#11711 = ( GEOMETRIC_REPRESENTATION_CONTEXT(2) 
PARAMETRIC_REPRESENTATION_CONTEXT() REPRESENTATION_CONTEXT('2D SPACE',''
  ) );
#11712 = ORIENTED_EDGE('',*,*,#1680,.T.);
#11713 = ORIENTED_EDGE('',*,*,#11692,.T.);
#11714 = ADVANCED_FACE('',(#11715),#1728,.F.);
#11715 = FACE_BOUND('',#11716,.F.);
#11716 = EDGE_LOOP('',(#11717,#11718,#11739,#11740));
#11717 = ORIENTED_EDGE('',*,*,#7030,.F.);
#11718 = ORIENTED_EDGE('',*,*,#11719,.F.);
#11719 = EDGE_CURVE('',#1712,#7031,#11720,.T.);
#11720 = SEAM_CURVE('',#11721,(#11725,#11732),.PCURVE_S1.);
#11721 = LINE('',#11722,#11723);
#11722 = CARTESIAN_POINT('',(12.7,-332.74,243.84));
#11723 = VECTOR('',#11724,1.);
#11724 = DIRECTION('',(0.,1.,0.));
#11725 = PCURVE('',#1728,#11726);
#11726 = DEFINITIONAL_REPRESENTATION('',(#11727),#11731);
#11727 = LINE('',#11728,#11729);
#11728 = CARTESIAN_POINT('',(6.28318530718,-0.));
#11729 = VECTOR('',#11730,1.);
#11730 = DIRECTION('',(0.,1.));
#11731 = ( GEOMETRIC_REPRESENTATION_CONTEXT(2) 
PARAMETRIC_REPRESENTATION_CONTEXT() REPRESENTATION_CONTEXT('2D SPACE',''
  ) );
#11732 = PCURVE('',#1728,#11733);
#11733 = DEFINITIONAL_REPRESENTATION('',(#11734),#11738);
#11734 = LINE('',#11735,#11736);
#11735 = CARTESIAN_POINT('',(0.,-0.));
#11736 = VECTOR('',#11737,1.);
#11737 = DIRECTION('',(0.,1.));
#11738 = ( GEOMETRIC_REPRESENTATION_CONTEXT(2) 
PARAMETRIC_REPRESENTATION_CONTEXT() REPRESENTATION_CONTEXT('2D SPACE',''
  ) );
#11739 = ORIENTED_EDGE('',*,*,#1711,.T.);
#11740 = ORIENTED_EDGE('',*,*,#11719,.T.);
#11741 = ADVANCED_FACE('',(#11742),#1759,.F.);
#11742 = FACE_BOUND('',#11743,.F.);
#11743 = EDGE_LOOP('',(#11744,#11745,#11766,#11767));
#11744 = ORIENTED_EDGE('',*,*,#7056,.F.);
#11745 = ORIENTED_EDGE('',*,*,#11746,.F.);
#11746 = EDGE_CURVE('',#1743,#7057,#11747,.T.);
#11747 = SEAM_CURVE('',#11748,(#11752,#11759),.PCURVE_S1.);
#11748 = LINE('',#11749,#11750);
#11749 = CARTESIAN_POINT('',(25.4,-332.74,243.84));
#11750 = VECTOR('',#11751,1.);
#11751 = DIRECTION('',(0.,1.,0.));
#11752 = PCURVE('',#1759,#11753);
#11753 = DEFINITIONAL_REPRESENTATION('',(#11754),#11758);
#11754 = LINE('',#11755,#11756);
#11755 = CARTESIAN_POINT('',(6.28318530718,-0.));
#11756 = VECTOR('',#11757,1.);
#11757 = DIRECTION('',(0.,1.));
#11758 = ( GEOMETRIC_REPRESENTATION_CONTEXT(2) 
PARAMETRIC_REPRESENTATION_CONTEXT() REPRESENTATION_CONTEXT('2D SPACE',''
  ) );
#11759 = PCURVE('',#1759,#11760);
#11760 = DEFINITIONAL_REPRESENTATION('',(#11761),#11765);
#11761 = LINE('',#11762,#11763);
#11762 = CARTESIAN_POINT('',(0.,-0.));
#11763 = VECTOR('',#11764,1.);
#11764 = DIRECTION('',(0.,1.));
#11765 = ( GEOMETRIC_REPRESENTATION_CONTEXT(2) 
PARAMETRIC_REPRESENTATION_CONTEXT() REPRESENTATION_CONTEXT('2D SPACE',''
  ) );
#11766 = ORIENTED_EDGE('',*,*,#1742,.T.);
#11767 = ORIENTED_EDGE('',*,*,#11746,.T.);
#11768 = ADVANCED_FACE('',(#11769),#1790,.F.);
#11769 = FACE_BOUND('',#11770,.F.);
#11770 = EDGE_LOOP('',(#11771,#11772,#11793,#11794));
#11771 = ORIENTED_EDGE('',*,*,#7082,.F.);
#11772 = ORIENTED_EDGE('',*,*,#11773,.F.);
#11773 = EDGE_CURVE('',#1774,#7083,#11774,.T.);
#11774 = SEAM_CURVE('',#11775,(#11779,#11786),.PCURVE_S1.);
#11775 = LINE('',#11776,#11777);
#11776 = CARTESIAN_POINT('',(12.7,-332.74,256.54));
#11777 = VECTOR('',#11778,1.);
#11778 = DIRECTION('',(0.,1.,0.));
#11779 = PCURVE('',#1790,#11780);
#11780 = DEFINITIONAL_REPRESENTATION('',(#11781),#11785);
#11781 = LINE('',#11782,#11783);
#11782 = CARTESIAN_POINT('',(6.28318530718,-0.));
#11783 = VECTOR('',#11784,1.);
#11784 = DIRECTION('',(0.,1.));
#11785 = ( GEOMETRIC_REPRESENTATION_CONTEXT(2) 
PARAMETRIC_REPRESENTATION_CONTEXT() REPRESENTATION_CONTEXT('2D SPACE',''
  ) );
#11786 = PCURVE('',#1790,#11787);
#11787 = DEFINITIONAL_REPRESENTATION('',(#11788),#11792);
#11788 = LINE('',#11789,#11790);
#11789 = CARTESIAN_POINT('',(0.,-0.));
#11790 = VECTOR('',#11791,1.);
#11791 = DIRECTION('',(0.,1.));
#11792 = ( GEOMETRIC_REPRESENTATION_CONTEXT(2) 
PARAMETRIC_REPRESENTATION_CONTEXT() REPRESENTATION_CONTEXT('2D SPACE',''
  ) );
#11793 = ORIENTED_EDGE('',*,*,#1773,.T.);
#11794 = ORIENTED_EDGE('',*,*,#11773,.T.);
#11795 = ADVANCED_FACE('',(#11796),#1821,.F.);
#11796 = FACE_BOUND('',#11797,.F.);
#11797 = EDGE_LOOP('',(#11798,#11799,#11820,#11821));
#11798 = ORIENTED_EDGE('',*,*,#7108,.F.);
#11799 = ORIENTED_EDGE('',*,*,#11800,.F.);
#11800 = EDGE_CURVE('',#1805,#7109,#11801,.T.);
#11801 = SEAM_CURVE('',#11802,(#11806,#11813),.PCURVE_S1.);
#11802 = LINE('',#11803,#11804);
#11803 = CARTESIAN_POINT('',(25.4,-332.74,256.54));
#11804 = VECTOR('',#11805,1.);
#11805 = DIRECTION('',(0.,1.,0.));
#11806 = PCURVE('',#1821,#11807);
#11807 = DEFINITIONAL_REPRESENTATION('',(#11808),#11812);
#11808 = LINE('',#11809,#11810);
#11809 = CARTESIAN_POINT('',(6.28318530718,-0.));
#11810 = VECTOR('',#11811,1.);
#11811 = DIRECTION('',(0.,1.));
#11812 = ( GEOMETRIC_REPRESENTATION_CONTEXT(2) 
PARAMETRIC_REPRESENTATION_CONTEXT() REPRESENTATION_CONTEXT('2D SPACE',''
  ) );
#11813 = PCURVE('',#1821,#11814);
#11814 = DEFINITIONAL_REPRESENTATION('',(#11815),#11819);
#11815 = LINE('',#11816,#11817);
#11816 = CARTESIAN_POINT('',(0.,-0.));
#11817 = VECTOR('',#11818,1.);
#11818 = DIRECTION('',(0.,1.));
#11819 = ( GEOMETRIC_REPRESENTATION_CONTEXT(2) 
PARAMETRIC_REPRESENTATION_CONTEXT() REPRESENTATION_CONTEXT('2D SPACE',''
  ) );
#11820 = ORIENTED_EDGE('',*,*,#1804,.T.);
#11821 = ORIENTED_EDGE('',*,*,#11800,.T.);
#11822 = ADVANCED_FACE('',(#11823),#1852,.F.);
#11823 = FACE_BOUND('',#11824,.F.);
#11824 = EDGE_LOOP('',(#11825,#11826,#11847,#11848));
#11825 = ORIENTED_EDGE('',*,*,#7134,.F.);
#11826 = ORIENTED_EDGE('',*,*,#11827,.F.);
#11827 = EDGE_CURVE('',#1836,#7135,#11828,.T.);
#11828 = SEAM_CURVE('',#11829,(#11833,#11840),.PCURVE_S1.);
#11829 = LINE('',#11830,#11831);
#11830 = CARTESIAN_POINT('',(-25.4,-332.74,269.24));
#11831 = VECTOR('',#11832,1.);
#11832 = DIRECTION('',(0.,1.,0.));
#11833 = PCURVE('',#1852,#11834);
#11834 = DEFINITIONAL_REPRESENTATION('',(#11835),#11839);
#11835 = LINE('',#11836,#11837);
#11836 = CARTESIAN_POINT('',(6.28318530718,-0.));
#11837 = VECTOR('',#11838,1.);
#11838 = DIRECTION('',(0.,1.));
#11839 = ( GEOMETRIC_REPRESENTATION_CONTEXT(2) 
PARAMETRIC_REPRESENTATION_CONTEXT() REPRESENTATION_CONTEXT('2D SPACE',''
  ) );
#11840 = PCURVE('',#1852,#11841);
#11841 = DEFINITIONAL_REPRESENTATION('',(#11842),#11846);
#11842 = LINE('',#11843,#11844);
#11843 = CARTESIAN_POINT('',(0.,-0.));
#11844 = VECTOR('',#11845,1.);
#11845 = DIRECTION('',(0.,1.));
#11846 = ( GEOMETRIC_REPRESENTATION_CONTEXT(2) 
PARAMETRIC_REPRESENTATION_CONTEXT() REPRESENTATION_CONTEXT('2D SPACE',''
  ) );
#11847 = ORIENTED_EDGE('',*,*,#1835,.T.);
#11848 = ORIENTED_EDGE('',*,*,#11827,.T.);
#11849 = ADVANCED_FACE('',(#11850),#1883,.F.);
#11850 = FACE_BOUND('',#11851,.F.);
#11851 = EDGE_LOOP('',(#11852,#11853,#11874,#11875));
#11852 = ORIENTED_EDGE('',*,*,#7160,.F.);
#11853 = ORIENTED_EDGE('',*,*,#11854,.F.);
#11854 = EDGE_CURVE('',#1867,#7161,#11855,.T.);
#11855 = SEAM_CURVE('',#11856,(#11860,#11867),.PCURVE_S1.);
#11856 = LINE('',#11857,#11858);
#11857 = CARTESIAN_POINT('',(-12.7,-332.74,269.24));
#11858 = VECTOR('',#11859,1.);
#11859 = DIRECTION('',(0.,1.,0.));
#11860 = PCURVE('',#1883,#11861);
#11861 = DEFINITIONAL_REPRESENTATION('',(#11862),#11866);
#11862 = LINE('',#11863,#11864);
#11863 = CARTESIAN_POINT('',(6.28318530718,-0.));
#11864 = VECTOR('',#11865,1.);
#11865 = DIRECTION('',(0.,1.));
#11866 = ( GEOMETRIC_REPRESENTATION_CONTEXT(2) 
PARAMETRIC_REPRESENTATION_CONTEXT() REPRESENTATION_CONTEXT('2D SPACE',''
  ) );
#11867 = PCURVE('',#1883,#11868);
#11868 = DEFINITIONAL_REPRESENTATION('',(#11869),#11873);
#11869 = LINE('',#11870,#11871);
#11870 = CARTESIAN_POINT('',(0.,-0.));
#11871 = VECTOR('',#11872,1.);
#11872 = DIRECTION('',(0.,1.));
#11873 = ( GEOMETRIC_REPRESENTATION_CONTEXT(2) 
PARAMETRIC_REPRESENTATION_CONTEXT() REPRESENTATION_CONTEXT('2D SPACE',''
  ) );
#11874 = ORIENTED_EDGE('',*,*,#1866,.T.);
#11875 = ORIENTED_EDGE('',*,*,#11854,.T.);
#11876 = ADVANCED_FACE('',(#11877),#1914,.F.);
#11877 = FACE_BOUND('',#11878,.F.);
#11878 = EDGE_LOOP('',(#11879,#11880,#11901,#11902));
#11879 = ORIENTED_EDGE('',*,*,#7186,.F.);
#11880 = ORIENTED_EDGE('',*,*,#11881,.F.);
#11881 = EDGE_CURVE('',#1898,#7187,#11882,.T.);
#11882 = SEAM_CURVE('',#11883,(#11887,#11894),.PCURVE_S1.);
#11883 = LINE('',#11884,#11885);
#11884 = CARTESIAN_POINT('',(-6.221205739669E-16,-332.74,269.24));
#11885 = VECTOR('',#11886,1.);
#11886 = DIRECTION('',(0.,1.,0.));
#11887 = PCURVE('',#1914,#11888);
#11888 = DEFINITIONAL_REPRESENTATION('',(#11889),#11893);
#11889 = LINE('',#11890,#11891);
#11890 = CARTESIAN_POINT('',(6.28318530718,-0.));
#11891 = VECTOR('',#11892,1.);
#11892 = DIRECTION('',(0.,1.));
#11893 = ( GEOMETRIC_REPRESENTATION_CONTEXT(2) 
PARAMETRIC_REPRESENTATION_CONTEXT() REPRESENTATION_CONTEXT('2D SPACE',''
  ) );
#11894 = PCURVE('',#1914,#11895);
#11895 = DEFINITIONAL_REPRESENTATION('',(#11896),#11900);
#11896 = LINE('',#11897,#11898);
#11897 = CARTESIAN_POINT('',(0.,-0.));
#11898 = VECTOR('',#11899,1.);
#11899 = DIRECTION('',(0.,1.));
#11900 = ( GEOMETRIC_REPRESENTATION_CONTEXT(2) 
PARAMETRIC_REPRESENTATION_CONTEXT() REPRESENTATION_CONTEXT('2D SPACE',''
  ) );
#11901 = ORIENTED_EDGE('',*,*,#1897,.T.);
#11902 = ORIENTED_EDGE('',*,*,#11881,.T.);
#11903 = ADVANCED_FACE('',(#11904),#1945,.F.);
#11904 = FACE_BOUND('',#11905,.F.);
#11905 = EDGE_LOOP('',(#11906,#11907,#11928,#11929));
#11906 = ORIENTED_EDGE('',*,*,#7212,.F.);
#11907 = ORIENTED_EDGE('',*,*,#11908,.F.);
#11908 = EDGE_CURVE('',#1929,#7213,#11909,.T.);
#11909 = SEAM_CURVE('',#11910,(#11914,#11921),.PCURVE_S1.);
#11910 = LINE('',#11911,#11912);
#11911 = CARTESIAN_POINT('',(12.7,-332.74,269.24));
#11912 = VECTOR('',#11913,1.);
#11913 = DIRECTION('',(0.,1.,0.));
#11914 = PCURVE('',#1945,#11915);
#11915 = DEFINITIONAL_REPRESENTATION('',(#11916),#11920);
#11916 = LINE('',#11917,#11918);
#11917 = CARTESIAN_POINT('',(6.28318530718,-0.));
#11918 = VECTOR('',#11919,1.);
#11919 = DIRECTION('',(0.,1.));
#11920 = ( GEOMETRIC_REPRESENTATION_CONTEXT(2) 
PARAMETRIC_REPRESENTATION_CONTEXT() REPRESENTATION_CONTEXT('2D SPACE',''
  ) );
#11921 = PCURVE('',#1945,#11922);
#11922 = DEFINITIONAL_REPRESENTATION('',(#11923),#11927);
#11923 = LINE('',#11924,#11925);
#11924 = CARTESIAN_POINT('',(0.,-0.));
#11925 = VECTOR('',#11926,1.);
#11926 = DIRECTION('',(0.,1.));
#11927 = ( GEOMETRIC_REPRESENTATION_CONTEXT(2) 
PARAMETRIC_REPRESENTATION_CONTEXT() REPRESENTATION_CONTEXT('2D SPACE',''
  ) );
#11928 = ORIENTED_EDGE('',*,*,#1928,.T.);
#11929 = ORIENTED_EDGE('',*,*,#11908,.T.);
#11930 = ADVANCED_FACE('',(#11931),#1976,.F.);
#11931 = FACE_BOUND('',#11932,.F.);
#11932 = EDGE_LOOP('',(#11933,#11934,#11955,#11956));
#11933 = ORIENTED_EDGE('',*,*,#7238,.F.);
#11934 = ORIENTED_EDGE('',*,*,#11935,.F.);
#11935 = EDGE_CURVE('',#1960,#7239,#11936,.T.);
#11936 = SEAM_CURVE('',#11937,(#11941,#11948),.PCURVE_S1.);
#11937 = LINE('',#11938,#11939);
#11938 = CARTESIAN_POINT('',(25.4,-332.74,269.24));
#11939 = VECTOR('',#11940,1.);
#11940 = DIRECTION('',(0.,1.,0.));
#11941 = PCURVE('',#1976,#11942);
#11942 = DEFINITIONAL_REPRESENTATION('',(#11943),#11947);
#11943 = LINE('',#11944,#11945);
#11944 = CARTESIAN_POINT('',(6.28318530718,-0.));
#11945 = VECTOR('',#11946,1.);
#11946 = DIRECTION('',(0.,1.));
#11947 = ( GEOMETRIC_REPRESENTATION_CONTEXT(2) 
PARAMETRIC_REPRESENTATION_CONTEXT() REPRESENTATION_CONTEXT('2D SPACE',''
  ) );
#11948 = PCURVE('',#1976,#11949);
#11949 = DEFINITIONAL_REPRESENTATION('',(#11950),#11954);
#11950 = LINE('',#11951,#11952);
#11951 = CARTESIAN_POINT('',(0.,-0.));
#11952 = VECTOR('',#11953,1.);
#11953 = DIRECTION('',(0.,1.));
#11954 = ( GEOMETRIC_REPRESENTATION_CONTEXT(2) 
PARAMETRIC_REPRESENTATION_CONTEXT() REPRESENTATION_CONTEXT('2D SPACE',''
  ) );
#11955 = ORIENTED_EDGE('',*,*,#1959,.T.);
#11956 = ORIENTED_EDGE('',*,*,#11935,.T.);
#11957 = ADVANCED_FACE('',(#11958),#2007,.F.);
#11958 = FACE_BOUND('',#11959,.F.);
#11959 = EDGE_LOOP('',(#11960,#11961,#11982,#11983));
#11960 = ORIENTED_EDGE('',*,*,#7264,.F.);
#11961 = ORIENTED_EDGE('',*,*,#11962,.F.);
#11962 = EDGE_CURVE('',#1991,#7265,#11963,.T.);
#11963 = SEAM_CURVE('',#11964,(#11968,#11975),.PCURVE_S1.);
#11964 = LINE('',#11965,#11966);
#11965 = CARTESIAN_POINT('',(-101.6,-332.74,281.94));
#11966 = VECTOR('',#11967,1.);
#11967 = DIRECTION('',(0.,1.,0.));
#11968 = PCURVE('',#2007,#11969);
#11969 = DEFINITIONAL_REPRESENTATION('',(#11970),#11974);
#11970 = LINE('',#11971,#11972);
#11971 = CARTESIAN_POINT('',(6.28318530718,-0.));
#11972 = VECTOR('',#11973,1.);
#11973 = DIRECTION('',(0.,1.));
#11974 = ( GEOMETRIC_REPRESENTATION_CONTEXT(2) 
PARAMETRIC_REPRESENTATION_CONTEXT() REPRESENTATION_CONTEXT('2D SPACE',''
  ) );
#11975 = PCURVE('',#2007,#11976);
#11976 = DEFINITIONAL_REPRESENTATION('',(#11977),#11981);
#11977 = LINE('',#11978,#11979);
#11978 = CARTESIAN_POINT('',(0.,-0.));
#11979 = VECTOR('',#11980,1.);
#11980 = DIRECTION('',(0.,1.));
#11981 = ( GEOMETRIC_REPRESENTATION_CONTEXT(2) 
PARAMETRIC_REPRESENTATION_CONTEXT() REPRESENTATION_CONTEXT('2D SPACE',''
  ) );
#11982 = ORIENTED_EDGE('',*,*,#1990,.T.);
#11983 = ORIENTED_EDGE('',*,*,#11962,.T.);
#11984 = ADVANCED_FACE('',(#11985),#2038,.F.);
#11985 = FACE_BOUND('',#11986,.F.);
#11986 = EDGE_LOOP('',(#11987,#11988,#12009,#12010));
#11987 = ORIENTED_EDGE('',*,*,#7290,.F.);
#11988 = ORIENTED_EDGE('',*,*,#11989,.F.);
#11989 = EDGE_CURVE('',#2022,#7291,#11990,.T.);
#11990 = SEAM_CURVE('',#11991,(#11995,#12002),.PCURVE_S1.);
#11991 = LINE('',#11992,#11993);
#11992 = CARTESIAN_POINT('',(-101.6,-332.74,294.64));
#11993 = VECTOR('',#11994,1.);
#11994 = DIRECTION('',(0.,1.,0.));
#11995 = PCURVE('',#2038,#11996);
#11996 = DEFINITIONAL_REPRESENTATION('',(#11997),#12001);
#11997 = LINE('',#11998,#11999);
#11998 = CARTESIAN_POINT('',(6.28318530718,-0.));
#11999 = VECTOR('',#12000,1.);
#12000 = DIRECTION('',(0.,1.));
#12001 = ( GEOMETRIC_REPRESENTATION_CONTEXT(2) 
PARAMETRIC_REPRESENTATION_CONTEXT() REPRESENTATION_CONTEXT('2D SPACE',''
  ) );
#12002 = PCURVE('',#2038,#12003);
#12003 = DEFINITIONAL_REPRESENTATION('',(#12004),#12008);
#12004 = LINE('',#12005,#12006);
#12005 = CARTESIAN_POINT('',(0.,-0.));
#12006 = VECTOR('',#12007,1.);
#12007 = DIRECTION('',(0.,1.));
#12008 = ( GEOMETRIC_REPRESENTATION_CONTEXT(2) 
PARAMETRIC_REPRESENTATION_CONTEXT() REPRESENTATION_CONTEXT('2D SPACE',''
  ) );
#12009 = ORIENTED_EDGE('',*,*,#2021,.T.);
#12010 = ORIENTED_EDGE('',*,*,#11989,.T.);
#12011 = ADVANCED_FACE('',(#12012),#2069,.F.);
#12012 = FACE_BOUND('',#12013,.F.);
#12013 = EDGE_LOOP('',(#12014,#12015,#12036,#12037));
#12014 = ORIENTED_EDGE('',*,*,#7316,.F.);
#12015 = ORIENTED_EDGE('',*,*,#12016,.F.);
#12016 = EDGE_CURVE('',#2053,#7317,#12017,.T.);
#12017 = SEAM_CURVE('',#12018,(#12022,#12029),.PCURVE_S1.);
#12018 = LINE('',#12019,#12020);
#12019 = CARTESIAN_POINT('',(-101.6,-332.74,307.34));
#12020 = VECTOR('',#12021,1.);
#12021 = DIRECTION('',(0.,1.,0.));
#12022 = PCURVE('',#2069,#12023);
#12023 = DEFINITIONAL_REPRESENTATION('',(#12024),#12028);
#12024 = LINE('',#12025,#12026);
#12025 = CARTESIAN_POINT('',(6.28318530718,-0.));
#12026 = VECTOR('',#12027,1.);
#12027 = DIRECTION('',(0.,1.));
#12028 = ( GEOMETRIC_REPRESENTATION_CONTEXT(2) 
PARAMETRIC_REPRESENTATION_CONTEXT() REPRESENTATION_CONTEXT('2D SPACE',''
  ) );
#12029 = PCURVE('',#2069,#12030);
#12030 = DEFINITIONAL_REPRESENTATION('',(#12031),#12035);
#12031 = LINE('',#12032,#12033);
#12032 = CARTESIAN_POINT('',(0.,-0.));
#12033 = VECTOR('',#12034,1.);
#12034 = DIRECTION('',(0.,1.));
#12035 = ( GEOMETRIC_REPRESENTATION_CONTEXT(2) 
PARAMETRIC_REPRESENTATION_CONTEXT() REPRESENTATION_CONTEXT('2D SPACE',''
  ) );
#12036 = ORIENTED_EDGE('',*,*,#2052,.T.);
#12037 = ORIENTED_EDGE('',*,*,#12016,.T.);
#12038 = ADVANCED_FACE('',(#12039),#2100,.F.);
#12039 = FACE_BOUND('',#12040,.F.);
#12040 = EDGE_LOOP('',(#12041,#12042,#12063,#12064));
#12041 = ORIENTED_EDGE('',*,*,#7342,.F.);
#12042 = ORIENTED_EDGE('',*,*,#12043,.F.);
#12043 = EDGE_CURVE('',#2084,#7343,#12044,.T.);
#12044 = SEAM_CURVE('',#12045,(#12049,#12056),.PCURVE_S1.);
#12045 = LINE('',#12046,#12047);
#12046 = CARTESIAN_POINT('',(-101.6,-332.74,320.04));
#12047 = VECTOR('',#12048,1.);
#12048 = DIRECTION('',(0.,1.,0.));
#12049 = PCURVE('',#2100,#12050);
#12050 = DEFINITIONAL_REPRESENTATION('',(#12051),#12055);
#12051 = LINE('',#12052,#12053);
#12052 = CARTESIAN_POINT('',(6.28318530718,-0.));
#12053 = VECTOR('',#12054,1.);
#12054 = DIRECTION('',(0.,1.));
#12055 = ( GEOMETRIC_REPRESENTATION_CONTEXT(2) 
PARAMETRIC_REPRESENTATION_CONTEXT() REPRESENTATION_CONTEXT('2D SPACE',''
  ) );
#12056 = PCURVE('',#2100,#12057);
#12057 = DEFINITIONAL_REPRESENTATION('',(#12058),#12062);
#12058 = LINE('',#12059,#12060);
#12059 = CARTESIAN_POINT('',(0.,-0.));
#12060 = VECTOR('',#12061,1.);
#12061 = DIRECTION('',(0.,1.));
#12062 = ( GEOMETRIC_REPRESENTATION_CONTEXT(2) 
PARAMETRIC_REPRESENTATION_CONTEXT() REPRESENTATION_CONTEXT('2D SPACE',''
  ) );
#12063 = ORIENTED_EDGE('',*,*,#2083,.T.);
#12064 = ORIENTED_EDGE('',*,*,#12043,.T.);
#12065 = ADVANCED_FACE('',(#12066),#2131,.F.);
#12066 = FACE_BOUND('',#12067,.F.);
#12067 = EDGE_LOOP('',(#12068,#12069,#12090,#12091));
#12068 = ORIENTED_EDGE('',*,*,#7368,.F.);
#12069 = ORIENTED_EDGE('',*,*,#12070,.F.);
#12070 = EDGE_CURVE('',#2115,#7369,#12071,.T.);
#12071 = SEAM_CURVE('',#12072,(#12076,#12083),.PCURVE_S1.);
#12072 = LINE('',#12073,#12074);
#12073 = CARTESIAN_POINT('',(-101.6,-332.74,332.74));
#12074 = VECTOR('',#12075,1.);
#12075 = DIRECTION('',(0.,1.,0.));
#12076 = PCURVE('',#2131,#12077);
#12077 = DEFINITIONAL_REPRESENTATION('',(#12078),#12082);
#12078 = LINE('',#12079,#12080);
#12079 = CARTESIAN_POINT('',(6.28318530718,-0.));
#12080 = VECTOR('',#12081,1.);
#12081 = DIRECTION('',(0.,1.));
#12082 = ( GEOMETRIC_REPRESENTATION_CONTEXT(2) 
PARAMETRIC_REPRESENTATION_CONTEXT() REPRESENTATION_CONTEXT('2D SPACE',''
  ) );
#12083 = PCURVE('',#2131,#12084);
#12084 = DEFINITIONAL_REPRESENTATION('',(#12085),#12089);
#12085 = LINE('',#12086,#12087);
#12086 = CARTESIAN_POINT('',(0.,-0.));
#12087 = VECTOR('',#12088,1.);
#12088 = DIRECTION('',(0.,1.));
#12089 = ( GEOMETRIC_REPRESENTATION_CONTEXT(2) 
PARAMETRIC_REPRESENTATION_CONTEXT() REPRESENTATION_CONTEXT('2D SPACE',''
  ) );
#12090 = ORIENTED_EDGE('',*,*,#2114,.T.);
#12091 = ORIENTED_EDGE('',*,*,#12070,.T.);
#12092 = ADVANCED_FACE('',(#12093),#2162,.F.);
#12093 = FACE_BOUND('',#12094,.F.);
#12094 = EDGE_LOOP('',(#12095,#12096,#12117,#12118));
#12095 = ORIENTED_EDGE('',*,*,#7394,.F.);
#12096 = ORIENTED_EDGE('',*,*,#12097,.F.);
#12097 = EDGE_CURVE('',#2146,#7395,#12098,.T.);
#12098 = SEAM_CURVE('',#12099,(#12103,#12110),.PCURVE_S1.);
#12099 = LINE('',#12100,#12101);
#12100 = CARTESIAN_POINT('',(-88.9,-332.74,281.94));
#12101 = VECTOR('',#12102,1.);
#12102 = DIRECTION('',(0.,1.,0.));
#12103 = PCURVE('',#2162,#12104);
#12104 = DEFINITIONAL_REPRESENTATION('',(#12105),#12109);
#12105 = LINE('',#12106,#12107);
#12106 = CARTESIAN_POINT('',(6.28318530718,-0.));
#12107 = VECTOR('',#12108,1.);
#12108 = DIRECTION('',(0.,1.));
#12109 = ( GEOMETRIC_REPRESENTATION_CONTEXT(2) 
PARAMETRIC_REPRESENTATION_CONTEXT() REPRESENTATION_CONTEXT('2D SPACE',''
  ) );
#12110 = PCURVE('',#2162,#12111);
#12111 = DEFINITIONAL_REPRESENTATION('',(#12112),#12116);
#12112 = LINE('',#12113,#12114);
#12113 = CARTESIAN_POINT('',(0.,-0.));
#12114 = VECTOR('',#12115,1.);
#12115 = DIRECTION('',(0.,1.));
#12116 = ( GEOMETRIC_REPRESENTATION_CONTEXT(2) 
PARAMETRIC_REPRESENTATION_CONTEXT() REPRESENTATION_CONTEXT('2D SPACE',''
  ) );
#12117 = ORIENTED_EDGE('',*,*,#2145,.T.);
#12118 = ORIENTED_EDGE('',*,*,#12097,.T.);
#12119 = ADVANCED_FACE('',(#12120),#2193,.F.);
#12120 = FACE_BOUND('',#12121,.F.);
#12121 = EDGE_LOOP('',(#12122,#12123,#12144,#12145));
#12122 = ORIENTED_EDGE('',*,*,#7420,.F.);
#12123 = ORIENTED_EDGE('',*,*,#12124,.F.);
#12124 = EDGE_CURVE('',#2177,#7421,#12125,.T.);
#12125 = SEAM_CURVE('',#12126,(#12130,#12137),.PCURVE_S1.);
#12126 = LINE('',#12127,#12128);
#12127 = CARTESIAN_POINT('',(-76.2,-332.74,281.94));
#12128 = VECTOR('',#12129,1.);
#12129 = DIRECTION('',(0.,1.,0.));
#12130 = PCURVE('',#2193,#12131);
#12131 = DEFINITIONAL_REPRESENTATION('',(#12132),#12136);
#12132 = LINE('',#12133,#12134);
#12133 = CARTESIAN_POINT('',(6.28318530718,-0.));
#12134 = VECTOR('',#12135,1.);
#12135 = DIRECTION('',(0.,1.));
#12136 = ( GEOMETRIC_REPRESENTATION_CONTEXT(2) 
PARAMETRIC_REPRESENTATION_CONTEXT() REPRESENTATION_CONTEXT('2D SPACE',''
  ) );
#12137 = PCURVE('',#2193,#12138);
#12138 = DEFINITIONAL_REPRESENTATION('',(#12139),#12143);
#12139 = LINE('',#12140,#12141);
#12140 = CARTESIAN_POINT('',(0.,-0.));
#12141 = VECTOR('',#12142,1.);
#12142 = DIRECTION('',(0.,1.));
#12143 = ( GEOMETRIC_REPRESENTATION_CONTEXT(2) 
PARAMETRIC_REPRESENTATION_CONTEXT() REPRESENTATION_CONTEXT('2D SPACE',''
  ) );
#12144 = ORIENTED_EDGE('',*,*,#2176,.T.);
#12145 = ORIENTED_EDGE('',*,*,#12124,.T.);
#12146 = ADVANCED_FACE('',(#12147),#2224,.F.);
#12147 = FACE_BOUND('',#12148,.F.);
#12148 = EDGE_LOOP('',(#12149,#12150,#12171,#12172));
#12149 = ORIENTED_EDGE('',*,*,#7446,.F.);
#12150 = ORIENTED_EDGE('',*,*,#12151,.F.);
#12151 = EDGE_CURVE('',#2208,#7447,#12152,.T.);
#12152 = SEAM_CURVE('',#12153,(#12157,#12164),.PCURVE_S1.);
#12153 = LINE('',#12154,#12155);
#12154 = CARTESIAN_POINT('',(-63.5,-332.74,281.94));
#12155 = VECTOR('',#12156,1.);
#12156 = DIRECTION('',(0.,1.,0.));
#12157 = PCURVE('',#2224,#12158);
#12158 = DEFINITIONAL_REPRESENTATION('',(#12159),#12163);
#12159 = LINE('',#12160,#12161);
#12160 = CARTESIAN_POINT('',(6.28318530718,-0.));
#12161 = VECTOR('',#12162,1.);
#12162 = DIRECTION('',(0.,1.));
#12163 = ( GEOMETRIC_REPRESENTATION_CONTEXT(2) 
PARAMETRIC_REPRESENTATION_CONTEXT() REPRESENTATION_CONTEXT('2D SPACE',''
  ) );
#12164 = PCURVE('',#2224,#12165);
#12165 = DEFINITIONAL_REPRESENTATION('',(#12166),#12170);
#12166 = LINE('',#12167,#12168);
#12167 = CARTESIAN_POINT('',(0.,-0.));
#12168 = VECTOR('',#12169,1.);
#12169 = DIRECTION('',(0.,1.));
#12170 = ( GEOMETRIC_REPRESENTATION_CONTEXT(2) 
PARAMETRIC_REPRESENTATION_CONTEXT() REPRESENTATION_CONTEXT('2D SPACE',''
  ) );
#12171 = ORIENTED_EDGE('',*,*,#2207,.T.);
#12172 = ORIENTED_EDGE('',*,*,#12151,.T.);
#12173 = ADVANCED_FACE('',(#12174),#2255,.F.);
#12174 = FACE_BOUND('',#12175,.F.);
#12175 = EDGE_LOOP('',(#12176,#12177,#12198,#12199));
#12176 = ORIENTED_EDGE('',*,*,#7472,.F.);
#12177 = ORIENTED_EDGE('',*,*,#12178,.F.);
#12178 = EDGE_CURVE('',#2239,#7473,#12179,.T.);
#12179 = SEAM_CURVE('',#12180,(#12184,#12191),.PCURVE_S1.);
#12180 = LINE('',#12181,#12182);
#12181 = CARTESIAN_POINT('',(-50.8,-332.74,281.94));
#12182 = VECTOR('',#12183,1.);
#12183 = DIRECTION('',(0.,1.,0.));
#12184 = PCURVE('',#2255,#12185);
#12185 = DEFINITIONAL_REPRESENTATION('',(#12186),#12190);
#12186 = LINE('',#12187,#12188);
#12187 = CARTESIAN_POINT('',(6.28318530718,-0.));
#12188 = VECTOR('',#12189,1.);
#12189 = DIRECTION('',(0.,1.));
#12190 = ( GEOMETRIC_REPRESENTATION_CONTEXT(2) 
PARAMETRIC_REPRESENTATION_CONTEXT() REPRESENTATION_CONTEXT('2D SPACE',''
  ) );
#12191 = PCURVE('',#2255,#12192);
#12192 = DEFINITIONAL_REPRESENTATION('',(#12193),#12197);
#12193 = LINE('',#12194,#12195);
#12194 = CARTESIAN_POINT('',(0.,-0.));
#12195 = VECTOR('',#12196,1.);
#12196 = DIRECTION('',(0.,1.));
#12197 = ( GEOMETRIC_REPRESENTATION_CONTEXT(2) 
PARAMETRIC_REPRESENTATION_CONTEXT() REPRESENTATION_CONTEXT('2D SPACE',''
  ) );
#12198 = ORIENTED_EDGE('',*,*,#2238,.T.);
#12199 = ORIENTED_EDGE('',*,*,#12178,.T.);
#12200 = ADVANCED_FACE('',(#12201),#2286,.F.);
#12201 = FACE_BOUND('',#12202,.F.);
#12202 = EDGE_LOOP('',(#12203,#12204,#12225,#12226));
#12203 = ORIENTED_EDGE('',*,*,#7498,.F.);
#12204 = ORIENTED_EDGE('',*,*,#12205,.F.);
#12205 = EDGE_CURVE('',#2270,#7499,#12206,.T.);
#12206 = SEAM_CURVE('',#12207,(#12211,#12218),.PCURVE_S1.);
#12207 = LINE('',#12208,#12209);
#12208 = CARTESIAN_POINT('',(-38.1,-332.74,281.94));
#12209 = VECTOR('',#12210,1.);
#12210 = DIRECTION('',(0.,1.,0.));
#12211 = PCURVE('',#2286,#12212);
#12212 = DEFINITIONAL_REPRESENTATION('',(#12213),#12217);
#12213 = LINE('',#12214,#12215);
#12214 = CARTESIAN_POINT('',(6.28318530718,-0.));
#12215 = VECTOR('',#12216,1.);
#12216 = DIRECTION('',(0.,1.));
#12217 = ( GEOMETRIC_REPRESENTATION_CONTEXT(2) 
PARAMETRIC_REPRESENTATION_CONTEXT() REPRESENTATION_CONTEXT('2D SPACE',''
  ) );
#12218 = PCURVE('',#2286,#12219);
#12219 = DEFINITIONAL_REPRESENTATION('',(#12220),#12224);
#12220 = LINE('',#12221,#12222);
#12221 = CARTESIAN_POINT('',(0.,-0.));
#12222 = VECTOR('',#12223,1.);
#12223 = DIRECTION('',(0.,1.));
#12224 = ( GEOMETRIC_REPRESENTATION_CONTEXT(2) 
PARAMETRIC_REPRESENTATION_CONTEXT() REPRESENTATION_CONTEXT('2D SPACE',''
  ) );
#12225 = ORIENTED_EDGE('',*,*,#2269,.T.);
#12226 = ORIENTED_EDGE('',*,*,#12205,.T.);
#12227 = ADVANCED_FACE('',(#12228),#2317,.F.);
#12228 = FACE_BOUND('',#12229,.F.);
#12229 = EDGE_LOOP('',(#12230,#12231,#12252,#12253));
#12230 = ORIENTED_EDGE('',*,*,#7524,.F.);
#12231 = ORIENTED_EDGE('',*,*,#12232,.F.);
#12232 = EDGE_CURVE('',#2301,#7525,#12233,.T.);
#12233 = SEAM_CURVE('',#12234,(#12238,#12245),.PCURVE_S1.);
#12234 = LINE('',#12235,#12236);
#12235 = CARTESIAN_POINT('',(-88.9,-332.74,294.64));
#12236 = VECTOR('',#12237,1.);
#12237 = DIRECTION('',(0.,1.,0.));
#12238 = PCURVE('',#2317,#12239);
#12239 = DEFINITIONAL_REPRESENTATION('',(#12240),#12244);
#12240 = LINE('',#12241,#12242);
#12241 = CARTESIAN_POINT('',(6.28318530718,-0.));
#12242 = VECTOR('',#12243,1.);
#12243 = DIRECTION('',(0.,1.));
#12244 = ( GEOMETRIC_REPRESENTATION_CONTEXT(2) 
PARAMETRIC_REPRESENTATION_CONTEXT() REPRESENTATION_CONTEXT('2D SPACE',''
  ) );
#12245 = PCURVE('',#2317,#12246);
#12246 = DEFINITIONAL_REPRESENTATION('',(#12247),#12251);
#12247 = LINE('',#12248,#12249);
#12248 = CARTESIAN_POINT('',(0.,-0.));
#12249 = VECTOR('',#12250,1.);
#12250 = DIRECTION('',(0.,1.));
#12251 = ( GEOMETRIC_REPRESENTATION_CONTEXT(2) 
PARAMETRIC_REPRESENTATION_CONTEXT() REPRESENTATION_CONTEXT('2D SPACE',''
  ) );
#12252 = ORIENTED_EDGE('',*,*,#2300,.T.);
#12253 = ORIENTED_EDGE('',*,*,#12232,.T.);
#12254 = ADVANCED_FACE('',(#12255),#2348,.F.);
#12255 = FACE_BOUND('',#12256,.F.);
#12256 = EDGE_LOOP('',(#12257,#12258,#12279,#12280));
#12257 = ORIENTED_EDGE('',*,*,#7550,.F.);
#12258 = ORIENTED_EDGE('',*,*,#12259,.F.);
#12259 = EDGE_CURVE('',#2332,#7551,#12260,.T.);
#12260 = SEAM_CURVE('',#12261,(#12265,#12272),.PCURVE_S1.);
#12261 = LINE('',#12262,#12263);
#12262 = CARTESIAN_POINT('',(-76.2,-332.74,294.64));
#12263 = VECTOR('',#12264,1.);
#12264 = DIRECTION('',(0.,1.,0.));
#12265 = PCURVE('',#2348,#12266);
#12266 = DEFINITIONAL_REPRESENTATION('',(#12267),#12271);
#12267 = LINE('',#12268,#12269);
#12268 = CARTESIAN_POINT('',(6.28318530718,-0.));
#12269 = VECTOR('',#12270,1.);
#12270 = DIRECTION('',(0.,1.));
#12271 = ( GEOMETRIC_REPRESENTATION_CONTEXT(2) 
PARAMETRIC_REPRESENTATION_CONTEXT() REPRESENTATION_CONTEXT('2D SPACE',''
  ) );
#12272 = PCURVE('',#2348,#12273);
#12273 = DEFINITIONAL_REPRESENTATION('',(#12274),#12278);
#12274 = LINE('',#12275,#12276);
#12275 = CARTESIAN_POINT('',(0.,-0.));
#12276 = VECTOR('',#12277,1.);
#12277 = DIRECTION('',(0.,1.));
#12278 = ( GEOMETRIC_REPRESENTATION_CONTEXT(2) 
PARAMETRIC_REPRESENTATION_CONTEXT() REPRESENTATION_CONTEXT('2D SPACE',''
  ) );
#12279 = ORIENTED_EDGE('',*,*,#2331,.T.);
#12280 = ORIENTED_EDGE('',*,*,#12259,.T.);
#12281 = ADVANCED_FACE('',(#12282),#2379,.F.);
#12282 = FACE_BOUND('',#12283,.F.);
#12283 = EDGE_LOOP('',(#12284,#12285,#12306,#12307));
#12284 = ORIENTED_EDGE('',*,*,#7576,.F.);
#12285 = ORIENTED_EDGE('',*,*,#12286,.F.);
#12286 = EDGE_CURVE('',#2363,#7577,#12287,.T.);
#12287 = SEAM_CURVE('',#12288,(#12292,#12299),.PCURVE_S1.);
#12288 = LINE('',#12289,#12290);
#12289 = CARTESIAN_POINT('',(-63.5,-332.74,294.64));
#12290 = VECTOR('',#12291,1.);
#12291 = DIRECTION('',(0.,1.,0.));
#12292 = PCURVE('',#2379,#12293);
#12293 = DEFINITIONAL_REPRESENTATION('',(#12294),#12298);
#12294 = LINE('',#12295,#12296);
#12295 = CARTESIAN_POINT('',(6.28318530718,-0.));
#12296 = VECTOR('',#12297,1.);
#12297 = DIRECTION('',(0.,1.));
#12298 = ( GEOMETRIC_REPRESENTATION_CONTEXT(2) 
PARAMETRIC_REPRESENTATION_CONTEXT() REPRESENTATION_CONTEXT('2D SPACE',''
  ) );
#12299 = PCURVE('',#2379,#12300);
#12300 = DEFINITIONAL_REPRESENTATION('',(#12301),#12305);
#12301 = LINE('',#12302,#12303);
#12302 = CARTESIAN_POINT('',(0.,-0.));
#12303 = VECTOR('',#12304,1.);
#12304 = DIRECTION('',(0.,1.));
#12305 = ( GEOMETRIC_REPRESENTATION_CONTEXT(2) 
PARAMETRIC_REPRESENTATION_CONTEXT() REPRESENTATION_CONTEXT('2D SPACE',''
  ) );
#12306 = ORIENTED_EDGE('',*,*,#2362,.T.);
#12307 = ORIENTED_EDGE('',*,*,#12286,.T.);
#12308 = ADVANCED_FACE('',(#12309),#2410,.F.);
#12309 = FACE_BOUND('',#12310,.F.);
#12310 = EDGE_LOOP('',(#12311,#12312,#12333,#12334));
#12311 = ORIENTED_EDGE('',*,*,#7602,.F.);
#12312 = ORIENTED_EDGE('',*,*,#12313,.F.);
#12313 = EDGE_CURVE('',#2394,#7603,#12314,.T.);
#12314 = SEAM_CURVE('',#12315,(#12319,#12326),.PCURVE_S1.);
#12315 = LINE('',#12316,#12317);
#12316 = CARTESIAN_POINT('',(-50.8,-332.74,294.64));
#12317 = VECTOR('',#12318,1.);
#12318 = DIRECTION('',(0.,1.,0.));
#12319 = PCURVE('',#2410,#12320);
#12320 = DEFINITIONAL_REPRESENTATION('',(#12321),#12325);
#12321 = LINE('',#12322,#12323);
#12322 = CARTESIAN_POINT('',(6.28318530718,-0.));
#12323 = VECTOR('',#12324,1.);
#12324 = DIRECTION('',(0.,1.));
#12325 = ( GEOMETRIC_REPRESENTATION_CONTEXT(2) 
PARAMETRIC_REPRESENTATION_CONTEXT() REPRESENTATION_CONTEXT('2D SPACE',''
  ) );
#12326 = PCURVE('',#2410,#12327);
#12327 = DEFINITIONAL_REPRESENTATION('',(#12328),#12332);
#12328 = LINE('',#12329,#12330);
#12329 = CARTESIAN_POINT('',(0.,-0.));
#12330 = VECTOR('',#12331,1.);
#12331 = DIRECTION('',(0.,1.));
#12332 = ( GEOMETRIC_REPRESENTATION_CONTEXT(2) 
PARAMETRIC_REPRESENTATION_CONTEXT() REPRESENTATION_CONTEXT('2D SPACE',''
  ) );
#12333 = ORIENTED_EDGE('',*,*,#2393,.T.);
#12334 = ORIENTED_EDGE('',*,*,#12313,.T.);
#12335 = ADVANCED_FACE('',(#12336),#2441,.F.);
#12336 = FACE_BOUND('',#12337,.F.);
#12337 = EDGE_LOOP('',(#12338,#12339,#12360,#12361));
#12338 = ORIENTED_EDGE('',*,*,#7628,.F.);
#12339 = ORIENTED_EDGE('',*,*,#12340,.F.);
#12340 = EDGE_CURVE('',#2425,#7629,#12341,.T.);
#12341 = SEAM_CURVE('',#12342,(#12346,#12353),.PCURVE_S1.);
#12342 = LINE('',#12343,#12344);
#12343 = CARTESIAN_POINT('',(-38.1,-332.74,294.64));
#12344 = VECTOR('',#12345,1.);
#12345 = DIRECTION('',(0.,1.,0.));
#12346 = PCURVE('',#2441,#12347);
#12347 = DEFINITIONAL_REPRESENTATION('',(#12348),#12352);
#12348 = LINE('',#12349,#12350);
#12349 = CARTESIAN_POINT('',(6.28318530718,-0.));
#12350 = VECTOR('',#12351,1.);
#12351 = DIRECTION('',(0.,1.));
#12352 = ( GEOMETRIC_REPRESENTATION_CONTEXT(2) 
PARAMETRIC_REPRESENTATION_CONTEXT() REPRESENTATION_CONTEXT('2D SPACE',''
  ) );
#12353 = PCURVE('',#2441,#12354);
#12354 = DEFINITIONAL_REPRESENTATION('',(#12355),#12359);
#12355 = LINE('',#12356,#12357);
#12356 = CARTESIAN_POINT('',(0.,-0.));
#12357 = VECTOR('',#12358,1.);
#12358 = DIRECTION('',(0.,1.));
#12359 = ( GEOMETRIC_REPRESENTATION_CONTEXT(2) 
PARAMETRIC_REPRESENTATION_CONTEXT() REPRESENTATION_CONTEXT('2D SPACE',''
  ) );
#12360 = ORIENTED_EDGE('',*,*,#2424,.T.);
#12361 = ORIENTED_EDGE('',*,*,#12340,.T.);
#12362 = ADVANCED_FACE('',(#12363),#2472,.F.);
#12363 = FACE_BOUND('',#12364,.F.);
#12364 = EDGE_LOOP('',(#12365,#12366,#12387,#12388));
#12365 = ORIENTED_EDGE('',*,*,#7654,.F.);
#12366 = ORIENTED_EDGE('',*,*,#12367,.F.);
#12367 = EDGE_CURVE('',#2456,#7655,#12368,.T.);
#12368 = SEAM_CURVE('',#12369,(#12373,#12380),.PCURVE_S1.);
#12369 = LINE('',#12370,#12371);
#12370 = CARTESIAN_POINT('',(-25.4,-332.74,281.94));
#12371 = VECTOR('',#12372,1.);
#12372 = DIRECTION('',(0.,1.,0.));
#12373 = PCURVE('',#2472,#12374);
#12374 = DEFINITIONAL_REPRESENTATION('',(#12375),#12379);
#12375 = LINE('',#12376,#12377);
#12376 = CARTESIAN_POINT('',(6.28318530718,-0.));
#12377 = VECTOR('',#12378,1.);
#12378 = DIRECTION('',(0.,1.));
#12379 = ( GEOMETRIC_REPRESENTATION_CONTEXT(2) 
PARAMETRIC_REPRESENTATION_CONTEXT() REPRESENTATION_CONTEXT('2D SPACE',''
  ) );
#12380 = PCURVE('',#2472,#12381);
#12381 = DEFINITIONAL_REPRESENTATION('',(#12382),#12386);
#12382 = LINE('',#12383,#12384);
#12383 = CARTESIAN_POINT('',(0.,-0.));
#12384 = VECTOR('',#12385,1.);
#12385 = DIRECTION('',(0.,1.));
#12386 = ( GEOMETRIC_REPRESENTATION_CONTEXT(2) 
PARAMETRIC_REPRESENTATION_CONTEXT() REPRESENTATION_CONTEXT('2D SPACE',''
  ) );
#12387 = ORIENTED_EDGE('',*,*,#2455,.T.);
#12388 = ORIENTED_EDGE('',*,*,#12367,.T.);
#12389 = ADVANCED_FACE('',(#12390),#2503,.F.);
#12390 = FACE_BOUND('',#12391,.F.);
#12391 = EDGE_LOOP('',(#12392,#12393,#12414,#12415));
#12392 = ORIENTED_EDGE('',*,*,#7680,.F.);
#12393 = ORIENTED_EDGE('',*,*,#12394,.F.);
#12394 = EDGE_CURVE('',#2487,#7681,#12395,.T.);
#12395 = SEAM_CURVE('',#12396,(#12400,#12407),.PCURVE_S1.);
#12396 = LINE('',#12397,#12398);
#12397 = CARTESIAN_POINT('',(-12.7,-332.74,281.94));
#12398 = VECTOR('',#12399,1.);
#12399 = DIRECTION('',(0.,1.,0.));
#12400 = PCURVE('',#2503,#12401);
#12401 = DEFINITIONAL_REPRESENTATION('',(#12402),#12406);
#12402 = LINE('',#12403,#12404);
#12403 = CARTESIAN_POINT('',(6.28318530718,-0.));
#12404 = VECTOR('',#12405,1.);
#12405 = DIRECTION('',(0.,1.));
#12406 = ( GEOMETRIC_REPRESENTATION_CONTEXT(2) 
PARAMETRIC_REPRESENTATION_CONTEXT() REPRESENTATION_CONTEXT('2D SPACE',''
  ) );
#12407 = PCURVE('',#2503,#12408);
#12408 = DEFINITIONAL_REPRESENTATION('',(#12409),#12413);
#12409 = LINE('',#12410,#12411);
#12410 = CARTESIAN_POINT('',(0.,-0.));
#12411 = VECTOR('',#12412,1.);
#12412 = DIRECTION('',(0.,1.));
#12413 = ( GEOMETRIC_REPRESENTATION_CONTEXT(2) 
PARAMETRIC_REPRESENTATION_CONTEXT() REPRESENTATION_CONTEXT('2D SPACE',''
  ) );
#12414 = ORIENTED_EDGE('',*,*,#2486,.T.);
#12415 = ORIENTED_EDGE('',*,*,#12394,.T.);
#12416 = ADVANCED_FACE('',(#12417),#2534,.F.);
#12417 = FACE_BOUND('',#12418,.F.);
#12418 = EDGE_LOOP('',(#12419,#12420,#12441,#12442));
#12419 = ORIENTED_EDGE('',*,*,#7706,.F.);
#12420 = ORIENTED_EDGE('',*,*,#12421,.F.);
#12421 = EDGE_CURVE('',#2518,#7707,#12422,.T.);
#12422 = SEAM_CURVE('',#12423,(#12427,#12434),.PCURVE_S1.);
#12423 = LINE('',#12424,#12425);
#12424 = CARTESIAN_POINT('',(-6.221205739669E-16,-332.74,281.94));
#12425 = VECTOR('',#12426,1.);
#12426 = DIRECTION('',(0.,1.,0.));
#12427 = PCURVE('',#2534,#12428);
#12428 = DEFINITIONAL_REPRESENTATION('',(#12429),#12433);
#12429 = LINE('',#12430,#12431);
#12430 = CARTESIAN_POINT('',(6.28318530718,-0.));
#12431 = VECTOR('',#12432,1.);
#12432 = DIRECTION('',(0.,1.));
#12433 = ( GEOMETRIC_REPRESENTATION_CONTEXT(2) 
PARAMETRIC_REPRESENTATION_CONTEXT() REPRESENTATION_CONTEXT('2D SPACE',''
  ) );
#12434 = PCURVE('',#2534,#12435);
#12435 = DEFINITIONAL_REPRESENTATION('',(#12436),#12440);
#12436 = LINE('',#12437,#12438);
#12437 = CARTESIAN_POINT('',(0.,-0.));
#12438 = VECTOR('',#12439,1.);
#12439 = DIRECTION('',(0.,1.));
#12440 = ( GEOMETRIC_REPRESENTATION_CONTEXT(2) 
PARAMETRIC_REPRESENTATION_CONTEXT() REPRESENTATION_CONTEXT('2D SPACE',''
  ) );
#12441 = ORIENTED_EDGE('',*,*,#2517,.T.);
#12442 = ORIENTED_EDGE('',*,*,#12421,.T.);
#12443 = ADVANCED_FACE('',(#12444),#2565,.F.);
#12444 = FACE_BOUND('',#12445,.F.);
#12445 = EDGE_LOOP('',(#12446,#12447,#12468,#12469));
#12446 = ORIENTED_EDGE('',*,*,#7732,.F.);
#12447 = ORIENTED_EDGE('',*,*,#12448,.F.);
#12448 = EDGE_CURVE('',#2549,#7733,#12449,.T.);
#12449 = SEAM_CURVE('',#12450,(#12454,#12461),.PCURVE_S1.);
#12450 = LINE('',#12451,#12452);
#12451 = CARTESIAN_POINT('',(12.7,-332.74,281.94));
#12452 = VECTOR('',#12453,1.);
#12453 = DIRECTION('',(0.,1.,0.));
#12454 = PCURVE('',#2565,#12455);
#12455 = DEFINITIONAL_REPRESENTATION('',(#12456),#12460);
#12456 = LINE('',#12457,#12458);
#12457 = CARTESIAN_POINT('',(6.28318530718,-0.));
#12458 = VECTOR('',#12459,1.);
#12459 = DIRECTION('',(0.,1.));
#12460 = ( GEOMETRIC_REPRESENTATION_CONTEXT(2) 
PARAMETRIC_REPRESENTATION_CONTEXT() REPRESENTATION_CONTEXT('2D SPACE',''
  ) );
#12461 = PCURVE('',#2565,#12462);
#12462 = DEFINITIONAL_REPRESENTATION('',(#12463),#12467);
#12463 = LINE('',#12464,#12465);
#12464 = CARTESIAN_POINT('',(0.,-0.));
#12465 = VECTOR('',#12466,1.);
#12466 = DIRECTION('',(0.,1.));
#12467 = ( GEOMETRIC_REPRESENTATION_CONTEXT(2) 
PARAMETRIC_REPRESENTATION_CONTEXT() REPRESENTATION_CONTEXT('2D SPACE',''
  ) );
#12468 = ORIENTED_EDGE('',*,*,#2548,.T.);
#12469 = ORIENTED_EDGE('',*,*,#12448,.T.);
#12470 = ADVANCED_FACE('',(#12471),#2596,.F.);
#12471 = FACE_BOUND('',#12472,.F.);
#12472 = EDGE_LOOP('',(#12473,#12474,#12495,#12496));
#12473 = ORIENTED_EDGE('',*,*,#7758,.F.);
#12474 = ORIENTED_EDGE('',*,*,#12475,.F.);
#12475 = EDGE_CURVE('',#2580,#7759,#12476,.T.);
#12476 = SEAM_CURVE('',#12477,(#12481,#12488),.PCURVE_S1.);
#12477 = LINE('',#12478,#12479);
#12478 = CARTESIAN_POINT('',(25.4,-332.74,281.94));
#12479 = VECTOR('',#12480,1.);
#12480 = DIRECTION('',(0.,1.,0.));
#12481 = PCURVE('',#2596,#12482);
#12482 = DEFINITIONAL_REPRESENTATION('',(#12483),#12487);
#12483 = LINE('',#12484,#12485);
#12484 = CARTESIAN_POINT('',(6.28318530718,-0.));
#12485 = VECTOR('',#12486,1.);
#12486 = DIRECTION('',(0.,1.));
#12487 = ( GEOMETRIC_REPRESENTATION_CONTEXT(2) 
PARAMETRIC_REPRESENTATION_CONTEXT() REPRESENTATION_CONTEXT('2D SPACE',''
  ) );
#12488 = PCURVE('',#2596,#12489);
#12489 = DEFINITIONAL_REPRESENTATION('',(#12490),#12494);
#12490 = LINE('',#12491,#12492);
#12491 = CARTESIAN_POINT('',(0.,-0.));
#12492 = VECTOR('',#12493,1.);
#12493 = DIRECTION('',(0.,1.));
#12494 = ( GEOMETRIC_REPRESENTATION_CONTEXT(2) 
PARAMETRIC_REPRESENTATION_CONTEXT() REPRESENTATION_CONTEXT('2D SPACE',''
  ) );
#12495 = ORIENTED_EDGE('',*,*,#2579,.T.);
#12496 = ORIENTED_EDGE('',*,*,#12475,.T.);
#12497 = ADVANCED_FACE('',(#12498),#2627,.F.);
#12498 = FACE_BOUND('',#12499,.F.);
#12499 = EDGE_LOOP('',(#12500,#12501,#12522,#12523));
#12500 = ORIENTED_EDGE('',*,*,#7784,.F.);
#12501 = ORIENTED_EDGE('',*,*,#12502,.F.);
#12502 = EDGE_CURVE('',#2611,#7785,#12503,.T.);
#12503 = SEAM_CURVE('',#12504,(#12508,#12515),.PCURVE_S1.);
#12504 = LINE('',#12505,#12506);
#12505 = CARTESIAN_POINT('',(-25.4,-332.74,294.64));
#12506 = VECTOR('',#12507,1.);
#12507 = DIRECTION('',(0.,1.,0.));
#12508 = PCURVE('',#2627,#12509);
#12509 = DEFINITIONAL_REPRESENTATION('',(#12510),#12514);
#12510 = LINE('',#12511,#12512);
#12511 = CARTESIAN_POINT('',(6.28318530718,-0.));
#12512 = VECTOR('',#12513,1.);
#12513 = DIRECTION('',(0.,1.));
#12514 = ( GEOMETRIC_REPRESENTATION_CONTEXT(2) 
PARAMETRIC_REPRESENTATION_CONTEXT() REPRESENTATION_CONTEXT('2D SPACE',''
  ) );
#12515 = PCURVE('',#2627,#12516);
#12516 = DEFINITIONAL_REPRESENTATION('',(#12517),#12521);
#12517 = LINE('',#12518,#12519);
#12518 = CARTESIAN_POINT('',(0.,-0.));
#12519 = VECTOR('',#12520,1.);
#12520 = DIRECTION('',(0.,1.));
#12521 = ( GEOMETRIC_REPRESENTATION_CONTEXT(2) 
PARAMETRIC_REPRESENTATION_CONTEXT() REPRESENTATION_CONTEXT('2D SPACE',''
  ) );
#12522 = ORIENTED_EDGE('',*,*,#2610,.T.);
#12523 = ORIENTED_EDGE('',*,*,#12502,.T.);
#12524 = ADVANCED_FACE('',(#12525),#2658,.F.);
#12525 = FACE_BOUND('',#12526,.F.);
#12526 = EDGE_LOOP('',(#12527,#12528,#12549,#12550));
#12527 = ORIENTED_EDGE('',*,*,#7810,.F.);
#12528 = ORIENTED_EDGE('',*,*,#12529,.F.);
#12529 = EDGE_CURVE('',#2642,#7811,#12530,.T.);
#12530 = SEAM_CURVE('',#12531,(#12535,#12542),.PCURVE_S1.);
#12531 = LINE('',#12532,#12533);
#12532 = CARTESIAN_POINT('',(-12.7,-332.74,294.64));
#12533 = VECTOR('',#12534,1.);
#12534 = DIRECTION('',(0.,1.,0.));
#12535 = PCURVE('',#2658,#12536);
#12536 = DEFINITIONAL_REPRESENTATION('',(#12537),#12541);
#12537 = LINE('',#12538,#12539);
#12538 = CARTESIAN_POINT('',(6.28318530718,-0.));
#12539 = VECTOR('',#12540,1.);
#12540 = DIRECTION('',(0.,1.));
#12541 = ( GEOMETRIC_REPRESENTATION_CONTEXT(2) 
PARAMETRIC_REPRESENTATION_CONTEXT() REPRESENTATION_CONTEXT('2D SPACE',''
  ) );
#12542 = PCURVE('',#2658,#12543);
#12543 = DEFINITIONAL_REPRESENTATION('',(#12544),#12548);
#12544 = LINE('',#12545,#12546);
#12545 = CARTESIAN_POINT('',(0.,-0.));
#12546 = VECTOR('',#12547,1.);
#12547 = DIRECTION('',(0.,1.));
#12548 = ( GEOMETRIC_REPRESENTATION_CONTEXT(2) 
PARAMETRIC_REPRESENTATION_CONTEXT() REPRESENTATION_CONTEXT('2D SPACE',''
  ) );
#12549 = ORIENTED_EDGE('',*,*,#2641,.T.);
#12550 = ORIENTED_EDGE('',*,*,#12529,.T.);
#12551 = ADVANCED_FACE('',(#12552),#2689,.F.);
#12552 = FACE_BOUND('',#12553,.F.);
#12553 = EDGE_LOOP('',(#12554,#12555,#12576,#12577));
#12554 = ORIENTED_EDGE('',*,*,#7836,.F.);
#12555 = ORIENTED_EDGE('',*,*,#12556,.F.);
#12556 = EDGE_CURVE('',#2673,#7837,#12557,.T.);
#12557 = SEAM_CURVE('',#12558,(#12562,#12569),.PCURVE_S1.);
#12558 = LINE('',#12559,#12560);
#12559 = CARTESIAN_POINT('',(-6.221205739669E-16,-332.74,294.64));
#12560 = VECTOR('',#12561,1.);
#12561 = DIRECTION('',(0.,1.,0.));
#12562 = PCURVE('',#2689,#12563);
#12563 = DEFINITIONAL_REPRESENTATION('',(#12564),#12568);
#12564 = LINE('',#12565,#12566);
#12565 = CARTESIAN_POINT('',(6.28318530718,-0.));
#12566 = VECTOR('',#12567,1.);
#12567 = DIRECTION('',(0.,1.));
#12568 = ( GEOMETRIC_REPRESENTATION_CONTEXT(2) 
PARAMETRIC_REPRESENTATION_CONTEXT() REPRESENTATION_CONTEXT('2D SPACE',''
  ) );
#12569 = PCURVE('',#2689,#12570);
#12570 = DEFINITIONAL_REPRESENTATION('',(#12571),#12575);
#12571 = LINE('',#12572,#12573);
#12572 = CARTESIAN_POINT('',(0.,-0.));
#12573 = VECTOR('',#12574,1.);
#12574 = DIRECTION('',(0.,1.));
#12575 = ( GEOMETRIC_REPRESENTATION_CONTEXT(2) 
PARAMETRIC_REPRESENTATION_CONTEXT() REPRESENTATION_CONTEXT('2D SPACE',''
  ) );
#12576 = ORIENTED_EDGE('',*,*,#2672,.T.);
#12577 = ORIENTED_EDGE('',*,*,#12556,.T.);
#12578 = ADVANCED_FACE('',(#12579),#2720,.F.);
#12579 = FACE_BOUND('',#12580,.F.);
#12580 = EDGE_LOOP('',(#12581,#12582,#12603,#12604));
#12581 = ORIENTED_EDGE('',*,*,#7862,.F.);
#12582 = ORIENTED_EDGE('',*,*,#12583,.F.);
#12583 = EDGE_CURVE('',#2704,#7863,#12584,.T.);
#12584 = SEAM_CURVE('',#12585,(#12589,#12596),.PCURVE_S1.);
#12585 = LINE('',#12586,#12587);
#12586 = CARTESIAN_POINT('',(12.7,-332.74,294.64));
#12587 = VECTOR('',#12588,1.);
#12588 = DIRECTION('',(0.,1.,0.));
#12589 = PCURVE('',#2720,#12590);
#12590 = DEFINITIONAL_REPRESENTATION('',(#12591),#12595);
#12591 = LINE('',#12592,#12593);
#12592 = CARTESIAN_POINT('',(6.28318530718,-0.));
#12593 = VECTOR('',#12594,1.);
#12594 = DIRECTION('',(0.,1.));
#12595 = ( GEOMETRIC_REPRESENTATION_CONTEXT(2) 
PARAMETRIC_REPRESENTATION_CONTEXT() REPRESENTATION_CONTEXT('2D SPACE',''
  ) );
#12596 = PCURVE('',#2720,#12597);
#12597 = DEFINITIONAL_REPRESENTATION('',(#12598),#12602);
#12598 = LINE('',#12599,#12600);
#12599 = CARTESIAN_POINT('',(0.,-0.));
#12600 = VECTOR('',#12601,1.);
#12601 = DIRECTION('',(0.,1.));
#12602 = ( GEOMETRIC_REPRESENTATION_CONTEXT(2) 
PARAMETRIC_REPRESENTATION_CONTEXT() REPRESENTATION_CONTEXT('2D SPACE',''
  ) );
#12603 = ORIENTED_EDGE('',*,*,#2703,.T.);
#12604 = ORIENTED_EDGE('',*,*,#12583,.T.);
#12605 = ADVANCED_FACE('',(#12606),#2751,.F.);
#12606 = FACE_BOUND('',#12607,.F.);
#12607 = EDGE_LOOP('',(#12608,#12609,#12630,#12631));
#12608 = ORIENTED_EDGE('',*,*,#7888,.F.);
#12609 = ORIENTED_EDGE('',*,*,#12610,.F.);
#12610 = EDGE_CURVE('',#2735,#7889,#12611,.T.);
#12611 = SEAM_CURVE('',#12612,(#12616,#12623),.PCURVE_S1.);
#12612 = LINE('',#12613,#12614);
#12613 = CARTESIAN_POINT('',(25.4,-332.74,294.64));
#12614 = VECTOR('',#12615,1.);
#12615 = DIRECTION('',(0.,1.,0.));
#12616 = PCURVE('',#2751,#12617);
#12617 = DEFINITIONAL_REPRESENTATION('',(#12618),#12622);
#12618 = LINE('',#12619,#12620);
#12619 = CARTESIAN_POINT('',(6.28318530718,-0.));
#12620 = VECTOR('',#12621,1.);
#12621 = DIRECTION('',(0.,1.));
#12622 = ( GEOMETRIC_REPRESENTATION_CONTEXT(2) 
PARAMETRIC_REPRESENTATION_CONTEXT() REPRESENTATION_CONTEXT('2D SPACE',''
  ) );
#12623 = PCURVE('',#2751,#12624);
#12624 = DEFINITIONAL_REPRESENTATION('',(#12625),#12629);
#12625 = LINE('',#12626,#12627);
#12626 = CARTESIAN_POINT('',(0.,-0.));
#12627 = VECTOR('',#12628,1.);
#12628 = DIRECTION('',(0.,1.));
#12629 = ( GEOMETRIC_REPRESENTATION_CONTEXT(2) 
PARAMETRIC_REPRESENTATION_CONTEXT() REPRESENTATION_CONTEXT('2D SPACE',''
  ) );
#12630 = ORIENTED_EDGE('',*,*,#2734,.T.);
#12631 = ORIENTED_EDGE('',*,*,#12610,.T.);
#12632 = ADVANCED_FACE('',(#12633),#2782,.F.);
#12633 = FACE_BOUND('',#12634,.F.);
#12634 = EDGE_LOOP('',(#12635,#12636,#12657,#12658));
#12635 = ORIENTED_EDGE('',*,*,#7914,.F.);
#12636 = ORIENTED_EDGE('',*,*,#12637,.F.);
#12637 = EDGE_CURVE('',#2766,#7915,#12638,.T.);
#12638 = SEAM_CURVE('',#12639,(#12643,#12650),.PCURVE_S1.);
#12639 = LINE('',#12640,#12641);
#12640 = CARTESIAN_POINT('',(-88.9,-332.74,307.34));
#12641 = VECTOR('',#12642,1.);
#12642 = DIRECTION('',(0.,1.,0.));
#12643 = PCURVE('',#2782,#12644);
#12644 = DEFINITIONAL_REPRESENTATION('',(#12645),#12649);
#12645 = LINE('',#12646,#12647);
#12646 = CARTESIAN_POINT('',(6.28318530718,-0.));
#12647 = VECTOR('',#12648,1.);
#12648 = DIRECTION('',(0.,1.));
#12649 = ( GEOMETRIC_REPRESENTATION_CONTEXT(2) 
PARAMETRIC_REPRESENTATION_CONTEXT() REPRESENTATION_CONTEXT('2D SPACE',''
  ) );
#12650 = PCURVE('',#2782,#12651);
#12651 = DEFINITIONAL_REPRESENTATION('',(#12652),#12656);
#12652 = LINE('',#12653,#12654);
#12653 = CARTESIAN_POINT('',(0.,-0.));
#12654 = VECTOR('',#12655,1.);
#12655 = DIRECTION('',(0.,1.));
#12656 = ( GEOMETRIC_REPRESENTATION_CONTEXT(2) 
PARAMETRIC_REPRESENTATION_CONTEXT() REPRESENTATION_CONTEXT('2D SPACE',''
  ) );
#12657 = ORIENTED_EDGE('',*,*,#2765,.T.);
#12658 = ORIENTED_EDGE('',*,*,#12637,.T.);
#12659 = ADVANCED_FACE('',(#12660),#2813,.F.);
#12660 = FACE_BOUND('',#12661,.F.);
#12661 = EDGE_LOOP('',(#12662,#12663,#12684,#12685));
#12662 = ORIENTED_EDGE('',*,*,#7940,.F.);
#12663 = ORIENTED_EDGE('',*,*,#12664,.F.);
#12664 = EDGE_CURVE('',#2797,#7941,#12665,.T.);
#12665 = SEAM_CURVE('',#12666,(#12670,#12677),.PCURVE_S1.);
#12666 = LINE('',#12667,#12668);
#12667 = CARTESIAN_POINT('',(-76.2,-332.74,307.34));
#12668 = VECTOR('',#12669,1.);
#12669 = DIRECTION('',(0.,1.,0.));
#12670 = PCURVE('',#2813,#12671);
#12671 = DEFINITIONAL_REPRESENTATION('',(#12672),#12676);
#12672 = LINE('',#12673,#12674);
#12673 = CARTESIAN_POINT('',(6.28318530718,-0.));
#12674 = VECTOR('',#12675,1.);
#12675 = DIRECTION('',(0.,1.));
#12676 = ( GEOMETRIC_REPRESENTATION_CONTEXT(2) 
PARAMETRIC_REPRESENTATION_CONTEXT() REPRESENTATION_CONTEXT('2D SPACE',''
  ) );
#12677 = PCURVE('',#2813,#12678);
#12678 = DEFINITIONAL_REPRESENTATION('',(#12679),#12683);
#12679 = LINE('',#12680,#12681);
#12680 = CARTESIAN_POINT('',(0.,-0.));
#12681 = VECTOR('',#12682,1.);
#12682 = DIRECTION('',(0.,1.));
#12683 = ( GEOMETRIC_REPRESENTATION_CONTEXT(2) 
PARAMETRIC_REPRESENTATION_CONTEXT() REPRESENTATION_CONTEXT('2D SPACE',''
  ) );
#12684 = ORIENTED_EDGE('',*,*,#2796,.T.);
#12685 = ORIENTED_EDGE('',*,*,#12664,.T.);
#12686 = ADVANCED_FACE('',(#12687),#2844,.F.);
#12687 = FACE_BOUND('',#12688,.F.);
#12688 = EDGE_LOOP('',(#12689,#12690,#12711,#12712));
#12689 = ORIENTED_EDGE('',*,*,#7966,.F.);
#12690 = ORIENTED_EDGE('',*,*,#12691,.F.);
#12691 = EDGE_CURVE('',#2828,#7967,#12692,.T.);
#12692 = SEAM_CURVE('',#12693,(#12697,#12704),.PCURVE_S1.);
#12693 = LINE('',#12694,#12695);
#12694 = CARTESIAN_POINT('',(-63.5,-332.74,307.34));
#12695 = VECTOR('',#12696,1.);
#12696 = DIRECTION('',(0.,1.,0.));
#12697 = PCURVE('',#2844,#12698);
#12698 = DEFINITIONAL_REPRESENTATION('',(#12699),#12703);
#12699 = LINE('',#12700,#12701);
#12700 = CARTESIAN_POINT('',(6.28318530718,-0.));
#12701 = VECTOR('',#12702,1.);
#12702 = DIRECTION('',(0.,1.));
#12703 = ( GEOMETRIC_REPRESENTATION_CONTEXT(2) 
PARAMETRIC_REPRESENTATION_CONTEXT() REPRESENTATION_CONTEXT('2D SPACE',''
  ) );
#12704 = PCURVE('',#2844,#12705);
#12705 = DEFINITIONAL_REPRESENTATION('',(#12706),#12710);
#12706 = LINE('',#12707,#12708);
#12707 = CARTESIAN_POINT('',(0.,-0.));
#12708 = VECTOR('',#12709,1.);
#12709 = DIRECTION('',(0.,1.));
#12710 = ( GEOMETRIC_REPRESENTATION_CONTEXT(2) 
PARAMETRIC_REPRESENTATION_CONTEXT() REPRESENTATION_CONTEXT('2D SPACE',''
  ) );
#12711 = ORIENTED_EDGE('',*,*,#2827,.T.);
#12712 = ORIENTED_EDGE('',*,*,#12691,.T.);
#12713 = ADVANCED_FACE('',(#12714),#2875,.F.);
#12714 = FACE_BOUND('',#12715,.F.);
#12715 = EDGE_LOOP('',(#12716,#12717,#12738,#12739));
#12716 = ORIENTED_EDGE('',*,*,#7992,.F.);
#12717 = ORIENTED_EDGE('',*,*,#12718,.F.);
#12718 = EDGE_CURVE('',#2859,#7993,#12719,.T.);
#12719 = SEAM_CURVE('',#12720,(#12724,#12731),.PCURVE_S1.);
#12720 = LINE('',#12721,#12722);
#12721 = CARTESIAN_POINT('',(-50.8,-332.74,307.34));
#12722 = VECTOR('',#12723,1.);
#12723 = DIRECTION('',(0.,1.,0.));
#12724 = PCURVE('',#2875,#12725);
#12725 = DEFINITIONAL_REPRESENTATION('',(#12726),#12730);
#12726 = LINE('',#12727,#12728);
#12727 = CARTESIAN_POINT('',(6.28318530718,-0.));
#12728 = VECTOR('',#12729,1.);
#12729 = DIRECTION('',(0.,1.));
#12730 = ( GEOMETRIC_REPRESENTATION_CONTEXT(2) 
PARAMETRIC_REPRESENTATION_CONTEXT() REPRESENTATION_CONTEXT('2D SPACE',''
  ) );
#12731 = PCURVE('',#2875,#12732);
#12732 = DEFINITIONAL_REPRESENTATION('',(#12733),#12737);
#12733 = LINE('',#12734,#12735);
#12734 = CARTESIAN_POINT('',(0.,-0.));
#12735 = VECTOR('',#12736,1.);
#12736 = DIRECTION('',(0.,1.));
#12737 = ( GEOMETRIC_REPRESENTATION_CONTEXT(2) 
PARAMETRIC_REPRESENTATION_CONTEXT() REPRESENTATION_CONTEXT('2D SPACE',''
  ) );
#12738 = ORIENTED_EDGE('',*,*,#2858,.T.);
#12739 = ORIENTED_EDGE('',*,*,#12718,.T.);
#12740 = ADVANCED_FACE('',(#12741),#2906,.F.);
#12741 = FACE_BOUND('',#12742,.F.);
#12742 = EDGE_LOOP('',(#12743,#12744,#12765,#12766));
#12743 = ORIENTED_EDGE('',*,*,#8018,.F.);
#12744 = ORIENTED_EDGE('',*,*,#12745,.F.);
#12745 = EDGE_CURVE('',#2890,#8019,#12746,.T.);
#12746 = SEAM_CURVE('',#12747,(#12751,#12758),.PCURVE_S1.);
#12747 = LINE('',#12748,#12749);
#12748 = CARTESIAN_POINT('',(-38.1,-332.74,307.34));
#12749 = VECTOR('',#12750,1.);
#12750 = DIRECTION('',(0.,1.,0.));
#12751 = PCURVE('',#2906,#12752);
#12752 = DEFINITIONAL_REPRESENTATION('',(#12753),#12757);
#12753 = LINE('',#12754,#12755);
#12754 = CARTESIAN_POINT('',(6.28318530718,-0.));
#12755 = VECTOR('',#12756,1.);
#12756 = DIRECTION('',(0.,1.));
#12757 = ( GEOMETRIC_REPRESENTATION_CONTEXT(2) 
PARAMETRIC_REPRESENTATION_CONTEXT() REPRESENTATION_CONTEXT('2D SPACE',''
  ) );
#12758 = PCURVE('',#2906,#12759);
#12759 = DEFINITIONAL_REPRESENTATION('',(#12760),#12764);
#12760 = LINE('',#12761,#12762);
#12761 = CARTESIAN_POINT('',(0.,-0.));
#12762 = VECTOR('',#12763,1.);
#12763 = DIRECTION('',(0.,1.));
#12764 = ( GEOMETRIC_REPRESENTATION_CONTEXT(2) 
PARAMETRIC_REPRESENTATION_CONTEXT() REPRESENTATION_CONTEXT('2D SPACE',''
  ) );
#12765 = ORIENTED_EDGE('',*,*,#2889,.T.);
#12766 = ORIENTED_EDGE('',*,*,#12745,.T.);
#12767 = ADVANCED_FACE('',(#12768),#2937,.F.);
#12768 = FACE_BOUND('',#12769,.F.);
#12769 = EDGE_LOOP('',(#12770,#12771,#12792,#12793));
#12770 = ORIENTED_EDGE('',*,*,#8044,.F.);
#12771 = ORIENTED_EDGE('',*,*,#12772,.F.);
#12772 = EDGE_CURVE('',#2921,#8045,#12773,.T.);
#12773 = SEAM_CURVE('',#12774,(#12778,#12785),.PCURVE_S1.);
#12774 = LINE('',#12775,#12776);
#12775 = CARTESIAN_POINT('',(-88.9,-332.74,320.04));
#12776 = VECTOR('',#12777,1.);
#12777 = DIRECTION('',(0.,1.,0.));
#12778 = PCURVE('',#2937,#12779);
#12779 = DEFINITIONAL_REPRESENTATION('',(#12780),#12784);
#12780 = LINE('',#12781,#12782);
#12781 = CARTESIAN_POINT('',(6.28318530718,-0.));
#12782 = VECTOR('',#12783,1.);
#12783 = DIRECTION('',(0.,1.));
#12784 = ( GEOMETRIC_REPRESENTATION_CONTEXT(2) 
PARAMETRIC_REPRESENTATION_CONTEXT() REPRESENTATION_CONTEXT('2D SPACE',''
  ) );
#12785 = PCURVE('',#2937,#12786);
#12786 = DEFINITIONAL_REPRESENTATION('',(#12787),#12791);
#12787 = LINE('',#12788,#12789);
#12788 = CARTESIAN_POINT('',(0.,-0.));
#12789 = VECTOR('',#12790,1.);
#12790 = DIRECTION('',(0.,1.));
#12791 = ( GEOMETRIC_REPRESENTATION_CONTEXT(2) 
PARAMETRIC_REPRESENTATION_CONTEXT() REPRESENTATION_CONTEXT('2D SPACE',''
  ) );
#12792 = ORIENTED_EDGE('',*,*,#2920,.T.);
#12793 = ORIENTED_EDGE('',*,*,#12772,.T.);
#12794 = ADVANCED_FACE('',(#12795),#2968,.F.);
#12795 = FACE_BOUND('',#12796,.F.);
#12796 = EDGE_LOOP('',(#12797,#12798,#12819,#12820));
#12797 = ORIENTED_EDGE('',*,*,#8070,.F.);
#12798 = ORIENTED_EDGE('',*,*,#12799,.F.);
#12799 = EDGE_CURVE('',#2952,#8071,#12800,.T.);
#12800 = SEAM_CURVE('',#12801,(#12805,#12812),.PCURVE_S1.);
#12801 = LINE('',#12802,#12803);
#12802 = CARTESIAN_POINT('',(-76.2,-332.74,320.04));
#12803 = VECTOR('',#12804,1.);
#12804 = DIRECTION('',(0.,1.,0.));
#12805 = PCURVE('',#2968,#12806);
#12806 = DEFINITIONAL_REPRESENTATION('',(#12807),#12811);
#12807 = LINE('',#12808,#12809);
#12808 = CARTESIAN_POINT('',(6.28318530718,-0.));
#12809 = VECTOR('',#12810,1.);
#12810 = DIRECTION('',(0.,1.));
#12811 = ( GEOMETRIC_REPRESENTATION_CONTEXT(2) 
PARAMETRIC_REPRESENTATION_CONTEXT() REPRESENTATION_CONTEXT('2D SPACE',''
  ) );
#12812 = PCURVE('',#2968,#12813);
#12813 = DEFINITIONAL_REPRESENTATION('',(#12814),#12818);
#12814 = LINE('',#12815,#12816);
#12815 = CARTESIAN_POINT('',(0.,-0.));
#12816 = VECTOR('',#12817,1.);
#12817 = DIRECTION('',(0.,1.));
#12818 = ( GEOMETRIC_REPRESENTATION_CONTEXT(2) 
PARAMETRIC_REPRESENTATION_CONTEXT() REPRESENTATION_CONTEXT('2D SPACE',''
  ) );
#12819 = ORIENTED_EDGE('',*,*,#2951,.T.);
#12820 = ORIENTED_EDGE('',*,*,#12799,.T.);
#12821 = ADVANCED_FACE('',(#12822),#2999,.F.);
#12822 = FACE_BOUND('',#12823,.F.);
#12823 = EDGE_LOOP('',(#12824,#12825,#12846,#12847));
#12824 = ORIENTED_EDGE('',*,*,#8096,.F.);
#12825 = ORIENTED_EDGE('',*,*,#12826,.F.);
#12826 = EDGE_CURVE('',#2983,#8097,#12827,.T.);
#12827 = SEAM_CURVE('',#12828,(#12832,#12839),.PCURVE_S1.);
#12828 = LINE('',#12829,#12830);
#12829 = CARTESIAN_POINT('',(-88.9,-332.74,332.74));
#12830 = VECTOR('',#12831,1.);
#12831 = DIRECTION('',(0.,1.,0.));
#12832 = PCURVE('',#2999,#12833);
#12833 = DEFINITIONAL_REPRESENTATION('',(#12834),#12838);
#12834 = LINE('',#12835,#12836);
#12835 = CARTESIAN_POINT('',(6.28318530718,-0.));
#12836 = VECTOR('',#12837,1.);
#12837 = DIRECTION('',(0.,1.));
#12838 = ( GEOMETRIC_REPRESENTATION_CONTEXT(2) 
PARAMETRIC_REPRESENTATION_CONTEXT() REPRESENTATION_CONTEXT('2D SPACE',''
  ) );
#12839 = PCURVE('',#2999,#12840);
#12840 = DEFINITIONAL_REPRESENTATION('',(#12841),#12845);
#12841 = LINE('',#12842,#12843);
#12842 = CARTESIAN_POINT('',(0.,-0.));
#12843 = VECTOR('',#12844,1.);
#12844 = DIRECTION('',(0.,1.));
#12845 = ( GEOMETRIC_REPRESENTATION_CONTEXT(2) 
PARAMETRIC_REPRESENTATION_CONTEXT() REPRESENTATION_CONTEXT('2D SPACE',''
  ) );
#12846 = ORIENTED_EDGE('',*,*,#2982,.T.);
#12847 = ORIENTED_EDGE('',*,*,#12826,.T.);
#12848 = ADVANCED_FACE('',(#12849),#3030,.F.);
#12849 = FACE_BOUND('',#12850,.F.);
#12850 = EDGE_LOOP('',(#12851,#12852,#12873,#12874));
#12851 = ORIENTED_EDGE('',*,*,#8122,.F.);
#12852 = ORIENTED_EDGE('',*,*,#12853,.F.);
#12853 = EDGE_CURVE('',#3014,#8123,#12854,.T.);
#12854 = SEAM_CURVE('',#12855,(#12859,#12866),.PCURVE_S1.);
#12855 = LINE('',#12856,#12857);
#12856 = CARTESIAN_POINT('',(-76.2,-332.74,332.74));
#12857 = VECTOR('',#12858,1.);
#12858 = DIRECTION('',(0.,1.,0.));
#12859 = PCURVE('',#3030,#12860);
#12860 = DEFINITIONAL_REPRESENTATION('',(#12861),#12865);
#12861 = LINE('',#12862,#12863);
#12862 = CARTESIAN_POINT('',(6.28318530718,-0.));
#12863 = VECTOR('',#12864,1.);
#12864 = DIRECTION('',(0.,1.));
#12865 = ( GEOMETRIC_REPRESENTATION_CONTEXT(2) 
PARAMETRIC_REPRESENTATION_CONTEXT() REPRESENTATION_CONTEXT('2D SPACE',''
  ) );
#12866 = PCURVE('',#3030,#12867);
#12867 = DEFINITIONAL_REPRESENTATION('',(#12868),#12872);
#12868 = LINE('',#12869,#12870);
#12869 = CARTESIAN_POINT('',(0.,-0.));
#12870 = VECTOR('',#12871,1.);
#12871 = DIRECTION('',(0.,1.));
#12872 = ( GEOMETRIC_REPRESENTATION_CONTEXT(2) 
PARAMETRIC_REPRESENTATION_CONTEXT() REPRESENTATION_CONTEXT('2D SPACE',''
  ) );
#12873 = ORIENTED_EDGE('',*,*,#3013,.T.);
#12874 = ORIENTED_EDGE('',*,*,#12853,.T.);
#12875 = ADVANCED_FACE('',(#12876),#3061,.F.);
#12876 = FACE_BOUND('',#12877,.F.);
#12877 = EDGE_LOOP('',(#12878,#12879,#12900,#12901));
#12878 = ORIENTED_EDGE('',*,*,#8148,.F.);
#12879 = ORIENTED_EDGE('',*,*,#12880,.F.);
#12880 = EDGE_CURVE('',#3045,#8149,#12881,.T.);
#12881 = SEAM_CURVE('',#12882,(#12886,#12893),.PCURVE_S1.);
#12882 = LINE('',#12883,#12884);
#12883 = CARTESIAN_POINT('',(-63.5,-332.74,320.04));
#12884 = VECTOR('',#12885,1.);
#12885 = DIRECTION('',(0.,1.,0.));
#12886 = PCURVE('',#3061,#12887);
#12887 = DEFINITIONAL_REPRESENTATION('',(#12888),#12892);
#12888 = LINE('',#12889,#12890);
#12889 = CARTESIAN_POINT('',(6.28318530718,-0.));
#12890 = VECTOR('',#12891,1.);
#12891 = DIRECTION('',(0.,1.));
#12892 = ( GEOMETRIC_REPRESENTATION_CONTEXT(2) 
PARAMETRIC_REPRESENTATION_CONTEXT() REPRESENTATION_CONTEXT('2D SPACE',''
  ) );
#12893 = PCURVE('',#3061,#12894);
#12894 = DEFINITIONAL_REPRESENTATION('',(#12895),#12899);
#12895 = LINE('',#12896,#12897);
#12896 = CARTESIAN_POINT('',(0.,-0.));
#12897 = VECTOR('',#12898,1.);
#12898 = DIRECTION('',(0.,1.));
#12899 = ( GEOMETRIC_REPRESENTATION_CONTEXT(2) 
PARAMETRIC_REPRESENTATION_CONTEXT() REPRESENTATION_CONTEXT('2D SPACE',''
  ) );
#12900 = ORIENTED_EDGE('',*,*,#3044,.T.);
#12901 = ORIENTED_EDGE('',*,*,#12880,.T.);
#12902 = ADVANCED_FACE('',(#12903),#3092,.F.);
#12903 = FACE_BOUND('',#12904,.F.);
#12904 = EDGE_LOOP('',(#12905,#12906,#12927,#12928));
#12905 = ORIENTED_EDGE('',*,*,#8174,.F.);
#12906 = ORIENTED_EDGE('',*,*,#12907,.F.);
#12907 = EDGE_CURVE('',#3076,#8175,#12908,.T.);
#12908 = SEAM_CURVE('',#12909,(#12913,#12920),.PCURVE_S1.);
#12909 = LINE('',#12910,#12911);
#12910 = CARTESIAN_POINT('',(-50.8,-332.74,320.04));
#12911 = VECTOR('',#12912,1.);
#12912 = DIRECTION('',(0.,1.,0.));
#12913 = PCURVE('',#3092,#12914);
#12914 = DEFINITIONAL_REPRESENTATION('',(#12915),#12919);
#12915 = LINE('',#12916,#12917);
#12916 = CARTESIAN_POINT('',(6.28318530718,-0.));
#12917 = VECTOR('',#12918,1.);
#12918 = DIRECTION('',(0.,1.));
#12919 = ( GEOMETRIC_REPRESENTATION_CONTEXT(2) 
PARAMETRIC_REPRESENTATION_CONTEXT() REPRESENTATION_CONTEXT('2D SPACE',''
  ) );
#12920 = PCURVE('',#3092,#12921);
#12921 = DEFINITIONAL_REPRESENTATION('',(#12922),#12926);
#12922 = LINE('',#12923,#12924);
#12923 = CARTESIAN_POINT('',(0.,-0.));
#12924 = VECTOR('',#12925,1.);
#12925 = DIRECTION('',(0.,1.));
#12926 = ( GEOMETRIC_REPRESENTATION_CONTEXT(2) 
PARAMETRIC_REPRESENTATION_CONTEXT() REPRESENTATION_CONTEXT('2D SPACE',''
  ) );
#12927 = ORIENTED_EDGE('',*,*,#3075,.T.);
#12928 = ORIENTED_EDGE('',*,*,#12907,.T.);
#12929 = ADVANCED_FACE('',(#12930),#3123,.F.);
#12930 = FACE_BOUND('',#12931,.F.);
#12931 = EDGE_LOOP('',(#12932,#12933,#12954,#12955));
#12932 = ORIENTED_EDGE('',*,*,#8200,.F.);
#12933 = ORIENTED_EDGE('',*,*,#12934,.F.);
#12934 = EDGE_CURVE('',#3107,#8201,#12935,.T.);
#12935 = SEAM_CURVE('',#12936,(#12940,#12947),.PCURVE_S1.);
#12936 = LINE('',#12937,#12938);
#12937 = CARTESIAN_POINT('',(-38.1,-332.74,320.04));
#12938 = VECTOR('',#12939,1.);
#12939 = DIRECTION('',(0.,1.,0.));
#12940 = PCURVE('',#3123,#12941);
#12941 = DEFINITIONAL_REPRESENTATION('',(#12942),#12946);
#12942 = LINE('',#12943,#12944);
#12943 = CARTESIAN_POINT('',(6.28318530718,-0.));
#12944 = VECTOR('',#12945,1.);
#12945 = DIRECTION('',(0.,1.));
#12946 = ( GEOMETRIC_REPRESENTATION_CONTEXT(2) 
PARAMETRIC_REPRESENTATION_CONTEXT() REPRESENTATION_CONTEXT('2D SPACE',''
  ) );
#12947 = PCURVE('',#3123,#12948);
#12948 = DEFINITIONAL_REPRESENTATION('',(#12949),#12953);
#12949 = LINE('',#12950,#12951);
#12950 = CARTESIAN_POINT('',(0.,-0.));
#12951 = VECTOR('',#12952,1.);
#12952 = DIRECTION('',(0.,1.));
#12953 = ( GEOMETRIC_REPRESENTATION_CONTEXT(2) 
PARAMETRIC_REPRESENTATION_CONTEXT() REPRESENTATION_CONTEXT('2D SPACE',''
  ) );
#12954 = ORIENTED_EDGE('',*,*,#3106,.T.);
#12955 = ORIENTED_EDGE('',*,*,#12934,.T.);
#12956 = ADVANCED_FACE('',(#12957),#3154,.F.);
#12957 = FACE_BOUND('',#12958,.F.);
#12958 = EDGE_LOOP('',(#12959,#12960,#12981,#12982));
#12959 = ORIENTED_EDGE('',*,*,#8226,.F.);
#12960 = ORIENTED_EDGE('',*,*,#12961,.F.);
#12961 = EDGE_CURVE('',#3138,#8227,#12962,.T.);
#12962 = SEAM_CURVE('',#12963,(#12967,#12974),.PCURVE_S1.);
#12963 = LINE('',#12964,#12965);
#12964 = CARTESIAN_POINT('',(-63.5,-332.74,332.74));
#12965 = VECTOR('',#12966,1.);
#12966 = DIRECTION('',(0.,1.,0.));
#12967 = PCURVE('',#3154,#12968);
#12968 = DEFINITIONAL_REPRESENTATION('',(#12969),#12973);
#12969 = LINE('',#12970,#12971);
#12970 = CARTESIAN_POINT('',(6.28318530718,-0.));
#12971 = VECTOR('',#12972,1.);
#12972 = DIRECTION('',(0.,1.));
#12973 = ( GEOMETRIC_REPRESENTATION_CONTEXT(2) 
PARAMETRIC_REPRESENTATION_CONTEXT() REPRESENTATION_CONTEXT('2D SPACE',''
  ) );
#12974 = PCURVE('',#3154,#12975);
#12975 = DEFINITIONAL_REPRESENTATION('',(#12976),#12980);
#12976 = LINE('',#12977,#12978);
#12977 = CARTESIAN_POINT('',(0.,-0.));
#12978 = VECTOR('',#12979,1.);
#12979 = DIRECTION('',(0.,1.));
#12980 = ( GEOMETRIC_REPRESENTATION_CONTEXT(2) 
PARAMETRIC_REPRESENTATION_CONTEXT() REPRESENTATION_CONTEXT('2D SPACE',''
  ) );
#12981 = ORIENTED_EDGE('',*,*,#3137,.T.);
#12982 = ORIENTED_EDGE('',*,*,#12961,.T.);
#12983 = ADVANCED_FACE('',(#12984),#3185,.F.);
#12984 = FACE_BOUND('',#12985,.F.);
#12985 = EDGE_LOOP('',(#12986,#12987,#13008,#13009));
#12986 = ORIENTED_EDGE('',*,*,#8252,.F.);
#12987 = ORIENTED_EDGE('',*,*,#12988,.F.);
#12988 = EDGE_CURVE('',#3169,#8253,#12989,.T.);
#12989 = SEAM_CURVE('',#12990,(#12994,#13001),.PCURVE_S1.);
#12990 = LINE('',#12991,#12992);
#12991 = CARTESIAN_POINT('',(-50.8,-332.74,332.74));
#12992 = VECTOR('',#12993,1.);
#12993 = DIRECTION('',(0.,1.,0.));
#12994 = PCURVE('',#3185,#12995);
#12995 = DEFINITIONAL_REPRESENTATION('',(#12996),#13000);
#12996 = LINE('',#12997,#12998);
#12997 = CARTESIAN_POINT('',(6.28318530718,-0.));
#12998 = VECTOR('',#12999,1.);
#12999 = DIRECTION('',(0.,1.));
#13000 = ( GEOMETRIC_REPRESENTATION_CONTEXT(2) 
PARAMETRIC_REPRESENTATION_CONTEXT() REPRESENTATION_CONTEXT('2D SPACE',''
  ) );
#13001 = PCURVE('',#3185,#13002);
#13002 = DEFINITIONAL_REPRESENTATION('',(#13003),#13007);
#13003 = LINE('',#13004,#13005);
#13004 = CARTESIAN_POINT('',(0.,-0.));
#13005 = VECTOR('',#13006,1.);
#13006 = DIRECTION('',(0.,1.));
#13007 = ( GEOMETRIC_REPRESENTATION_CONTEXT(2) 
PARAMETRIC_REPRESENTATION_CONTEXT() REPRESENTATION_CONTEXT('2D SPACE',''
  ) );
#13008 = ORIENTED_EDGE('',*,*,#3168,.T.);
#13009 = ORIENTED_EDGE('',*,*,#12988,.T.);
#13010 = ADVANCED_FACE('',(#13011),#3216,.F.);
#13011 = FACE_BOUND('',#13012,.F.);
#13012 = EDGE_LOOP('',(#13013,#13014,#13035,#13036));
#13013 = ORIENTED_EDGE('',*,*,#8278,.F.);
#13014 = ORIENTED_EDGE('',*,*,#13015,.F.);
#13015 = EDGE_CURVE('',#3200,#8279,#13016,.T.);
#13016 = SEAM_CURVE('',#13017,(#13021,#13028),.PCURVE_S1.);
#13017 = LINE('',#13018,#13019);
#13018 = CARTESIAN_POINT('',(-38.1,-332.74,332.74));
#13019 = VECTOR('',#13020,1.);
#13020 = DIRECTION('',(0.,1.,0.));
#13021 = PCURVE('',#3216,#13022);
#13022 = DEFINITIONAL_REPRESENTATION('',(#13023),#13027);
#13023 = LINE('',#13024,#13025);
#13024 = CARTESIAN_POINT('',(6.28318530718,-0.));
#13025 = VECTOR('',#13026,1.);
#13026 = DIRECTION('',(0.,1.));
#13027 = ( GEOMETRIC_REPRESENTATION_CONTEXT(2) 
PARAMETRIC_REPRESENTATION_CONTEXT() REPRESENTATION_CONTEXT('2D SPACE',''
  ) );
#13028 = PCURVE('',#3216,#13029);
#13029 = DEFINITIONAL_REPRESENTATION('',(#13030),#13034);
#13030 = LINE('',#13031,#13032);
#13031 = CARTESIAN_POINT('',(0.,-0.));
#13032 = VECTOR('',#13033,1.);
#13033 = DIRECTION('',(0.,1.));
#13034 = ( GEOMETRIC_REPRESENTATION_CONTEXT(2) 
PARAMETRIC_REPRESENTATION_CONTEXT() REPRESENTATION_CONTEXT('2D SPACE',''
  ) );
#13035 = ORIENTED_EDGE('',*,*,#3199,.T.);
#13036 = ORIENTED_EDGE('',*,*,#13015,.T.);
#13037 = ADVANCED_FACE('',(#13038),#3247,.F.);
#13038 = FACE_BOUND('',#13039,.F.);
#13039 = EDGE_LOOP('',(#13040,#13041,#13062,#13063));
#13040 = ORIENTED_EDGE('',*,*,#8304,.F.);
#13041 = ORIENTED_EDGE('',*,*,#13042,.F.);
#13042 = EDGE_CURVE('',#3231,#8305,#13043,.T.);
#13043 = SEAM_CURVE('',#13044,(#13048,#13055),.PCURVE_S1.);
#13044 = LINE('',#13045,#13046);
#13045 = CARTESIAN_POINT('',(-25.4,-332.74,307.34));
#13046 = VECTOR('',#13047,1.);
#13047 = DIRECTION('',(0.,1.,0.));
#13048 = PCURVE('',#3247,#13049);
#13049 = DEFINITIONAL_REPRESENTATION('',(#13050),#13054);
#13050 = LINE('',#13051,#13052);
#13051 = CARTESIAN_POINT('',(6.28318530718,-0.));
#13052 = VECTOR('',#13053,1.);
#13053 = DIRECTION('',(0.,1.));
#13054 = ( GEOMETRIC_REPRESENTATION_CONTEXT(2) 
PARAMETRIC_REPRESENTATION_CONTEXT() REPRESENTATION_CONTEXT('2D SPACE',''
  ) );
#13055 = PCURVE('',#3247,#13056);
#13056 = DEFINITIONAL_REPRESENTATION('',(#13057),#13061);
#13057 = LINE('',#13058,#13059);
#13058 = CARTESIAN_POINT('',(0.,-0.));
#13059 = VECTOR('',#13060,1.);
#13060 = DIRECTION('',(0.,1.));
#13061 = ( GEOMETRIC_REPRESENTATION_CONTEXT(2) 
PARAMETRIC_REPRESENTATION_CONTEXT() REPRESENTATION_CONTEXT('2D SPACE',''
  ) );
#13062 = ORIENTED_EDGE('',*,*,#3230,.T.);
#13063 = ORIENTED_EDGE('',*,*,#13042,.T.);
#13064 = ADVANCED_FACE('',(#13065),#3278,.F.);
#13065 = FACE_BOUND('',#13066,.F.);
#13066 = EDGE_LOOP('',(#13067,#13068,#13089,#13090));
#13067 = ORIENTED_EDGE('',*,*,#8330,.F.);
#13068 = ORIENTED_EDGE('',*,*,#13069,.F.);
#13069 = EDGE_CURVE('',#3262,#8331,#13070,.T.);
#13070 = SEAM_CURVE('',#13071,(#13075,#13082),.PCURVE_S1.);
#13071 = LINE('',#13072,#13073);
#13072 = CARTESIAN_POINT('',(-12.7,-332.74,307.34));
#13073 = VECTOR('',#13074,1.);
#13074 = DIRECTION('',(0.,1.,0.));
#13075 = PCURVE('',#3278,#13076);
#13076 = DEFINITIONAL_REPRESENTATION('',(#13077),#13081);
#13077 = LINE('',#13078,#13079);
#13078 = CARTESIAN_POINT('',(6.28318530718,-0.));
#13079 = VECTOR('',#13080,1.);
#13080 = DIRECTION('',(0.,1.));
#13081 = ( GEOMETRIC_REPRESENTATION_CONTEXT(2) 
PARAMETRIC_REPRESENTATION_CONTEXT() REPRESENTATION_CONTEXT('2D SPACE',''
  ) );
#13082 = PCURVE('',#3278,#13083);
#13083 = DEFINITIONAL_REPRESENTATION('',(#13084),#13088);
#13084 = LINE('',#13085,#13086);
#13085 = CARTESIAN_POINT('',(0.,-0.));
#13086 = VECTOR('',#13087,1.);
#13087 = DIRECTION('',(0.,1.));
#13088 = ( GEOMETRIC_REPRESENTATION_CONTEXT(2) 
PARAMETRIC_REPRESENTATION_CONTEXT() REPRESENTATION_CONTEXT('2D SPACE',''
  ) );
#13089 = ORIENTED_EDGE('',*,*,#3261,.T.);
#13090 = ORIENTED_EDGE('',*,*,#13069,.T.);
#13091 = ADVANCED_FACE('',(#13092),#3309,.F.);
#13092 = FACE_BOUND('',#13093,.F.);
#13093 = EDGE_LOOP('',(#13094,#13095,#13116,#13117));
#13094 = ORIENTED_EDGE('',*,*,#8356,.F.);
#13095 = ORIENTED_EDGE('',*,*,#13096,.F.);
#13096 = EDGE_CURVE('',#3293,#8357,#13097,.T.);
#13097 = SEAM_CURVE('',#13098,(#13102,#13109),.PCURVE_S1.);
#13098 = LINE('',#13099,#13100);
#13099 = CARTESIAN_POINT('',(-6.221205739669E-16,-332.74,307.34));
#13100 = VECTOR('',#13101,1.);
#13101 = DIRECTION('',(0.,1.,0.));
#13102 = PCURVE('',#3309,#13103);
#13103 = DEFINITIONAL_REPRESENTATION('',(#13104),#13108);
#13104 = LINE('',#13105,#13106);
#13105 = CARTESIAN_POINT('',(6.28318530718,-0.));
#13106 = VECTOR('',#13107,1.);
#13107 = DIRECTION('',(0.,1.));
#13108 = ( GEOMETRIC_REPRESENTATION_CONTEXT(2) 
PARAMETRIC_REPRESENTATION_CONTEXT() REPRESENTATION_CONTEXT('2D SPACE',''
  ) );
#13109 = PCURVE('',#3309,#13110);
#13110 = DEFINITIONAL_REPRESENTATION('',(#13111),#13115);
#13111 = LINE('',#13112,#13113);
#13112 = CARTESIAN_POINT('',(0.,-0.));
#13113 = VECTOR('',#13114,1.);
#13114 = DIRECTION('',(0.,1.));
#13115 = ( GEOMETRIC_REPRESENTATION_CONTEXT(2) 
PARAMETRIC_REPRESENTATION_CONTEXT() REPRESENTATION_CONTEXT('2D SPACE',''
  ) );
#13116 = ORIENTED_EDGE('',*,*,#3292,.T.);
#13117 = ORIENTED_EDGE('',*,*,#13096,.T.);
#13118 = ADVANCED_FACE('',(#13119),#3340,.F.);
#13119 = FACE_BOUND('',#13120,.F.);
#13120 = EDGE_LOOP('',(#13121,#13122,#13143,#13144));
#13121 = ORIENTED_EDGE('',*,*,#8382,.F.);
#13122 = ORIENTED_EDGE('',*,*,#13123,.F.);
#13123 = EDGE_CURVE('',#3324,#8383,#13124,.T.);
#13124 = SEAM_CURVE('',#13125,(#13129,#13136),.PCURVE_S1.);
#13125 = LINE('',#13126,#13127);
#13126 = CARTESIAN_POINT('',(12.7,-332.74,307.34));
#13127 = VECTOR('',#13128,1.);
#13128 = DIRECTION('',(0.,1.,0.));
#13129 = PCURVE('',#3340,#13130);
#13130 = DEFINITIONAL_REPRESENTATION('',(#13131),#13135);
#13131 = LINE('',#13132,#13133);
#13132 = CARTESIAN_POINT('',(6.28318530718,-0.));
#13133 = VECTOR('',#13134,1.);
#13134 = DIRECTION('',(0.,1.));
#13135 = ( GEOMETRIC_REPRESENTATION_CONTEXT(2) 
PARAMETRIC_REPRESENTATION_CONTEXT() REPRESENTATION_CONTEXT('2D SPACE',''
  ) );
#13136 = PCURVE('',#3340,#13137);
#13137 = DEFINITIONAL_REPRESENTATION('',(#13138),#13142);
#13138 = LINE('',#13139,#13140);
#13139 = CARTESIAN_POINT('',(0.,-0.));
#13140 = VECTOR('',#13141,1.);
#13141 = DIRECTION('',(0.,1.));
#13142 = ( GEOMETRIC_REPRESENTATION_CONTEXT(2) 
PARAMETRIC_REPRESENTATION_CONTEXT() REPRESENTATION_CONTEXT('2D SPACE',''
  ) );
#13143 = ORIENTED_EDGE('',*,*,#3323,.T.);
#13144 = ORIENTED_EDGE('',*,*,#13123,.T.);
#13145 = ADVANCED_FACE('',(#13146),#3371,.F.);
#13146 = FACE_BOUND('',#13147,.F.);
#13147 = EDGE_LOOP('',(#13148,#13149,#13170,#13171));
#13148 = ORIENTED_EDGE('',*,*,#8408,.F.);
#13149 = ORIENTED_EDGE('',*,*,#13150,.F.);
#13150 = EDGE_CURVE('',#3355,#8409,#13151,.T.);
#13151 = SEAM_CURVE('',#13152,(#13156,#13163),.PCURVE_S1.);
#13152 = LINE('',#13153,#13154);
#13153 = CARTESIAN_POINT('',(25.4,-332.74,307.34));
#13154 = VECTOR('',#13155,1.);
#13155 = DIRECTION('',(0.,1.,0.));
#13156 = PCURVE('',#3371,#13157);
#13157 = DEFINITIONAL_REPRESENTATION('',(#13158),#13162);
#13158 = LINE('',#13159,#13160);
#13159 = CARTESIAN_POINT('',(6.28318530718,-0.));
#13160 = VECTOR('',#13161,1.);
#13161 = DIRECTION('',(0.,1.));
#13162 = ( GEOMETRIC_REPRESENTATION_CONTEXT(2) 
PARAMETRIC_REPRESENTATION_CONTEXT() REPRESENTATION_CONTEXT('2D SPACE',''
  ) );
#13163 = PCURVE('',#3371,#13164);
#13164 = DEFINITIONAL_REPRESENTATION('',(#13165),#13169);
#13165 = LINE('',#13166,#13167);
#13166 = CARTESIAN_POINT('',(0.,-0.));
#13167 = VECTOR('',#13168,1.);
#13168 = DIRECTION('',(0.,1.));
#13169 = ( GEOMETRIC_REPRESENTATION_CONTEXT(2) 
PARAMETRIC_REPRESENTATION_CONTEXT() REPRESENTATION_CONTEXT('2D SPACE',''
  ) );
#13170 = ORIENTED_EDGE('',*,*,#3354,.T.);
#13171 = ORIENTED_EDGE('',*,*,#13150,.T.);
#13172 = ADVANCED_FACE('',(#13173),#3402,.F.);
#13173 = FACE_BOUND('',#13174,.F.);
#13174 = EDGE_LOOP('',(#13175,#13176,#13197,#13198));
#13175 = ORIENTED_EDGE('',*,*,#8434,.F.);
#13176 = ORIENTED_EDGE('',*,*,#13177,.F.);
#13177 = EDGE_CURVE('',#3386,#8435,#13178,.T.);
#13178 = SEAM_CURVE('',#13179,(#13183,#13190),.PCURVE_S1.);
#13179 = LINE('',#13180,#13181);
#13180 = CARTESIAN_POINT('',(-25.4,-332.74,320.04));
#13181 = VECTOR('',#13182,1.);
#13182 = DIRECTION('',(0.,1.,0.));
#13183 = PCURVE('',#3402,#13184);
#13184 = DEFINITIONAL_REPRESENTATION('',(#13185),#13189);
#13185 = LINE('',#13186,#13187);
#13186 = CARTESIAN_POINT('',(6.28318530718,-0.));
#13187 = VECTOR('',#13188,1.);
#13188 = DIRECTION('',(0.,1.));
#13189 = ( GEOMETRIC_REPRESENTATION_CONTEXT(2) 
PARAMETRIC_REPRESENTATION_CONTEXT() REPRESENTATION_CONTEXT('2D SPACE',''
  ) );
#13190 = PCURVE('',#3402,#13191);
#13191 = DEFINITIONAL_REPRESENTATION('',(#13192),#13196);
#13192 = LINE('',#13193,#13194);
#13193 = CARTESIAN_POINT('',(0.,-0.));
#13194 = VECTOR('',#13195,1.);
#13195 = DIRECTION('',(0.,1.));
#13196 = ( GEOMETRIC_REPRESENTATION_CONTEXT(2) 
PARAMETRIC_REPRESENTATION_CONTEXT() REPRESENTATION_CONTEXT('2D SPACE',''
  ) );
#13197 = ORIENTED_EDGE('',*,*,#3385,.T.);
#13198 = ORIENTED_EDGE('',*,*,#13177,.T.);
#13199 = ADVANCED_FACE('',(#13200),#3433,.F.);
#13200 = FACE_BOUND('',#13201,.F.);
#13201 = EDGE_LOOP('',(#13202,#13203,#13224,#13225));
#13202 = ORIENTED_EDGE('',*,*,#8460,.F.);
#13203 = ORIENTED_EDGE('',*,*,#13204,.F.);
#13204 = EDGE_CURVE('',#3417,#8461,#13205,.T.);
#13205 = SEAM_CURVE('',#13206,(#13210,#13217),.PCURVE_S1.);
#13206 = LINE('',#13207,#13208);
#13207 = CARTESIAN_POINT('',(-12.7,-332.74,320.04));
#13208 = VECTOR('',#13209,1.);
#13209 = DIRECTION('',(0.,1.,0.));
#13210 = PCURVE('',#3433,#13211);
#13211 = DEFINITIONAL_REPRESENTATION('',(#13212),#13216);
#13212 = LINE('',#13213,#13214);
#13213 = CARTESIAN_POINT('',(6.28318530718,-0.));
#13214 = VECTOR('',#13215,1.);
#13215 = DIRECTION('',(0.,1.));
#13216 = ( GEOMETRIC_REPRESENTATION_CONTEXT(2) 
PARAMETRIC_REPRESENTATION_CONTEXT() REPRESENTATION_CONTEXT('2D SPACE',''
  ) );
#13217 = PCURVE('',#3433,#13218);
#13218 = DEFINITIONAL_REPRESENTATION('',(#13219),#13223);
#13219 = LINE('',#13220,#13221);
#13220 = CARTESIAN_POINT('',(0.,-0.));
#13221 = VECTOR('',#13222,1.);
#13222 = DIRECTION('',(0.,1.));
#13223 = ( GEOMETRIC_REPRESENTATION_CONTEXT(2) 
PARAMETRIC_REPRESENTATION_CONTEXT() REPRESENTATION_CONTEXT('2D SPACE',''
  ) );
#13224 = ORIENTED_EDGE('',*,*,#3416,.T.);
#13225 = ORIENTED_EDGE('',*,*,#13204,.T.);
#13226 = ADVANCED_FACE('',(#13227),#3464,.F.);
#13227 = FACE_BOUND('',#13228,.F.);
#13228 = EDGE_LOOP('',(#13229,#13230,#13251,#13252));
#13229 = ORIENTED_EDGE('',*,*,#8486,.F.);
#13230 = ORIENTED_EDGE('',*,*,#13231,.F.);
#13231 = EDGE_CURVE('',#3448,#8487,#13232,.T.);
#13232 = SEAM_CURVE('',#13233,(#13237,#13244),.PCURVE_S1.);
#13233 = LINE('',#13234,#13235);
#13234 = CARTESIAN_POINT('',(-6.221205739669E-16,-332.74,320.04));
#13235 = VECTOR('',#13236,1.);
#13236 = DIRECTION('',(0.,1.,0.));
#13237 = PCURVE('',#3464,#13238);
#13238 = DEFINITIONAL_REPRESENTATION('',(#13239),#13243);
#13239 = LINE('',#13240,#13241);
#13240 = CARTESIAN_POINT('',(6.28318530718,-0.));
#13241 = VECTOR('',#13242,1.);
#13242 = DIRECTION('',(0.,1.));
#13243 = ( GEOMETRIC_REPRESENTATION_CONTEXT(2) 
PARAMETRIC_REPRESENTATION_CONTEXT() REPRESENTATION_CONTEXT('2D SPACE',''
  ) );
#13244 = PCURVE('',#3464,#13245);
#13245 = DEFINITIONAL_REPRESENTATION('',(#13246),#13250);
#13246 = LINE('',#13247,#13248);
#13247 = CARTESIAN_POINT('',(0.,-0.));
#13248 = VECTOR('',#13249,1.);
#13249 = DIRECTION('',(0.,1.));
#13250 = ( GEOMETRIC_REPRESENTATION_CONTEXT(2) 
PARAMETRIC_REPRESENTATION_CONTEXT() REPRESENTATION_CONTEXT('2D SPACE',''
  ) );
#13251 = ORIENTED_EDGE('',*,*,#3447,.T.);
#13252 = ORIENTED_EDGE('',*,*,#13231,.T.);
#13253 = ADVANCED_FACE('',(#13254),#3495,.F.);
#13254 = FACE_BOUND('',#13255,.F.);
#13255 = EDGE_LOOP('',(#13256,#13257,#13278,#13279));
#13256 = ORIENTED_EDGE('',*,*,#8512,.F.);
#13257 = ORIENTED_EDGE('',*,*,#13258,.F.);
#13258 = EDGE_CURVE('',#3479,#8513,#13259,.T.);
#13259 = SEAM_CURVE('',#13260,(#13264,#13271),.PCURVE_S1.);
#13260 = LINE('',#13261,#13262);
#13261 = CARTESIAN_POINT('',(-25.4,-332.74,332.74));
#13262 = VECTOR('',#13263,1.);
#13263 = DIRECTION('',(0.,1.,0.));
#13264 = PCURVE('',#3495,#13265);
#13265 = DEFINITIONAL_REPRESENTATION('',(#13266),#13270);
#13266 = LINE('',#13267,#13268);
#13267 = CARTESIAN_POINT('',(6.28318530718,-0.));
#13268 = VECTOR('',#13269,1.);
#13269 = DIRECTION('',(0.,1.));
#13270 = ( GEOMETRIC_REPRESENTATION_CONTEXT(2) 
PARAMETRIC_REPRESENTATION_CONTEXT() REPRESENTATION_CONTEXT('2D SPACE',''
  ) );
#13271 = PCURVE('',#3495,#13272);
#13272 = DEFINITIONAL_REPRESENTATION('',(#13273),#13277);
#13273 = LINE('',#13274,#13275);
#13274 = CARTESIAN_POINT('',(0.,-0.));
#13275 = VECTOR('',#13276,1.);
#13276 = DIRECTION('',(0.,1.));
#13277 = ( GEOMETRIC_REPRESENTATION_CONTEXT(2) 
PARAMETRIC_REPRESENTATION_CONTEXT() REPRESENTATION_CONTEXT('2D SPACE',''
  ) );
#13278 = ORIENTED_EDGE('',*,*,#3478,.T.);
#13279 = ORIENTED_EDGE('',*,*,#13258,.T.);
#13280 = ADVANCED_FACE('',(#13281),#3526,.F.);
#13281 = FACE_BOUND('',#13282,.F.);
#13282 = EDGE_LOOP('',(#13283,#13284,#13305,#13306));
#13283 = ORIENTED_EDGE('',*,*,#8538,.F.);
#13284 = ORIENTED_EDGE('',*,*,#13285,.F.);
#13285 = EDGE_CURVE('',#3510,#8539,#13286,.T.);
#13286 = SEAM_CURVE('',#13287,(#13291,#13298),.PCURVE_S1.);
#13287 = LINE('',#13288,#13289);
#13288 = CARTESIAN_POINT('',(-12.7,-332.74,332.74));
#13289 = VECTOR('',#13290,1.);
#13290 = DIRECTION('',(0.,1.,0.));
#13291 = PCURVE('',#3526,#13292);
#13292 = DEFINITIONAL_REPRESENTATION('',(#13293),#13297);
#13293 = LINE('',#13294,#13295);
#13294 = CARTESIAN_POINT('',(6.28318530718,-0.));
#13295 = VECTOR('',#13296,1.);
#13296 = DIRECTION('',(0.,1.));
#13297 = ( GEOMETRIC_REPRESENTATION_CONTEXT(2) 
PARAMETRIC_REPRESENTATION_CONTEXT() REPRESENTATION_CONTEXT('2D SPACE',''
  ) );
#13298 = PCURVE('',#3526,#13299);
#13299 = DEFINITIONAL_REPRESENTATION('',(#13300),#13304);
#13300 = LINE('',#13301,#13302);
#13301 = CARTESIAN_POINT('',(0.,-0.));
#13302 = VECTOR('',#13303,1.);
#13303 = DIRECTION('',(0.,1.));
#13304 = ( GEOMETRIC_REPRESENTATION_CONTEXT(2) 
PARAMETRIC_REPRESENTATION_CONTEXT() REPRESENTATION_CONTEXT('2D SPACE',''
  ) );
#13305 = ORIENTED_EDGE('',*,*,#3509,.T.);
#13306 = ORIENTED_EDGE('',*,*,#13285,.T.);
#13307 = ADVANCED_FACE('',(#13308),#3557,.F.);
#13308 = FACE_BOUND('',#13309,.F.);
#13309 = EDGE_LOOP('',(#13310,#13311,#13332,#13333));
#13310 = ORIENTED_EDGE('',*,*,#8564,.F.);
#13311 = ORIENTED_EDGE('',*,*,#13312,.F.);
#13312 = EDGE_CURVE('',#3541,#8565,#13313,.T.);
#13313 = SEAM_CURVE('',#13314,(#13318,#13325),.PCURVE_S1.);
#13314 = LINE('',#13315,#13316);
#13315 = CARTESIAN_POINT('',(-6.221205739669E-16,-332.74,332.74));
#13316 = VECTOR('',#13317,1.);
#13317 = DIRECTION('',(0.,1.,0.));
#13318 = PCURVE('',#3557,#13319);
#13319 = DEFINITIONAL_REPRESENTATION('',(#13320),#13324);
#13320 = LINE('',#13321,#13322);
#13321 = CARTESIAN_POINT('',(6.28318530718,-0.));
#13322 = VECTOR('',#13323,1.);
#13323 = DIRECTION('',(0.,1.));
#13324 = ( GEOMETRIC_REPRESENTATION_CONTEXT(2) 
PARAMETRIC_REPRESENTATION_CONTEXT() REPRESENTATION_CONTEXT('2D SPACE',''
  ) );
#13325 = PCURVE('',#3557,#13326);
#13326 = DEFINITIONAL_REPRESENTATION('',(#13327),#13331);
#13327 = LINE('',#13328,#13329);
#13328 = CARTESIAN_POINT('',(0.,-0.));
#13329 = VECTOR('',#13330,1.);
#13330 = DIRECTION('',(0.,1.));
#13331 = ( GEOMETRIC_REPRESENTATION_CONTEXT(2) 
PARAMETRIC_REPRESENTATION_CONTEXT() REPRESENTATION_CONTEXT('2D SPACE',''
  ) );
#13332 = ORIENTED_EDGE('',*,*,#3540,.T.);
#13333 = ORIENTED_EDGE('',*,*,#13312,.T.);
#13334 = ADVANCED_FACE('',(#13335),#3588,.F.);
#13335 = FACE_BOUND('',#13336,.F.);
#13336 = EDGE_LOOP('',(#13337,#13338,#13359,#13360));
#13337 = ORIENTED_EDGE('',*,*,#8590,.F.);
#13338 = ORIENTED_EDGE('',*,*,#13339,.F.);
#13339 = EDGE_CURVE('',#3572,#8591,#13340,.T.);
#13340 = SEAM_CURVE('',#13341,(#13345,#13352),.PCURVE_S1.);
#13341 = LINE('',#13342,#13343);
#13342 = CARTESIAN_POINT('',(12.7,-332.74,320.04));
#13343 = VECTOR('',#13344,1.);
#13344 = DIRECTION('',(0.,1.,0.));
#13345 = PCURVE('',#3588,#13346);
#13346 = DEFINITIONAL_REPRESENTATION('',(#13347),#13351);
#13347 = LINE('',#13348,#13349);
#13348 = CARTESIAN_POINT('',(6.28318530718,-0.));
#13349 = VECTOR('',#13350,1.);
#13350 = DIRECTION('',(0.,1.));
#13351 = ( GEOMETRIC_REPRESENTATION_CONTEXT(2) 
PARAMETRIC_REPRESENTATION_CONTEXT() REPRESENTATION_CONTEXT('2D SPACE',''
  ) );
#13352 = PCURVE('',#3588,#13353);
#13353 = DEFINITIONAL_REPRESENTATION('',(#13354),#13358);
#13354 = LINE('',#13355,#13356);
#13355 = CARTESIAN_POINT('',(0.,-0.));
#13356 = VECTOR('',#13357,1.);
#13357 = DIRECTION('',(0.,1.));
#13358 = ( GEOMETRIC_REPRESENTATION_CONTEXT(2) 
PARAMETRIC_REPRESENTATION_CONTEXT() REPRESENTATION_CONTEXT('2D SPACE',''
  ) );
#13359 = ORIENTED_EDGE('',*,*,#3571,.T.);
#13360 = ORIENTED_EDGE('',*,*,#13339,.T.);
#13361 = ADVANCED_FACE('',(#13362),#3619,.F.);
#13362 = FACE_BOUND('',#13363,.F.);
#13363 = EDGE_LOOP('',(#13364,#13365,#13386,#13387));
#13364 = ORIENTED_EDGE('',*,*,#8616,.F.);
#13365 = ORIENTED_EDGE('',*,*,#13366,.F.);
#13366 = EDGE_CURVE('',#3603,#8617,#13367,.T.);
#13367 = SEAM_CURVE('',#13368,(#13372,#13379),.PCURVE_S1.);
#13368 = LINE('',#13369,#13370);
#13369 = CARTESIAN_POINT('',(25.4,-332.74,320.04));
#13370 = VECTOR('',#13371,1.);
#13371 = DIRECTION('',(0.,1.,0.));
#13372 = PCURVE('',#3619,#13373);
#13373 = DEFINITIONAL_REPRESENTATION('',(#13374),#13378);
#13374 = LINE('',#13375,#13376);
#13375 = CARTESIAN_POINT('',(6.28318530718,-0.));
#13376 = VECTOR('',#13377,1.);
#13377 = DIRECTION('',(0.,1.));
#13378 = ( GEOMETRIC_REPRESENTATION_CONTEXT(2) 
PARAMETRIC_REPRESENTATION_CONTEXT() REPRESENTATION_CONTEXT('2D SPACE',''
  ) );
#13379 = PCURVE('',#3619,#13380);
#13380 = DEFINITIONAL_REPRESENTATION('',(#13381),#13385);
#13381 = LINE('',#13382,#13383);
#13382 = CARTESIAN_POINT('',(0.,-0.));
#13383 = VECTOR('',#13384,1.);
#13384 = DIRECTION('',(0.,1.));
#13385 = ( GEOMETRIC_REPRESENTATION_CONTEXT(2) 
PARAMETRIC_REPRESENTATION_CONTEXT() REPRESENTATION_CONTEXT('2D SPACE',''
  ) );
#13386 = ORIENTED_EDGE('',*,*,#3602,.T.);
#13387 = ORIENTED_EDGE('',*,*,#13366,.T.);
#13388 = ADVANCED_FACE('',(#13389),#3650,.F.);
#13389 = FACE_BOUND('',#13390,.F.);
#13390 = EDGE_LOOP('',(#13391,#13392,#13413,#13414));
#13391 = ORIENTED_EDGE('',*,*,#8642,.F.);
#13392 = ORIENTED_EDGE('',*,*,#13393,.F.);
#13393 = EDGE_CURVE('',#3634,#8643,#13394,.T.);
#13394 = SEAM_CURVE('',#13395,(#13399,#13406),.PCURVE_S1.);
#13395 = LINE('',#13396,#13397);
#13396 = CARTESIAN_POINT('',(12.7,-332.74,332.74));
#13397 = VECTOR('',#13398,1.);
#13398 = DIRECTION('',(0.,1.,0.));
#13399 = PCURVE('',#3650,#13400);
#13400 = DEFINITIONAL_REPRESENTATION('',(#13401),#13405);
#13401 = LINE('',#13402,#13403);
#13402 = CARTESIAN_POINT('',(6.28318530718,-0.));
#13403 = VECTOR('',#13404,1.);
#13404 = DIRECTION('',(0.,1.));
#13405 = ( GEOMETRIC_REPRESENTATION_CONTEXT(2) 
PARAMETRIC_REPRESENTATION_CONTEXT() REPRESENTATION_CONTEXT('2D SPACE',''
  ) );
#13406 = PCURVE('',#3650,#13407);
#13407 = DEFINITIONAL_REPRESENTATION('',(#13408),#13412);
#13408 = LINE('',#13409,#13410);
#13409 = CARTESIAN_POINT('',(0.,-0.));
#13410 = VECTOR('',#13411,1.);
#13411 = DIRECTION('',(0.,1.));
#13412 = ( GEOMETRIC_REPRESENTATION_CONTEXT(2) 
PARAMETRIC_REPRESENTATION_CONTEXT() REPRESENTATION_CONTEXT('2D SPACE',''
  ) );
#13413 = ORIENTED_EDGE('',*,*,#3633,.T.);
#13414 = ORIENTED_EDGE('',*,*,#13393,.T.);
#13415 = ADVANCED_FACE('',(#13416),#3681,.F.);
#13416 = FACE_BOUND('',#13417,.F.);
#13417 = EDGE_LOOP('',(#13418,#13419,#13440,#13441));
#13418 = ORIENTED_EDGE('',*,*,#8668,.F.);
#13419 = ORIENTED_EDGE('',*,*,#13420,.F.);
#13420 = EDGE_CURVE('',#3665,#8669,#13421,.T.);
#13421 = SEAM_CURVE('',#13422,(#13426,#13433),.PCURVE_S1.);
#13422 = LINE('',#13423,#13424);
#13423 = CARTESIAN_POINT('',(25.4,-332.74,332.74));
#13424 = VECTOR('',#13425,1.);
#13425 = DIRECTION('',(0.,1.,0.));
#13426 = PCURVE('',#3681,#13427);
#13427 = DEFINITIONAL_REPRESENTATION('',(#13428),#13432);
#13428 = LINE('',#13429,#13430);
#13429 = CARTESIAN_POINT('',(6.28318530718,-0.));
#13430 = VECTOR('',#13431,1.);
#13431 = DIRECTION('',(0.,1.));
#13432 = ( GEOMETRIC_REPRESENTATION_CONTEXT(2) 
PARAMETRIC_REPRESENTATION_CONTEXT() REPRESENTATION_CONTEXT('2D SPACE',''
  ) );
#13433 = PCURVE('',#3681,#13434);
#13434 = DEFINITIONAL_REPRESENTATION('',(#13435),#13439);
#13435 = LINE('',#13436,#13437);
#13436 = CARTESIAN_POINT('',(0.,-0.));
#13437 = VECTOR('',#13438,1.);
#13438 = DIRECTION('',(0.,1.));
#13439 = ( GEOMETRIC_REPRESENTATION_CONTEXT(2) 
PARAMETRIC_REPRESENTATION_CONTEXT() REPRESENTATION_CONTEXT('2D SPACE',''
  ) );
#13440 = ORIENTED_EDGE('',*,*,#3664,.T.);
#13441 = ORIENTED_EDGE('',*,*,#13420,.T.);
#13442 = ADVANCED_FACE('',(#13443),#3712,.F.);
#13443 = FACE_BOUND('',#13444,.F.);
#13444 = EDGE_LOOP('',(#13445,#13446,#13467,#13468));
#13445 = ORIENTED_EDGE('',*,*,#8694,.F.);
#13446 = ORIENTED_EDGE('',*,*,#13447,.F.);
#13447 = EDGE_CURVE('',#3696,#8695,#13448,.T.);
#13448 = SEAM_CURVE('',#13449,(#13453,#13460),.PCURVE_S1.);
#13449 = LINE('',#13450,#13451);
#13450 = CARTESIAN_POINT('',(53.34,-332.74,213.3727));
#13451 = VECTOR('',#13452,1.);
#13452 = DIRECTION('',(0.,1.,0.));
#13453 = PCURVE('',#3712,#13454);
#13454 = DEFINITIONAL_REPRESENTATION('',(#13455),#13459);
#13455 = LINE('',#13456,#13457);
#13456 = CARTESIAN_POINT('',(6.28318530718,-0.));
#13457 = VECTOR('',#13458,1.);
#13458 = DIRECTION('',(0.,1.));
#13459 = ( GEOMETRIC_REPRESENTATION_CONTEXT(2) 
PARAMETRIC_REPRESENTATION_CONTEXT() REPRESENTATION_CONTEXT('2D SPACE',''
  ) );
#13460 = PCURVE('',#3712,#13461);
#13461 = DEFINITIONAL_REPRESENTATION('',(#13462),#13466);
#13462 = LINE('',#13463,#13464);
#13463 = CARTESIAN_POINT('',(0.,-0.));
#13464 = VECTOR('',#13465,1.);
#13465 = DIRECTION('',(0.,1.));
#13466 = ( GEOMETRIC_REPRESENTATION_CONTEXT(2) 
PARAMETRIC_REPRESENTATION_CONTEXT() REPRESENTATION_CONTEXT('2D SPACE',''
  ) );
#13467 = ORIENTED_EDGE('',*,*,#3695,.T.);
#13468 = ORIENTED_EDGE('',*,*,#13447,.T.);
#13469 = ADVANCED_FACE('',(#13470),#3743,.F.);
#13470 = FACE_BOUND('',#13471,.F.);
#13471 = EDGE_LOOP('',(#13472,#13473,#13494,#13495));
#13472 = ORIENTED_EDGE('',*,*,#8720,.F.);
#13473 = ORIENTED_EDGE('',*,*,#13474,.F.);
#13474 = EDGE_CURVE('',#3727,#8721,#13475,.T.);
#13475 = SEAM_CURVE('',#13476,(#13480,#13487),.PCURVE_S1.);
#13476 = LINE('',#13477,#13478);
#13477 = CARTESIAN_POINT('',(73.66,-332.74,213.3727));
#13478 = VECTOR('',#13479,1.);
#13479 = DIRECTION('',(0.,1.,0.));
#13480 = PCURVE('',#3743,#13481);
#13481 = DEFINITIONAL_REPRESENTATION('',(#13482),#13486);
#13482 = LINE('',#13483,#13484);
#13483 = CARTESIAN_POINT('',(6.28318530718,-0.));
#13484 = VECTOR('',#13485,1.);
#13485 = DIRECTION('',(0.,1.));
#13486 = ( GEOMETRIC_REPRESENTATION_CONTEXT(2) 
PARAMETRIC_REPRESENTATION_CONTEXT() REPRESENTATION_CONTEXT('2D SPACE',''
  ) );
#13487 = PCURVE('',#3743,#13488);
#13488 = DEFINITIONAL_REPRESENTATION('',(#13489),#13493);
#13489 = LINE('',#13490,#13491);
#13490 = CARTESIAN_POINT('',(0.,-0.));
#13491 = VECTOR('',#13492,1.);
#13492 = DIRECTION('',(0.,1.));
#13493 = ( GEOMETRIC_REPRESENTATION_CONTEXT(2) 
PARAMETRIC_REPRESENTATION_CONTEXT() REPRESENTATION_CONTEXT('2D SPACE',''
  ) );
#13494 = ORIENTED_EDGE('',*,*,#3726,.T.);
#13495 = ORIENTED_EDGE('',*,*,#13474,.T.);
#13496 = ADVANCED_FACE('',(#13497),#3774,.F.);
#13497 = FACE_BOUND('',#13498,.F.);
#13498 = EDGE_LOOP('',(#13499,#13500,#13521,#13522));
#13499 = ORIENTED_EDGE('',*,*,#8746,.F.);
#13500 = ORIENTED_EDGE('',*,*,#13501,.F.);
#13501 = EDGE_CURVE('',#3758,#8747,#13502,.T.);
#13502 = SEAM_CURVE('',#13503,(#13507,#13514),.PCURVE_S1.);
#13503 = LINE('',#13504,#13505);
#13504 = CARTESIAN_POINT('',(38.1,-332.74,231.14));
#13505 = VECTOR('',#13506,1.);
#13506 = DIRECTION('',(0.,1.,0.));
#13507 = PCURVE('',#3774,#13508);
#13508 = DEFINITIONAL_REPRESENTATION('',(#13509),#13513);
#13509 = LINE('',#13510,#13511);
#13510 = CARTESIAN_POINT('',(6.28318530718,-0.));
#13511 = VECTOR('',#13512,1.);
#13512 = DIRECTION('',(0.,1.));
#13513 = ( GEOMETRIC_REPRESENTATION_CONTEXT(2) 
PARAMETRIC_REPRESENTATION_CONTEXT() REPRESENTATION_CONTEXT('2D SPACE',''
  ) );
#13514 = PCURVE('',#3774,#13515);
#13515 = DEFINITIONAL_REPRESENTATION('',(#13516),#13520);
#13516 = LINE('',#13517,#13518);
#13517 = CARTESIAN_POINT('',(0.,-0.));
#13518 = VECTOR('',#13519,1.);
#13519 = DIRECTION('',(0.,1.));
#13520 = ( GEOMETRIC_REPRESENTATION_CONTEXT(2) 
PARAMETRIC_REPRESENTATION_CONTEXT() REPRESENTATION_CONTEXT('2D SPACE',''
  ) );
#13521 = ORIENTED_EDGE('',*,*,#3757,.T.);
#13522 = ORIENTED_EDGE('',*,*,#13501,.T.);
#13523 = ADVANCED_FACE('',(#13524),#3805,.F.);
#13524 = FACE_BOUND('',#13525,.F.);
#13525 = EDGE_LOOP('',(#13526,#13527,#13548,#13549));
#13526 = ORIENTED_EDGE('',*,*,#8772,.F.);
#13527 = ORIENTED_EDGE('',*,*,#13528,.F.);
#13528 = EDGE_CURVE('',#3789,#8773,#13529,.T.);
#13529 = SEAM_CURVE('',#13530,(#13534,#13541),.PCURVE_S1.);
#13530 = LINE('',#13531,#13532);
#13531 = CARTESIAN_POINT('',(50.8,-332.74,231.14));
#13532 = VECTOR('',#13533,1.);
#13533 = DIRECTION('',(0.,1.,0.));
#13534 = PCURVE('',#3805,#13535);
#13535 = DEFINITIONAL_REPRESENTATION('',(#13536),#13540);
#13536 = LINE('',#13537,#13538);
#13537 = CARTESIAN_POINT('',(6.28318530718,-0.));
#13538 = VECTOR('',#13539,1.);
#13539 = DIRECTION('',(0.,1.));
#13540 = ( GEOMETRIC_REPRESENTATION_CONTEXT(2) 
PARAMETRIC_REPRESENTATION_CONTEXT() REPRESENTATION_CONTEXT('2D SPACE',''
  ) );
#13541 = PCURVE('',#3805,#13542);
#13542 = DEFINITIONAL_REPRESENTATION('',(#13543),#13547);
#13543 = LINE('',#13544,#13545);
#13544 = CARTESIAN_POINT('',(0.,-0.));
#13545 = VECTOR('',#13546,1.);
#13546 = DIRECTION('',(0.,1.));
#13547 = ( GEOMETRIC_REPRESENTATION_CONTEXT(2) 
PARAMETRIC_REPRESENTATION_CONTEXT() REPRESENTATION_CONTEXT('2D SPACE',''
  ) );
#13548 = ORIENTED_EDGE('',*,*,#3788,.T.);
#13549 = ORIENTED_EDGE('',*,*,#13528,.T.);
#13550 = ADVANCED_FACE('',(#13551),#3836,.F.);
#13551 = FACE_BOUND('',#13552,.F.);
#13552 = EDGE_LOOP('',(#13553,#13554,#13575,#13576));
#13553 = ORIENTED_EDGE('',*,*,#8798,.F.);
#13554 = ORIENTED_EDGE('',*,*,#13555,.F.);
#13555 = EDGE_CURVE('',#3820,#8799,#13556,.T.);
#13556 = SEAM_CURVE('',#13557,(#13561,#13568),.PCURVE_S1.);
#13557 = LINE('',#13558,#13559);
#13558 = CARTESIAN_POINT('',(63.5,-332.74,231.14));
#13559 = VECTOR('',#13560,1.);
#13560 = DIRECTION('',(0.,1.,0.));
#13561 = PCURVE('',#3836,#13562);
#13562 = DEFINITIONAL_REPRESENTATION('',(#13563),#13567);
#13563 = LINE('',#13564,#13565);
#13564 = CARTESIAN_POINT('',(6.28318530718,-0.));
#13565 = VECTOR('',#13566,1.);
#13566 = DIRECTION('',(0.,1.));
#13567 = ( GEOMETRIC_REPRESENTATION_CONTEXT(2) 
PARAMETRIC_REPRESENTATION_CONTEXT() REPRESENTATION_CONTEXT('2D SPACE',''
  ) );
#13568 = PCURVE('',#3836,#13569);
#13569 = DEFINITIONAL_REPRESENTATION('',(#13570),#13574);
#13570 = LINE('',#13571,#13572);
#13571 = CARTESIAN_POINT('',(0.,-0.));
#13572 = VECTOR('',#13573,1.);
#13573 = DIRECTION('',(0.,1.));
#13574 = ( GEOMETRIC_REPRESENTATION_CONTEXT(2) 
PARAMETRIC_REPRESENTATION_CONTEXT() REPRESENTATION_CONTEXT('2D SPACE',''
  ) );
#13575 = ORIENTED_EDGE('',*,*,#3819,.T.);
#13576 = ORIENTED_EDGE('',*,*,#13555,.T.);
#13577 = ADVANCED_FACE('',(#13578),#3867,.F.);
#13578 = FACE_BOUND('',#13579,.F.);
#13579 = EDGE_LOOP('',(#13580,#13581,#13602,#13603));
#13580 = ORIENTED_EDGE('',*,*,#8824,.F.);
#13581 = ORIENTED_EDGE('',*,*,#13582,.F.);
#13582 = EDGE_CURVE('',#3851,#8825,#13583,.T.);
#13583 = SEAM_CURVE('',#13584,(#13588,#13595),.PCURVE_S1.);
#13584 = LINE('',#13585,#13586);
#13585 = CARTESIAN_POINT('',(76.2,-332.74,231.14));
#13586 = VECTOR('',#13587,1.);
#13587 = DIRECTION('',(0.,1.,0.));
#13588 = PCURVE('',#3867,#13589);
#13589 = DEFINITIONAL_REPRESENTATION('',(#13590),#13594);
#13590 = LINE('',#13591,#13592);
#13591 = CARTESIAN_POINT('',(6.28318530718,-0.));
#13592 = VECTOR('',#13593,1.);
#13593 = DIRECTION('',(0.,1.));
#13594 = ( GEOMETRIC_REPRESENTATION_CONTEXT(2) 
PARAMETRIC_REPRESENTATION_CONTEXT() REPRESENTATION_CONTEXT('2D SPACE',''
  ) );
#13595 = PCURVE('',#3867,#13596);
#13596 = DEFINITIONAL_REPRESENTATION('',(#13597),#13601);
#13597 = LINE('',#13598,#13599);
#13598 = CARTESIAN_POINT('',(0.,-0.));
#13599 = VECTOR('',#13600,1.);
#13600 = DIRECTION('',(0.,1.));
#13601 = ( GEOMETRIC_REPRESENTATION_CONTEXT(2) 
PARAMETRIC_REPRESENTATION_CONTEXT() REPRESENTATION_CONTEXT('2D SPACE',''
  ) );
#13602 = ORIENTED_EDGE('',*,*,#3850,.T.);
#13603 = ORIENTED_EDGE('',*,*,#13582,.T.);
#13604 = ADVANCED_FACE('',(#13605),#3898,.F.);
#13605 = FACE_BOUND('',#13606,.F.);
#13606 = EDGE_LOOP('',(#13607,#13608,#13629,#13630));
#13607 = ORIENTED_EDGE('',*,*,#8850,.F.);
#13608 = ORIENTED_EDGE('',*,*,#13609,.F.);
#13609 = EDGE_CURVE('',#3882,#8851,#13610,.T.);
#13610 = SEAM_CURVE('',#13611,(#13615,#13622),.PCURVE_S1.);
#13611 = LINE('',#13612,#13613);
#13612 = CARTESIAN_POINT('',(88.9,-332.74,231.14));
#13613 = VECTOR('',#13614,1.);
#13614 = DIRECTION('',(0.,1.,0.));
#13615 = PCURVE('',#3898,#13616);
#13616 = DEFINITIONAL_REPRESENTATION('',(#13617),#13621);
#13617 = LINE('',#13618,#13619);
#13618 = CARTESIAN_POINT('',(6.28318530718,-0.));
#13619 = VECTOR('',#13620,1.);
#13620 = DIRECTION('',(0.,1.));
#13621 = ( GEOMETRIC_REPRESENTATION_CONTEXT(2) 
PARAMETRIC_REPRESENTATION_CONTEXT() REPRESENTATION_CONTEXT('2D SPACE',''
  ) );
#13622 = PCURVE('',#3898,#13623);
#13623 = DEFINITIONAL_REPRESENTATION('',(#13624),#13628);
#13624 = LINE('',#13625,#13626);
#13625 = CARTESIAN_POINT('',(0.,-0.));
#13626 = VECTOR('',#13627,1.);
#13627 = DIRECTION('',(0.,1.));
#13628 = ( GEOMETRIC_REPRESENTATION_CONTEXT(2) 
PARAMETRIC_REPRESENTATION_CONTEXT() REPRESENTATION_CONTEXT('2D SPACE',''
  ) );
#13629 = ORIENTED_EDGE('',*,*,#3881,.T.);
#13630 = ORIENTED_EDGE('',*,*,#13609,.T.);
#13631 = ADVANCED_FACE('',(#13632),#3929,.F.);
#13632 = FACE_BOUND('',#13633,.F.);
#13633 = EDGE_LOOP('',(#13634,#13635,#13656,#13657));
#13634 = ORIENTED_EDGE('',*,*,#8876,.F.);
#13635 = ORIENTED_EDGE('',*,*,#13636,.F.);
#13636 = EDGE_CURVE('',#3913,#8877,#13637,.T.);
#13637 = SEAM_CURVE('',#13638,(#13642,#13649),.PCURVE_S1.);
#13638 = LINE('',#13639,#13640);
#13639 = CARTESIAN_POINT('',(101.6,-332.74,231.14));
#13640 = VECTOR('',#13641,1.);
#13641 = DIRECTION('',(0.,1.,0.));
#13642 = PCURVE('',#3929,#13643);
#13643 = DEFINITIONAL_REPRESENTATION('',(#13644),#13648);
#13644 = LINE('',#13645,#13646);
#13645 = CARTESIAN_POINT('',(6.28318530718,-0.));
#13646 = VECTOR('',#13647,1.);
#13647 = DIRECTION('',(0.,1.));
#13648 = ( GEOMETRIC_REPRESENTATION_CONTEXT(2) 
PARAMETRIC_REPRESENTATION_CONTEXT() REPRESENTATION_CONTEXT('2D SPACE',''
  ) );
#13649 = PCURVE('',#3929,#13650);
#13650 = DEFINITIONAL_REPRESENTATION('',(#13651),#13655);
#13651 = LINE('',#13652,#13653);
#13652 = CARTESIAN_POINT('',(0.,-0.));
#13653 = VECTOR('',#13654,1.);
#13654 = DIRECTION('',(0.,1.));
#13655 = ( GEOMETRIC_REPRESENTATION_CONTEXT(2) 
PARAMETRIC_REPRESENTATION_CONTEXT() REPRESENTATION_CONTEXT('2D SPACE',''
  ) );
#13656 = ORIENTED_EDGE('',*,*,#3912,.T.);
#13657 = ORIENTED_EDGE('',*,*,#13636,.T.);
#13658 = ADVANCED_FACE('',(#13659),#3960,.F.);
#13659 = FACE_BOUND('',#13660,.F.);
#13660 = EDGE_LOOP('',(#13661,#13662,#13683,#13684));
#13661 = ORIENTED_EDGE('',*,*,#8902,.F.);
#13662 = ORIENTED_EDGE('',*,*,#13663,.F.);
#13663 = EDGE_CURVE('',#3944,#8903,#13664,.T.);
#13664 = SEAM_CURVE('',#13665,(#13669,#13676),.PCURVE_S1.);
#13665 = LINE('',#13666,#13667);
#13666 = CARTESIAN_POINT('',(38.1,-332.74,243.84));
#13667 = VECTOR('',#13668,1.);
#13668 = DIRECTION('',(0.,1.,0.));
#13669 = PCURVE('',#3960,#13670);
#13670 = DEFINITIONAL_REPRESENTATION('',(#13671),#13675);
#13671 = LINE('',#13672,#13673);
#13672 = CARTESIAN_POINT('',(6.28318530718,-0.));
#13673 = VECTOR('',#13674,1.);
#13674 = DIRECTION('',(0.,1.));
#13675 = ( GEOMETRIC_REPRESENTATION_CONTEXT(2) 
PARAMETRIC_REPRESENTATION_CONTEXT() REPRESENTATION_CONTEXT('2D SPACE',''
  ) );
#13676 = PCURVE('',#3960,#13677);
#13677 = DEFINITIONAL_REPRESENTATION('',(#13678),#13682);
#13678 = LINE('',#13679,#13680);
#13679 = CARTESIAN_POINT('',(0.,-0.));
#13680 = VECTOR('',#13681,1.);
#13681 = DIRECTION('',(0.,1.));
#13682 = ( GEOMETRIC_REPRESENTATION_CONTEXT(2) 
PARAMETRIC_REPRESENTATION_CONTEXT() REPRESENTATION_CONTEXT('2D SPACE',''
  ) );
#13683 = ORIENTED_EDGE('',*,*,#3943,.T.);
#13684 = ORIENTED_EDGE('',*,*,#13663,.T.);
#13685 = ADVANCED_FACE('',(#13686),#3991,.F.);
#13686 = FACE_BOUND('',#13687,.F.);
#13687 = EDGE_LOOP('',(#13688,#13689,#13710,#13711));
#13688 = ORIENTED_EDGE('',*,*,#8928,.F.);
#13689 = ORIENTED_EDGE('',*,*,#13690,.F.);
#13690 = EDGE_CURVE('',#3975,#8929,#13691,.T.);
#13691 = SEAM_CURVE('',#13692,(#13696,#13703),.PCURVE_S1.);
#13692 = LINE('',#13693,#13694);
#13693 = CARTESIAN_POINT('',(50.8,-332.74,243.84));
#13694 = VECTOR('',#13695,1.);
#13695 = DIRECTION('',(0.,1.,0.));
#13696 = PCURVE('',#3991,#13697);
#13697 = DEFINITIONAL_REPRESENTATION('',(#13698),#13702);
#13698 = LINE('',#13699,#13700);
#13699 = CARTESIAN_POINT('',(6.28318530718,-0.));
#13700 = VECTOR('',#13701,1.);
#13701 = DIRECTION('',(0.,1.));
#13702 = ( GEOMETRIC_REPRESENTATION_CONTEXT(2) 
PARAMETRIC_REPRESENTATION_CONTEXT() REPRESENTATION_CONTEXT('2D SPACE',''
  ) );
#13703 = PCURVE('',#3991,#13704);
#13704 = DEFINITIONAL_REPRESENTATION('',(#13705),#13709);
#13705 = LINE('',#13706,#13707);
#13706 = CARTESIAN_POINT('',(0.,-0.));
#13707 = VECTOR('',#13708,1.);
#13708 = DIRECTION('',(0.,1.));
#13709 = ( GEOMETRIC_REPRESENTATION_CONTEXT(2) 
PARAMETRIC_REPRESENTATION_CONTEXT() REPRESENTATION_CONTEXT('2D SPACE',''
  ) );
#13710 = ORIENTED_EDGE('',*,*,#3974,.T.);
#13711 = ORIENTED_EDGE('',*,*,#13690,.T.);
#13712 = ADVANCED_FACE('',(#13713),#4022,.F.);
#13713 = FACE_BOUND('',#13714,.F.);
#13714 = EDGE_LOOP('',(#13715,#13716,#13737,#13738));
#13715 = ORIENTED_EDGE('',*,*,#8954,.F.);
#13716 = ORIENTED_EDGE('',*,*,#13717,.F.);
#13717 = EDGE_CURVE('',#4006,#8955,#13718,.T.);
#13718 = SEAM_CURVE('',#13719,(#13723,#13730),.PCURVE_S1.);
#13719 = LINE('',#13720,#13721);
#13720 = CARTESIAN_POINT('',(63.5,-332.74,243.84));
#13721 = VECTOR('',#13722,1.);
#13722 = DIRECTION('',(0.,1.,0.));
#13723 = PCURVE('',#4022,#13724);
#13724 = DEFINITIONAL_REPRESENTATION('',(#13725),#13729);
#13725 = LINE('',#13726,#13727);
#13726 = CARTESIAN_POINT('',(6.28318530718,-0.));
#13727 = VECTOR('',#13728,1.);
#13728 = DIRECTION('',(0.,1.));
#13729 = ( GEOMETRIC_REPRESENTATION_CONTEXT(2) 
PARAMETRIC_REPRESENTATION_CONTEXT() REPRESENTATION_CONTEXT('2D SPACE',''
  ) );
#13730 = PCURVE('',#4022,#13731);
#13731 = DEFINITIONAL_REPRESENTATION('',(#13732),#13736);
#13732 = LINE('',#13733,#13734);
#13733 = CARTESIAN_POINT('',(0.,-0.));
#13734 = VECTOR('',#13735,1.);
#13735 = DIRECTION('',(0.,1.));
#13736 = ( GEOMETRIC_REPRESENTATION_CONTEXT(2) 
PARAMETRIC_REPRESENTATION_CONTEXT() REPRESENTATION_CONTEXT('2D SPACE',''
  ) );
#13737 = ORIENTED_EDGE('',*,*,#4005,.T.);
#13738 = ORIENTED_EDGE('',*,*,#13717,.T.);
#13739 = ADVANCED_FACE('',(#13740),#4053,.F.);
#13740 = FACE_BOUND('',#13741,.F.);
#13741 = EDGE_LOOP('',(#13742,#13743,#13764,#13765));
#13742 = ORIENTED_EDGE('',*,*,#8980,.F.);
#13743 = ORIENTED_EDGE('',*,*,#13744,.F.);
#13744 = EDGE_CURVE('',#4037,#8981,#13745,.T.);
#13745 = SEAM_CURVE('',#13746,(#13750,#13757),.PCURVE_S1.);
#13746 = LINE('',#13747,#13748);
#13747 = CARTESIAN_POINT('',(38.1,-332.74,256.54));
#13748 = VECTOR('',#13749,1.);
#13749 = DIRECTION('',(0.,1.,0.));
#13750 = PCURVE('',#4053,#13751);
#13751 = DEFINITIONAL_REPRESENTATION('',(#13752),#13756);
#13752 = LINE('',#13753,#13754);
#13753 = CARTESIAN_POINT('',(6.28318530718,-0.));
#13754 = VECTOR('',#13755,1.);
#13755 = DIRECTION('',(0.,1.));
#13756 = ( GEOMETRIC_REPRESENTATION_CONTEXT(2) 
PARAMETRIC_REPRESENTATION_CONTEXT() REPRESENTATION_CONTEXT('2D SPACE',''
  ) );
#13757 = PCURVE('',#4053,#13758);
#13758 = DEFINITIONAL_REPRESENTATION('',(#13759),#13763);
#13759 = LINE('',#13760,#13761);
#13760 = CARTESIAN_POINT('',(0.,-0.));
#13761 = VECTOR('',#13762,1.);
#13762 = DIRECTION('',(0.,1.));
#13763 = ( GEOMETRIC_REPRESENTATION_CONTEXT(2) 
PARAMETRIC_REPRESENTATION_CONTEXT() REPRESENTATION_CONTEXT('2D SPACE',''
  ) );
#13764 = ORIENTED_EDGE('',*,*,#4036,.T.);
#13765 = ORIENTED_EDGE('',*,*,#13744,.T.);
#13766 = ADVANCED_FACE('',(#13767),#4084,.F.);
#13767 = FACE_BOUND('',#13768,.F.);
#13768 = EDGE_LOOP('',(#13769,#13770,#13791,#13792));
#13769 = ORIENTED_EDGE('',*,*,#9006,.F.);
#13770 = ORIENTED_EDGE('',*,*,#13771,.F.);
#13771 = EDGE_CURVE('',#4068,#9007,#13772,.T.);
#13772 = SEAM_CURVE('',#13773,(#13777,#13784),.PCURVE_S1.);
#13773 = LINE('',#13774,#13775);
#13774 = CARTESIAN_POINT('',(50.8,-332.74,256.54));
#13775 = VECTOR('',#13776,1.);
#13776 = DIRECTION('',(0.,1.,0.));
#13777 = PCURVE('',#4084,#13778);
#13778 = DEFINITIONAL_REPRESENTATION('',(#13779),#13783);
#13779 = LINE('',#13780,#13781);
#13780 = CARTESIAN_POINT('',(6.28318530718,-0.));
#13781 = VECTOR('',#13782,1.);
#13782 = DIRECTION('',(0.,1.));
#13783 = ( GEOMETRIC_REPRESENTATION_CONTEXT(2) 
PARAMETRIC_REPRESENTATION_CONTEXT() REPRESENTATION_CONTEXT('2D SPACE',''
  ) );
#13784 = PCURVE('',#4084,#13785);
#13785 = DEFINITIONAL_REPRESENTATION('',(#13786),#13790);
#13786 = LINE('',#13787,#13788);
#13787 = CARTESIAN_POINT('',(0.,-0.));
#13788 = VECTOR('',#13789,1.);
#13789 = DIRECTION('',(0.,1.));
#13790 = ( GEOMETRIC_REPRESENTATION_CONTEXT(2) 
PARAMETRIC_REPRESENTATION_CONTEXT() REPRESENTATION_CONTEXT('2D SPACE',''
  ) );
#13791 = ORIENTED_EDGE('',*,*,#4067,.T.);
#13792 = ORIENTED_EDGE('',*,*,#13771,.T.);
#13793 = ADVANCED_FACE('',(#13794),#4115,.F.);
#13794 = FACE_BOUND('',#13795,.F.);
#13795 = EDGE_LOOP('',(#13796,#13797,#13818,#13819));
#13796 = ORIENTED_EDGE('',*,*,#9032,.F.);
#13797 = ORIENTED_EDGE('',*,*,#13798,.F.);
#13798 = EDGE_CURVE('',#4099,#9033,#13799,.T.);
#13799 = SEAM_CURVE('',#13800,(#13804,#13811),.PCURVE_S1.);
#13800 = LINE('',#13801,#13802);
#13801 = CARTESIAN_POINT('',(63.5,-332.74,256.54));
#13802 = VECTOR('',#13803,1.);
#13803 = DIRECTION('',(0.,1.,0.));
#13804 = PCURVE('',#4115,#13805);
#13805 = DEFINITIONAL_REPRESENTATION('',(#13806),#13810);
#13806 = LINE('',#13807,#13808);
#13807 = CARTESIAN_POINT('',(6.28318530718,-0.));
#13808 = VECTOR('',#13809,1.);
#13809 = DIRECTION('',(0.,1.));
#13810 = ( GEOMETRIC_REPRESENTATION_CONTEXT(2) 
PARAMETRIC_REPRESENTATION_CONTEXT() REPRESENTATION_CONTEXT('2D SPACE',''
  ) );
#13811 = PCURVE('',#4115,#13812);
#13812 = DEFINITIONAL_REPRESENTATION('',(#13813),#13817);
#13813 = LINE('',#13814,#13815);
#13814 = CARTESIAN_POINT('',(0.,-0.));
#13815 = VECTOR('',#13816,1.);
#13816 = DIRECTION('',(0.,1.));
#13817 = ( GEOMETRIC_REPRESENTATION_CONTEXT(2) 
PARAMETRIC_REPRESENTATION_CONTEXT() REPRESENTATION_CONTEXT('2D SPACE',''
  ) );
#13818 = ORIENTED_EDGE('',*,*,#4098,.T.);
#13819 = ORIENTED_EDGE('',*,*,#13798,.T.);
#13820 = ADVANCED_FACE('',(#13821),#4146,.F.);
#13821 = FACE_BOUND('',#13822,.F.);
#13822 = EDGE_LOOP('',(#13823,#13824,#13845,#13846));
#13823 = ORIENTED_EDGE('',*,*,#9058,.F.);
#13824 = ORIENTED_EDGE('',*,*,#13825,.F.);
#13825 = EDGE_CURVE('',#4130,#9059,#13826,.T.);
#13826 = SEAM_CURVE('',#13827,(#13831,#13838),.PCURVE_S1.);
#13827 = LINE('',#13828,#13829);
#13828 = CARTESIAN_POINT('',(76.2,-332.74,243.84));
#13829 = VECTOR('',#13830,1.);
#13830 = DIRECTION('',(0.,1.,0.));
#13831 = PCURVE('',#4146,#13832);
#13832 = DEFINITIONAL_REPRESENTATION('',(#13833),#13837);
#13833 = LINE('',#13834,#13835);
#13834 = CARTESIAN_POINT('',(6.28318530718,-0.));
#13835 = VECTOR('',#13836,1.);
#13836 = DIRECTION('',(0.,1.));
#13837 = ( GEOMETRIC_REPRESENTATION_CONTEXT(2) 
PARAMETRIC_REPRESENTATION_CONTEXT() REPRESENTATION_CONTEXT('2D SPACE',''
  ) );
#13838 = PCURVE('',#4146,#13839);
#13839 = DEFINITIONAL_REPRESENTATION('',(#13840),#13844);
#13840 = LINE('',#13841,#13842);
#13841 = CARTESIAN_POINT('',(0.,-0.));
#13842 = VECTOR('',#13843,1.);
#13843 = DIRECTION('',(0.,1.));
#13844 = ( GEOMETRIC_REPRESENTATION_CONTEXT(2) 
PARAMETRIC_REPRESENTATION_CONTEXT() REPRESENTATION_CONTEXT('2D SPACE',''
  ) );
#13845 = ORIENTED_EDGE('',*,*,#4129,.T.);
#13846 = ORIENTED_EDGE('',*,*,#13825,.T.);
#13847 = ADVANCED_FACE('',(#13848),#4177,.F.);
#13848 = FACE_BOUND('',#13849,.F.);
#13849 = EDGE_LOOP('',(#13850,#13851,#13872,#13873));
#13850 = ORIENTED_EDGE('',*,*,#9084,.F.);
#13851 = ORIENTED_EDGE('',*,*,#13852,.F.);
#13852 = EDGE_CURVE('',#4161,#9085,#13853,.T.);
#13853 = SEAM_CURVE('',#13854,(#13858,#13865),.PCURVE_S1.);
#13854 = LINE('',#13855,#13856);
#13855 = CARTESIAN_POINT('',(88.9,-332.74,243.84));
#13856 = VECTOR('',#13857,1.);
#13857 = DIRECTION('',(0.,1.,0.));
#13858 = PCURVE('',#4177,#13859);
#13859 = DEFINITIONAL_REPRESENTATION('',(#13860),#13864);
#13860 = LINE('',#13861,#13862);
#13861 = CARTESIAN_POINT('',(6.28318530718,-0.));
#13862 = VECTOR('',#13863,1.);
#13863 = DIRECTION('',(0.,1.));
#13864 = ( GEOMETRIC_REPRESENTATION_CONTEXT(2) 
PARAMETRIC_REPRESENTATION_CONTEXT() REPRESENTATION_CONTEXT('2D SPACE',''
  ) );
#13865 = PCURVE('',#4177,#13866);
#13866 = DEFINITIONAL_REPRESENTATION('',(#13867),#13871);
#13867 = LINE('',#13868,#13869);
#13868 = CARTESIAN_POINT('',(0.,-0.));
#13869 = VECTOR('',#13870,1.);
#13870 = DIRECTION('',(0.,1.));
#13871 = ( GEOMETRIC_REPRESENTATION_CONTEXT(2) 
PARAMETRIC_REPRESENTATION_CONTEXT() REPRESENTATION_CONTEXT('2D SPACE',''
  ) );
#13872 = ORIENTED_EDGE('',*,*,#4160,.T.);
#13873 = ORIENTED_EDGE('',*,*,#13852,.T.);
#13874 = ADVANCED_FACE('',(#13875),#4208,.F.);
#13875 = FACE_BOUND('',#13876,.F.);
#13876 = EDGE_LOOP('',(#13877,#13878,#13899,#13900));
#13877 = ORIENTED_EDGE('',*,*,#9110,.F.);
#13878 = ORIENTED_EDGE('',*,*,#13879,.F.);
#13879 = EDGE_CURVE('',#4192,#9111,#13880,.T.);
#13880 = SEAM_CURVE('',#13881,(#13885,#13892),.PCURVE_S1.);
#13881 = LINE('',#13882,#13883);
#13882 = CARTESIAN_POINT('',(76.2,-332.74,256.54));
#13883 = VECTOR('',#13884,1.);
#13884 = DIRECTION('',(0.,1.,0.));
#13885 = PCURVE('',#4208,#13886);
#13886 = DEFINITIONAL_REPRESENTATION('',(#13887),#13891);
#13887 = LINE('',#13888,#13889);
#13888 = CARTESIAN_POINT('',(6.28318530718,-0.));
#13889 = VECTOR('',#13890,1.);
#13890 = DIRECTION('',(0.,1.));
#13891 = ( GEOMETRIC_REPRESENTATION_CONTEXT(2) 
PARAMETRIC_REPRESENTATION_CONTEXT() REPRESENTATION_CONTEXT('2D SPACE',''
  ) );
#13892 = PCURVE('',#4208,#13893);
#13893 = DEFINITIONAL_REPRESENTATION('',(#13894),#13898);
#13894 = LINE('',#13895,#13896);
#13895 = CARTESIAN_POINT('',(0.,-0.));
#13896 = VECTOR('',#13897,1.);
#13897 = DIRECTION('',(0.,1.));
#13898 = ( GEOMETRIC_REPRESENTATION_CONTEXT(2) 
PARAMETRIC_REPRESENTATION_CONTEXT() REPRESENTATION_CONTEXT('2D SPACE',''
  ) );
#13899 = ORIENTED_EDGE('',*,*,#4191,.T.);
#13900 = ORIENTED_EDGE('',*,*,#13879,.T.);
#13901 = ADVANCED_FACE('',(#13902),#4239,.F.);
#13902 = FACE_BOUND('',#13903,.F.);
#13903 = EDGE_LOOP('',(#13904,#13905,#13926,#13927));
#13904 = ORIENTED_EDGE('',*,*,#9136,.F.);
#13905 = ORIENTED_EDGE('',*,*,#13906,.F.);
#13906 = EDGE_CURVE('',#4223,#9137,#13907,.T.);
#13907 = SEAM_CURVE('',#13908,(#13912,#13919),.PCURVE_S1.);
#13908 = LINE('',#13909,#13910);
#13909 = CARTESIAN_POINT('',(88.9,-332.74,256.54));
#13910 = VECTOR('',#13911,1.);
#13911 = DIRECTION('',(0.,1.,0.));
#13912 = PCURVE('',#4239,#13913);
#13913 = DEFINITIONAL_REPRESENTATION('',(#13914),#13918);
#13914 = LINE('',#13915,#13916);
#13915 = CARTESIAN_POINT('',(6.28318530718,-0.));
#13916 = VECTOR('',#13917,1.);
#13917 = DIRECTION('',(0.,1.));
#13918 = ( GEOMETRIC_REPRESENTATION_CONTEXT(2) 
PARAMETRIC_REPRESENTATION_CONTEXT() REPRESENTATION_CONTEXT('2D SPACE',''
  ) );
#13919 = PCURVE('',#4239,#13920);
#13920 = DEFINITIONAL_REPRESENTATION('',(#13921),#13925);
#13921 = LINE('',#13922,#13923);
#13922 = CARTESIAN_POINT('',(0.,-0.));
#13923 = VECTOR('',#13924,1.);
#13924 = DIRECTION('',(0.,1.));
#13925 = ( GEOMETRIC_REPRESENTATION_CONTEXT(2) 
PARAMETRIC_REPRESENTATION_CONTEXT() REPRESENTATION_CONTEXT('2D SPACE',''
  ) );
#13926 = ORIENTED_EDGE('',*,*,#4222,.T.);
#13927 = ORIENTED_EDGE('',*,*,#13906,.T.);
#13928 = ADVANCED_FACE('',(#13929),#4270,.F.);
#13929 = FACE_BOUND('',#13930,.F.);
#13930 = EDGE_LOOP('',(#13931,#13932,#13953,#13954));
#13931 = ORIENTED_EDGE('',*,*,#9162,.F.);
#13932 = ORIENTED_EDGE('',*,*,#13933,.F.);
#13933 = EDGE_CURVE('',#4254,#9163,#13934,.T.);
#13934 = SEAM_CURVE('',#13935,(#13939,#13946),.PCURVE_S1.);
#13935 = LINE('',#13936,#13937);
#13936 = CARTESIAN_POINT('',(38.1,-332.74,269.24));
#13937 = VECTOR('',#13938,1.);
#13938 = DIRECTION('',(0.,1.,0.));
#13939 = PCURVE('',#4270,#13940);
#13940 = DEFINITIONAL_REPRESENTATION('',(#13941),#13945);
#13941 = LINE('',#13942,#13943);
#13942 = CARTESIAN_POINT('',(6.28318530718,-0.));
#13943 = VECTOR('',#13944,1.);
#13944 = DIRECTION('',(0.,1.));
#13945 = ( GEOMETRIC_REPRESENTATION_CONTEXT(2) 
PARAMETRIC_REPRESENTATION_CONTEXT() REPRESENTATION_CONTEXT('2D SPACE',''
  ) );
#13946 = PCURVE('',#4270,#13947);
#13947 = DEFINITIONAL_REPRESENTATION('',(#13948),#13952);
#13948 = LINE('',#13949,#13950);
#13949 = CARTESIAN_POINT('',(0.,-0.));
#13950 = VECTOR('',#13951,1.);
#13951 = DIRECTION('',(0.,1.));
#13952 = ( GEOMETRIC_REPRESENTATION_CONTEXT(2) 
PARAMETRIC_REPRESENTATION_CONTEXT() REPRESENTATION_CONTEXT('2D SPACE',''
  ) );
#13953 = ORIENTED_EDGE('',*,*,#4253,.T.);
#13954 = ORIENTED_EDGE('',*,*,#13933,.T.);
#13955 = ADVANCED_FACE('',(#13956),#4301,.F.);
#13956 = FACE_BOUND('',#13957,.F.);
#13957 = EDGE_LOOP('',(#13958,#13959,#13980,#13981));
#13958 = ORIENTED_EDGE('',*,*,#9188,.F.);
#13959 = ORIENTED_EDGE('',*,*,#13960,.F.);
#13960 = EDGE_CURVE('',#4285,#9189,#13961,.T.);
#13961 = SEAM_CURVE('',#13962,(#13966,#13973),.PCURVE_S1.);
#13962 = LINE('',#13963,#13964);
#13963 = CARTESIAN_POINT('',(50.8,-332.74,269.24));
#13964 = VECTOR('',#13965,1.);
#13965 = DIRECTION('',(0.,1.,0.));
#13966 = PCURVE('',#4301,#13967);
#13967 = DEFINITIONAL_REPRESENTATION('',(#13968),#13972);
#13968 = LINE('',#13969,#13970);
#13969 = CARTESIAN_POINT('',(6.28318530718,-0.));
#13970 = VECTOR('',#13971,1.);
#13971 = DIRECTION('',(0.,1.));
#13972 = ( GEOMETRIC_REPRESENTATION_CONTEXT(2) 
PARAMETRIC_REPRESENTATION_CONTEXT() REPRESENTATION_CONTEXT('2D SPACE',''
  ) );
#13973 = PCURVE('',#4301,#13974);
#13974 = DEFINITIONAL_REPRESENTATION('',(#13975),#13979);
#13975 = LINE('',#13976,#13977);
#13976 = CARTESIAN_POINT('',(0.,-0.));
#13977 = VECTOR('',#13978,1.);
#13978 = DIRECTION('',(0.,1.));
#13979 = ( GEOMETRIC_REPRESENTATION_CONTEXT(2) 
PARAMETRIC_REPRESENTATION_CONTEXT() REPRESENTATION_CONTEXT('2D SPACE',''
  ) );
#13980 = ORIENTED_EDGE('',*,*,#4284,.T.);
#13981 = ORIENTED_EDGE('',*,*,#13960,.T.);
#13982 = ADVANCED_FACE('',(#13983),#4332,.F.);
#13983 = FACE_BOUND('',#13984,.F.);
#13984 = EDGE_LOOP('',(#13985,#13986,#14007,#14008));
#13985 = ORIENTED_EDGE('',*,*,#9214,.F.);
#13986 = ORIENTED_EDGE('',*,*,#13987,.F.);
#13987 = EDGE_CURVE('',#4316,#9215,#13988,.T.);
#13988 = SEAM_CURVE('',#13989,(#13993,#14000),.PCURVE_S1.);
#13989 = LINE('',#13990,#13991);
#13990 = CARTESIAN_POINT('',(63.5,-332.74,269.24));
#13991 = VECTOR('',#13992,1.);
#13992 = DIRECTION('',(0.,1.,0.));
#13993 = PCURVE('',#4332,#13994);
#13994 = DEFINITIONAL_REPRESENTATION('',(#13995),#13999);
#13995 = LINE('',#13996,#13997);
#13996 = CARTESIAN_POINT('',(6.28318530718,-0.));
#13997 = VECTOR('',#13998,1.);
#13998 = DIRECTION('',(0.,1.));
#13999 = ( GEOMETRIC_REPRESENTATION_CONTEXT(2) 
PARAMETRIC_REPRESENTATION_CONTEXT() REPRESENTATION_CONTEXT('2D SPACE',''
  ) );
#14000 = PCURVE('',#4332,#14001);
#14001 = DEFINITIONAL_REPRESENTATION('',(#14002),#14006);
#14002 = LINE('',#14003,#14004);
#14003 = CARTESIAN_POINT('',(0.,-0.));
#14004 = VECTOR('',#14005,1.);
#14005 = DIRECTION('',(0.,1.));
#14006 = ( GEOMETRIC_REPRESENTATION_CONTEXT(2) 
PARAMETRIC_REPRESENTATION_CONTEXT() REPRESENTATION_CONTEXT('2D SPACE',''
  ) );
#14007 = ORIENTED_EDGE('',*,*,#4315,.T.);
#14008 = ORIENTED_EDGE('',*,*,#13987,.T.);
#14009 = ADVANCED_FACE('',(#14010),#4363,.F.);
#14010 = FACE_BOUND('',#14011,.F.);
#14011 = EDGE_LOOP('',(#14012,#14013,#14034,#14035));
#14012 = ORIENTED_EDGE('',*,*,#9240,.F.);
#14013 = ORIENTED_EDGE('',*,*,#14014,.F.);
#14014 = EDGE_CURVE('',#4347,#9241,#14015,.T.);
#14015 = SEAM_CURVE('',#14016,(#14020,#14027),.PCURVE_S1.);
#14016 = LINE('',#14017,#14018);
#14017 = CARTESIAN_POINT('',(76.2,-332.74,269.24));
#14018 = VECTOR('',#14019,1.);
#14019 = DIRECTION('',(0.,1.,0.));
#14020 = PCURVE('',#4363,#14021);
#14021 = DEFINITIONAL_REPRESENTATION('',(#14022),#14026);
#14022 = LINE('',#14023,#14024);
#14023 = CARTESIAN_POINT('',(6.28318530718,-0.));
#14024 = VECTOR('',#14025,1.);
#14025 = DIRECTION('',(0.,1.));
#14026 = ( GEOMETRIC_REPRESENTATION_CONTEXT(2) 
PARAMETRIC_REPRESENTATION_CONTEXT() REPRESENTATION_CONTEXT('2D SPACE',''
  ) );
#14027 = PCURVE('',#4363,#14028);
#14028 = DEFINITIONAL_REPRESENTATION('',(#14029),#14033);
#14029 = LINE('',#14030,#14031);
#14030 = CARTESIAN_POINT('',(0.,-0.));
#14031 = VECTOR('',#14032,1.);
#14032 = DIRECTION('',(0.,1.));
#14033 = ( GEOMETRIC_REPRESENTATION_CONTEXT(2) 
PARAMETRIC_REPRESENTATION_CONTEXT() REPRESENTATION_CONTEXT('2D SPACE',''
  ) );
#14034 = ORIENTED_EDGE('',*,*,#4346,.T.);
#14035 = ORIENTED_EDGE('',*,*,#14014,.T.);
#14036 = ADVANCED_FACE('',(#14037),#4394,.F.);
#14037 = FACE_BOUND('',#14038,.F.);
#14038 = EDGE_LOOP('',(#14039,#14040,#14061,#14062));
#14039 = ORIENTED_EDGE('',*,*,#9266,.F.);
#14040 = ORIENTED_EDGE('',*,*,#14041,.F.);
#14041 = EDGE_CURVE('',#4378,#9267,#14042,.T.);
#14042 = SEAM_CURVE('',#14043,(#14047,#14054),.PCURVE_S1.);
#14043 = LINE('',#14044,#14045);
#14044 = CARTESIAN_POINT('',(88.9,-332.74,269.24));
#14045 = VECTOR('',#14046,1.);
#14046 = DIRECTION('',(0.,1.,0.));
#14047 = PCURVE('',#4394,#14048);
#14048 = DEFINITIONAL_REPRESENTATION('',(#14049),#14053);
#14049 = LINE('',#14050,#14051);
#14050 = CARTESIAN_POINT('',(6.28318530718,-0.));
#14051 = VECTOR('',#14052,1.);
#14052 = DIRECTION('',(0.,1.));
#14053 = ( GEOMETRIC_REPRESENTATION_CONTEXT(2) 
PARAMETRIC_REPRESENTATION_CONTEXT() REPRESENTATION_CONTEXT('2D SPACE',''
  ) );
#14054 = PCURVE('',#4394,#14055);
#14055 = DEFINITIONAL_REPRESENTATION('',(#14056),#14060);
#14056 = LINE('',#14057,#14058);
#14057 = CARTESIAN_POINT('',(0.,-0.));
#14058 = VECTOR('',#14059,1.);
#14059 = DIRECTION('',(0.,1.));
#14060 = ( GEOMETRIC_REPRESENTATION_CONTEXT(2) 
PARAMETRIC_REPRESENTATION_CONTEXT() REPRESENTATION_CONTEXT('2D SPACE',''
  ) );
#14061 = ORIENTED_EDGE('',*,*,#4377,.T.);
#14062 = ORIENTED_EDGE('',*,*,#14041,.T.);
#14063 = ADVANCED_FACE('',(#14064),#4425,.F.);
#14064 = FACE_BOUND('',#14065,.F.);
#14065 = EDGE_LOOP('',(#14066,#14067,#14088,#14089));
#14066 = ORIENTED_EDGE('',*,*,#9292,.F.);
#14067 = ORIENTED_EDGE('',*,*,#14068,.F.);
#14068 = EDGE_CURVE('',#4409,#9293,#14069,.T.);
#14069 = SEAM_CURVE('',#14070,(#14074,#14081),.PCURVE_S1.);
#14070 = LINE('',#14071,#14072);
#14071 = CARTESIAN_POINT('',(101.6,-332.74,243.84));
#14072 = VECTOR('',#14073,1.);
#14073 = DIRECTION('',(0.,1.,0.));
#14074 = PCURVE('',#4425,#14075);
#14075 = DEFINITIONAL_REPRESENTATION('',(#14076),#14080);
#14076 = LINE('',#14077,#14078);
#14077 = CARTESIAN_POINT('',(6.28318530718,-0.));
#14078 = VECTOR('',#14079,1.);
#14079 = DIRECTION('',(0.,1.));
#14080 = ( GEOMETRIC_REPRESENTATION_CONTEXT(2) 
PARAMETRIC_REPRESENTATION_CONTEXT() REPRESENTATION_CONTEXT('2D SPACE',''
  ) );
#14081 = PCURVE('',#4425,#14082);
#14082 = DEFINITIONAL_REPRESENTATION('',(#14083),#14087);
#14083 = LINE('',#14084,#14085);
#14084 = CARTESIAN_POINT('',(0.,-0.));
#14085 = VECTOR('',#14086,1.);
#14086 = DIRECTION('',(0.,1.));
#14087 = ( GEOMETRIC_REPRESENTATION_CONTEXT(2) 
PARAMETRIC_REPRESENTATION_CONTEXT() REPRESENTATION_CONTEXT('2D SPACE',''
  ) );
#14088 = ORIENTED_EDGE('',*,*,#4408,.T.);
#14089 = ORIENTED_EDGE('',*,*,#14068,.T.);
#14090 = ADVANCED_FACE('',(#14091),#4456,.F.);
#14091 = FACE_BOUND('',#14092,.F.);
#14092 = EDGE_LOOP('',(#14093,#14094,#14115,#14116));
#14093 = ORIENTED_EDGE('',*,*,#9318,.F.);
#14094 = ORIENTED_EDGE('',*,*,#14095,.F.);
#14095 = EDGE_CURVE('',#4440,#9319,#14096,.T.);
#14096 = SEAM_CURVE('',#14097,(#14101,#14108),.PCURVE_S1.);
#14097 = LINE('',#14098,#14099);
#14098 = CARTESIAN_POINT('',(101.6,-332.74,256.54));
#14099 = VECTOR('',#14100,1.);
#14100 = DIRECTION('',(0.,1.,0.));
#14101 = PCURVE('',#4456,#14102);
#14102 = DEFINITIONAL_REPRESENTATION('',(#14103),#14107);
#14103 = LINE('',#14104,#14105);
#14104 = CARTESIAN_POINT('',(6.28318530718,-0.));
#14105 = VECTOR('',#14106,1.);
#14106 = DIRECTION('',(0.,1.));
#14107 = ( GEOMETRIC_REPRESENTATION_CONTEXT(2) 
PARAMETRIC_REPRESENTATION_CONTEXT() REPRESENTATION_CONTEXT('2D SPACE',''
  ) );
#14108 = PCURVE('',#4456,#14109);
#14109 = DEFINITIONAL_REPRESENTATION('',(#14110),#14114);
#14110 = LINE('',#14111,#14112);
#14111 = CARTESIAN_POINT('',(0.,-0.));
#14112 = VECTOR('',#14113,1.);
#14113 = DIRECTION('',(0.,1.));
#14114 = ( GEOMETRIC_REPRESENTATION_CONTEXT(2) 
PARAMETRIC_REPRESENTATION_CONTEXT() REPRESENTATION_CONTEXT('2D SPACE',''
  ) );
#14115 = ORIENTED_EDGE('',*,*,#4439,.T.);
#14116 = ORIENTED_EDGE('',*,*,#14095,.T.);
#14117 = ADVANCED_FACE('',(#14118),#4487,.F.);
#14118 = FACE_BOUND('',#14119,.F.);
#14119 = EDGE_LOOP('',(#14120,#14121,#14142,#14143));
#14120 = ORIENTED_EDGE('',*,*,#9344,.F.);
#14121 = ORIENTED_EDGE('',*,*,#14122,.F.);
#14122 = EDGE_CURVE('',#4471,#9345,#14123,.T.);
#14123 = SEAM_CURVE('',#14124,(#14128,#14135),.PCURVE_S1.);
#14124 = LINE('',#14125,#14126);
#14125 = CARTESIAN_POINT('',(101.6,-332.74,269.24));
#14126 = VECTOR('',#14127,1.);
#14127 = DIRECTION('',(0.,1.,0.));
#14128 = PCURVE('',#4487,#14129);
#14129 = DEFINITIONAL_REPRESENTATION('',(#14130),#14134);
#14130 = LINE('',#14131,#14132);
#14131 = CARTESIAN_POINT('',(6.28318530718,-0.));
#14132 = VECTOR('',#14133,1.);
#14133 = DIRECTION('',(0.,1.));
#14134 = ( GEOMETRIC_REPRESENTATION_CONTEXT(2) 
PARAMETRIC_REPRESENTATION_CONTEXT() REPRESENTATION_CONTEXT('2D SPACE',''
  ) );
#14135 = PCURVE('',#4487,#14136);
#14136 = DEFINITIONAL_REPRESENTATION('',(#14137),#14141);
#14137 = LINE('',#14138,#14139);
#14138 = CARTESIAN_POINT('',(0.,-0.));
#14139 = VECTOR('',#14140,1.);
#14140 = DIRECTION('',(0.,1.));
#14141 = ( GEOMETRIC_REPRESENTATION_CONTEXT(2) 
PARAMETRIC_REPRESENTATION_CONTEXT() REPRESENTATION_CONTEXT('2D SPACE',''
  ) );
#14142 = ORIENTED_EDGE('',*,*,#4470,.T.);
#14143 = ORIENTED_EDGE('',*,*,#14122,.T.);
#14144 = ADVANCED_FACE('',(#14145),#4518,.F.);
#14145 = FACE_BOUND('',#14146,.F.);
#14146 = EDGE_LOOP('',(#14147,#14148,#14169,#14170));
#14147 = ORIENTED_EDGE('',*,*,#9370,.F.);
#14148 = ORIENTED_EDGE('',*,*,#14149,.F.);
#14149 = EDGE_CURVE('',#4502,#9371,#14150,.T.);
#14150 = SEAM_CURVE('',#14151,(#14155,#14162),.PCURVE_S1.);
#14151 = LINE('',#14152,#14153);
#14152 = CARTESIAN_POINT('',(167.64,-332.74,213.3727));
#14153 = VECTOR('',#14154,1.);
#14154 = DIRECTION('',(0.,1.,0.));
#14155 = PCURVE('',#4518,#14156);
#14156 = DEFINITIONAL_REPRESENTATION('',(#14157),#14161);
#14157 = LINE('',#14158,#14159);
#14158 = CARTESIAN_POINT('',(6.28318530718,-0.));
#14159 = VECTOR('',#14160,1.);
#14160 = DIRECTION('',(0.,1.));
#14161 = ( GEOMETRIC_REPRESENTATION_CONTEXT(2) 
PARAMETRIC_REPRESENTATION_CONTEXT() REPRESENTATION_CONTEXT('2D SPACE',''
  ) );
#14162 = PCURVE('',#4518,#14163);
#14163 = DEFINITIONAL_REPRESENTATION('',(#14164),#14168);
#14164 = LINE('',#14165,#14166);
#14165 = CARTESIAN_POINT('',(0.,-0.));
#14166 = VECTOR('',#14167,1.);
#14167 = DIRECTION('',(0.,1.));
#14168 = ( GEOMETRIC_REPRESENTATION_CONTEXT(2) 
PARAMETRIC_REPRESENTATION_CONTEXT() REPRESENTATION_CONTEXT('2D SPACE',''
  ) );
#14169 = ORIENTED_EDGE('',*,*,#4501,.T.);
#14170 = ORIENTED_EDGE('',*,*,#14149,.T.);
#14171 = ADVANCED_FACE('',(#14172),#4549,.F.);
#14172 = FACE_BOUND('',#14173,.F.);
#14173 = EDGE_LOOP('',(#14174,#14195,#14196,#14217));
#14174 = ORIENTED_EDGE('',*,*,#14175,.F.);
#14175 = EDGE_CURVE('',#4533,#9397,#14176,.T.);
#14176 = SURFACE_CURVE('',#14177,(#14181,#14188),.PCURVE_S1.);
#14177 = LINE('',#14178,#14179);
#14178 = CARTESIAN_POINT('',(228.6,-332.74,266.7));
#14179 = VECTOR('',#14180,1.);
#14180 = DIRECTION('',(-0.,1.,0.));
#14181 = PCURVE('',#4549,#14182);
#14182 = DEFINITIONAL_REPRESENTATION('',(#14183),#14187);
#14183 = LINE('',#14184,#14185);
#14184 = CARTESIAN_POINT('',(0.,0.));
#14185 = VECTOR('',#14186,1.);
#14186 = DIRECTION('',(0.,1.));
#14187 = ( GEOMETRIC_REPRESENTATION_CONTEXT(2) 
PARAMETRIC_REPRESENTATION_CONTEXT() REPRESENTATION_CONTEXT('2D SPACE',''
  ) );
#14188 = PCURVE('',#4575,#14189);
#14189 = DEFINITIONAL_REPRESENTATION('',(#14190),#14194);
#14190 = LINE('',#14191,#14192);
#14191 = CARTESIAN_POINT('',(45.72,0.));
#14192 = VECTOR('',#14193,1.);
#14193 = DIRECTION('',(0.,-1.));
#14194 = ( GEOMETRIC_REPRESENTATION_CONTEXT(2) 
PARAMETRIC_REPRESENTATION_CONTEXT() REPRESENTATION_CONTEXT('2D SPACE',''
  ) );
#14195 = ORIENTED_EDGE('',*,*,#4532,.T.);
#14196 = ORIENTED_EDGE('',*,*,#14197,.T.);
#14197 = EDGE_CURVE('',#4535,#9399,#14198,.T.);
#14198 = SURFACE_CURVE('',#14199,(#14203,#14210),.PCURVE_S1.);
#14199 = LINE('',#14200,#14201);
#14200 = CARTESIAN_POINT('',(299.72,-332.74,266.7));
#14201 = VECTOR('',#14202,1.);
#14202 = DIRECTION('',(-0.,1.,0.));
#14203 = PCURVE('',#4549,#14204);
#14204 = DEFINITIONAL_REPRESENTATION('',(#14205),#14209);
#14205 = LINE('',#14206,#14207);
#14206 = CARTESIAN_POINT('',(71.12,0.));
#14207 = VECTOR('',#14208,1.);
#14208 = DIRECTION('',(0.,1.));
#14209 = ( GEOMETRIC_REPRESENTATION_CONTEXT(2) 
PARAMETRIC_REPRESENTATION_CONTEXT() REPRESENTATION_CONTEXT('2D SPACE',''
  ) );
#14210 = PCURVE('',#4784,#14211);
#14211 = DEFINITIONAL_REPRESENTATION('',(#14212),#14216);
#14212 = LINE('',#14213,#14214);
#14213 = CARTESIAN_POINT('',(45.72,0.));
#14214 = VECTOR('',#14215,1.);
#14215 = DIRECTION('',(0.,-1.));
#14216 = ( GEOMETRIC_REPRESENTATION_CONTEXT(2) 
PARAMETRIC_REPRESENTATION_CONTEXT() REPRESENTATION_CONTEXT('2D SPACE',''
  ) );
#14217 = ORIENTED_EDGE('',*,*,#9396,.F.);
#14218 = ADVANCED_FACE('',(#14219),#4784,.F.);
#14219 = FACE_BOUND('',#14220,.F.);
#14220 = EDGE_LOOP('',(#14221,#14222,#14223,#14244));
#14221 = ORIENTED_EDGE('',*,*,#14197,.F.);
#14222 = ORIENTED_EDGE('',*,*,#4771,.T.);
#14223 = ORIENTED_EDGE('',*,*,#14224,.T.);
#14224 = EDGE_CURVE('',#4746,#9570,#14225,.T.);
#14225 = SURFACE_CURVE('',#14226,(#14230,#14237),.PCURVE_S1.);
#14226 = LINE('',#14227,#14228);
#14227 = CARTESIAN_POINT('',(299.72,-332.74,220.98));
#14228 = VECTOR('',#14229,1.);
#14229 = DIRECTION('',(-0.,1.,0.));
#14230 = PCURVE('',#4784,#14231);
#14231 = DEFINITIONAL_REPRESENTATION('',(#14232),#14236);
#14232 = LINE('',#14233,#14234);
#14233 = CARTESIAN_POINT('',(0.,0.));
#14234 = VECTOR('',#14235,1.);
#14235 = DIRECTION('',(0.,-1.));
#14236 = ( GEOMETRIC_REPRESENTATION_CONTEXT(2) 
PARAMETRIC_REPRESENTATION_CONTEXT() REPRESENTATION_CONTEXT('2D SPACE',''
  ) );
#14237 = PCURVE('',#4760,#14238);
#14238 = DEFINITIONAL_REPRESENTATION('',(#14239),#14243);
#14239 = LINE('',#14240,#14241);
#14240 = CARTESIAN_POINT('',(71.12,0.));
#14241 = VECTOR('',#14242,1.);
#14242 = DIRECTION('',(0.,1.));
#14243 = ( GEOMETRIC_REPRESENTATION_CONTEXT(2) 
PARAMETRIC_REPRESENTATION_CONTEXT() REPRESENTATION_CONTEXT('2D SPACE',''
  ) );
#14244 = ORIENTED_EDGE('',*,*,#9590,.F.);
#14245 = ADVANCED_FACE('',(#14246),#4760,.T.);
#14246 = FACE_BOUND('',#14247,.T.);
#14247 = EDGE_LOOP('',(#14248,#14269,#14270,#14271));
#14248 = ORIENTED_EDGE('',*,*,#14249,.F.);
#14249 = EDGE_CURVE('',#4720,#9549,#14250,.T.);
#14250 = SURFACE_CURVE('',#14251,(#14255,#14262),.PCURVE_S1.);
#14251 = LINE('',#14252,#14253);
#14252 = CARTESIAN_POINT('',(228.6,-332.74,220.98));
#14253 = VECTOR('',#14254,1.);
#14254 = DIRECTION('',(-0.,1.,0.));
#14255 = PCURVE('',#4760,#14256);
#14256 = DEFINITIONAL_REPRESENTATION('',(#14257),#14261);
#14257 = LINE('',#14258,#14259);
#14258 = CARTESIAN_POINT('',(0.,0.));
#14259 = VECTOR('',#14260,1.);
#14260 = DIRECTION('',(0.,1.));
#14261 = ( GEOMETRIC_REPRESENTATION_CONTEXT(2) 
PARAMETRIC_REPRESENTATION_CONTEXT() REPRESENTATION_CONTEXT('2D SPACE',''
  ) );
#14262 = PCURVE('',#4734,#14263);
#14263 = DEFINITIONAL_REPRESENTATION('',(#14264),#14268);
#14264 = LINE('',#14265,#14266);
#14265 = CARTESIAN_POINT('',(10.16,0.));
#14266 = VECTOR('',#14267,1.);
#14267 = DIRECTION('',(0.,-1.));
#14268 = ( GEOMETRIC_REPRESENTATION_CONTEXT(2) 
PARAMETRIC_REPRESENTATION_CONTEXT() REPRESENTATION_CONTEXT('2D SPACE',''
  ) );
#14269 = ORIENTED_EDGE('',*,*,#4745,.T.);
#14270 = ORIENTED_EDGE('',*,*,#14224,.T.);
#14271 = ORIENTED_EDGE('',*,*,#9569,.F.);
#14272 = ADVANCED_FACE('',(#14273),#4734,.F.);
#14273 = FACE_BOUND('',#14274,.F.);
#14274 = EDGE_LOOP('',(#14275,#14276,#14297,#14298));
#14275 = ORIENTED_EDGE('',*,*,#4719,.T.);
#14276 = ORIENTED_EDGE('',*,*,#14277,.T.);
#14277 = EDGE_CURVE('',#4694,#9528,#14278,.T.);
#14278 = SURFACE_CURVE('',#14279,(#14283,#14290),.PCURVE_S1.);
#14279 = LINE('',#14280,#14281);
#14280 = CARTESIAN_POINT('',(228.6,-332.74,210.82));
#14281 = VECTOR('',#14282,1.);
#14282 = DIRECTION('',(-0.,1.,0.));
#14283 = PCURVE('',#4734,#14284);
#14284 = DEFINITIONAL_REPRESENTATION('',(#14285),#14289);
#14285 = LINE('',#14286,#14287);
#14286 = CARTESIAN_POINT('',(0.,0.));
#14287 = VECTOR('',#14288,1.);
#14288 = DIRECTION('',(0.,-1.));
#14289 = ( GEOMETRIC_REPRESENTATION_CONTEXT(2) 
PARAMETRIC_REPRESENTATION_CONTEXT() REPRESENTATION_CONTEXT('2D SPACE',''
  ) );
#14290 = PCURVE('',#4708,#14291);
#14291 = DEFINITIONAL_REPRESENTATION('',(#14292),#14296);
#14292 = LINE('',#14293,#14294);
#14293 = CARTESIAN_POINT('',(50.8,0.));
#14294 = VECTOR('',#14295,1.);
#14295 = DIRECTION('',(0.,1.));
#14296 = ( GEOMETRIC_REPRESENTATION_CONTEXT(2) 
PARAMETRIC_REPRESENTATION_CONTEXT() REPRESENTATION_CONTEXT('2D SPACE',''
  ) );
#14297 = ORIENTED_EDGE('',*,*,#9548,.F.);
#14298 = ORIENTED_EDGE('',*,*,#14249,.F.);
#14299 = ADVANCED_FACE('',(#14300),#4708,.T.);
#14300 = FACE_BOUND('',#14301,.T.);
#14301 = EDGE_LOOP('',(#14302,#14321,#14322,#14323));
#14302 = ORIENTED_EDGE('',*,*,#14303,.F.);
#14303 = EDGE_CURVE('',#4665,#9504,#14304,.T.);
#14304 = SURFACE_CURVE('',#14305,(#14309,#14315),.PCURVE_S1.);
#14305 = LINE('',#14306,#14307);
#14306 = CARTESIAN_POINT('',(190.5127,-332.74,210.82));
#14307 = VECTOR('',#14308,1.);
#14308 = DIRECTION('',(0.,1.,0.));
#14309 = PCURVE('',#4708,#14310);
#14310 = DEFINITIONAL_REPRESENTATION('',(#14311),#14314);
#14311 = B_SPLINE_CURVE_WITH_KNOTS('',1,(#14312,#14313),.UNSPECIFIED.,
  .F.,.F.,(2,2),(1.905,9.525),.PIECEWISE_BEZIER_KNOTS.);
#14312 = CARTESIAN_POINT('',(12.7127,1.905));
#14313 = CARTESIAN_POINT('',(12.7127,9.525));
#14314 = ( GEOMETRIC_REPRESENTATION_CONTEXT(2) 
PARAMETRIC_REPRESENTATION_CONTEXT() REPRESENTATION_CONTEXT('2D SPACE',''
  ) );
#14315 = PCURVE('',#4681,#14316);
#14316 = DEFINITIONAL_REPRESENTATION('',(#14317),#14320);
#14317 = B_SPLINE_CURVE_WITH_KNOTS('',1,(#14318,#14319),.UNSPECIFIED.,
  .F.,.F.,(2,2),(1.905,9.525),.PIECEWISE_BEZIER_KNOTS.);
#14318 = CARTESIAN_POINT('',(1.570796326795,1.905));
#14319 = CARTESIAN_POINT('',(1.570796326795,9.525));
#14320 = ( GEOMETRIC_REPRESENTATION_CONTEXT(2) 
PARAMETRIC_REPRESENTATION_CONTEXT() REPRESENTATION_CONTEXT('2D SPACE',''
  ) );
#14321 = ORIENTED_EDGE('',*,*,#4693,.T.);
#14322 = ORIENTED_EDGE('',*,*,#14277,.T.);
#14323 = ORIENTED_EDGE('',*,*,#9527,.F.);
#14324 = ADVANCED_FACE('',(#14325),#4681,.F.);
#14325 = FACE_BOUND('',#14326,.F.);
#14326 = EDGE_LOOP('',(#14327,#14328,#14329,#14348));
#14327 = ORIENTED_EDGE('',*,*,#14303,.F.);
#14328 = ORIENTED_EDGE('',*,*,#4664,.T.);
#14329 = ORIENTED_EDGE('',*,*,#14330,.T.);
#14330 = EDGE_CURVE('',#4639,#9483,#14331,.T.);
#14331 = SURFACE_CURVE('',#14332,(#14336,#14342),.PCURVE_S1.);
#14332 = LINE('',#14333,#14334);
#14333 = CARTESIAN_POINT('',(185.4073,-332.74,210.82));
#14334 = VECTOR('',#14335,1.);
#14335 = DIRECTION('',(0.,1.,0.));
#14336 = PCURVE('',#4681,#14337);
#14337 = DEFINITIONAL_REPRESENTATION('',(#14338),#14341);
#14338 = B_SPLINE_CURVE_WITH_KNOTS('',1,(#14339,#14340),.UNSPECIFIED.,
  .F.,.F.,(2,2),(1.905,9.525),.PIECEWISE_BEZIER_KNOTS.);
#14339 = CARTESIAN_POINT('',(4.712388980385,1.905));
#14340 = CARTESIAN_POINT('',(4.712388980385,9.525));
#14341 = ( GEOMETRIC_REPRESENTATION_CONTEXT(2) 
PARAMETRIC_REPRESENTATION_CONTEXT() REPRESENTATION_CONTEXT('2D SPACE',''
  ) );
#14342 = PCURVE('',#4653,#14343);
#14343 = DEFINITIONAL_REPRESENTATION('',(#14344),#14347);
#14344 = B_SPLINE_CURVE_WITH_KNOTS('',1,(#14345,#14346),.UNSPECIFIED.,
  .F.,.F.,(2,2),(1.905,9.525),.PIECEWISE_BEZIER_KNOTS.);
#14345 = CARTESIAN_POINT('',(7.6073,1.905));
#14346 = CARTESIAN_POINT('',(7.6073,9.525));
#14347 = ( GEOMETRIC_REPRESENTATION_CONTEXT(2) 
PARAMETRIC_REPRESENTATION_CONTEXT() REPRESENTATION_CONTEXT('2D SPACE',''
  ) );
#14348 = ORIENTED_EDGE('',*,*,#9503,.F.);
#14349 = ADVANCED_FACE('',(#14350),#4653,.T.);
#14350 = FACE_BOUND('',#14351,.T.);
#14351 = EDGE_LOOP('',(#14352,#14373,#14374,#14375));
#14352 = ORIENTED_EDGE('',*,*,#14353,.F.);
#14353 = EDGE_CURVE('',#4613,#9462,#14354,.T.);
#14354 = SURFACE_CURVE('',#14355,(#14359,#14366),.PCURVE_S1.);
#14355 = LINE('',#14356,#14357);
#14356 = CARTESIAN_POINT('',(177.8,-332.74,210.82));
#14357 = VECTOR('',#14358,1.);
#14358 = DIRECTION('',(-0.,1.,0.));
#14359 = PCURVE('',#4653,#14360);
#14360 = DEFINITIONAL_REPRESENTATION('',(#14361),#14365);
#14361 = LINE('',#14362,#14363);
#14362 = CARTESIAN_POINT('',(0.,0.));
#14363 = VECTOR('',#14364,1.);
#14364 = DIRECTION('',(0.,1.));
#14365 = ( GEOMETRIC_REPRESENTATION_CONTEXT(2) 
PARAMETRIC_REPRESENTATION_CONTEXT() REPRESENTATION_CONTEXT('2D SPACE',''
  ) );
#14366 = PCURVE('',#4627,#14367);
#14367 = DEFINITIONAL_REPRESENTATION('',(#14368),#14372);
#14368 = LINE('',#14369,#14370);
#14369 = CARTESIAN_POINT('',(0.,0.));
#14370 = VECTOR('',#14371,1.);
#14371 = DIRECTION('',(0.,-1.));
#14372 = ( GEOMETRIC_REPRESENTATION_CONTEXT(2) 
PARAMETRIC_REPRESENTATION_CONTEXT() REPRESENTATION_CONTEXT('2D SPACE',''
  ) );
#14373 = ORIENTED_EDGE('',*,*,#4638,.T.);
#14374 = ORIENTED_EDGE('',*,*,#14330,.T.);
#14375 = ORIENTED_EDGE('',*,*,#9482,.F.);
#14376 = ADVANCED_FACE('',(#14377),#4627,.T.);
#14377 = FACE_BOUND('',#14378,.T.);
#14378 = EDGE_LOOP('',(#14379,#14400,#14401,#14402));
#14379 = ORIENTED_EDGE('',*,*,#14380,.F.);
#14380 = EDGE_CURVE('',#4587,#9441,#14381,.T.);
#14381 = SURFACE_CURVE('',#14382,(#14386,#14393),.PCURVE_S1.);
#14382 = LINE('',#14383,#14384);
#14383 = CARTESIAN_POINT('',(177.8,-332.74,223.52));
#14384 = VECTOR('',#14385,1.);
#14385 = DIRECTION('',(-0.,1.,0.));
#14386 = PCURVE('',#4627,#14387);
#14387 = DEFINITIONAL_REPRESENTATION('',(#14388),#14392);
#14388 = LINE('',#14389,#14390);
#14389 = CARTESIAN_POINT('',(12.7,0.));
#14390 = VECTOR('',#14391,1.);
#14391 = DIRECTION('',(0.,-1.));
#14392 = ( GEOMETRIC_REPRESENTATION_CONTEXT(2) 
PARAMETRIC_REPRESENTATION_CONTEXT() REPRESENTATION_CONTEXT('2D SPACE',''
  ) );
#14393 = PCURVE('',#4601,#14394);
#14394 = DEFINITIONAL_REPRESENTATION('',(#14395),#14399);
#14395 = LINE('',#14396,#14397);
#14396 = CARTESIAN_POINT('',(0.,0.));
#14397 = VECTOR('',#14398,1.);
#14398 = DIRECTION('',(0.,1.));
#14399 = ( GEOMETRIC_REPRESENTATION_CONTEXT(2) 
PARAMETRIC_REPRESENTATION_CONTEXT() REPRESENTATION_CONTEXT('2D SPACE',''
  ) );
#14400 = ORIENTED_EDGE('',*,*,#4612,.T.);
#14401 = ORIENTED_EDGE('',*,*,#14353,.T.);
#14402 = ORIENTED_EDGE('',*,*,#9461,.F.);
#14403 = ADVANCED_FACE('',(#14404),#4601,.F.);
#14404 = FACE_BOUND('',#14405,.F.);
#14405 = EDGE_LOOP('',(#14406,#14407,#14408,#14429));
#14406 = ORIENTED_EDGE('',*,*,#14380,.F.);
#14407 = ORIENTED_EDGE('',*,*,#4586,.T.);
#14408 = ORIENTED_EDGE('',*,*,#14409,.T.);
#14409 = EDGE_CURVE('',#4561,#9420,#14410,.T.);
#14410 = SURFACE_CURVE('',#14411,(#14415,#14422),.PCURVE_S1.);
#14411 = LINE('',#14412,#14413);
#14412 = CARTESIAN_POINT('',(228.6,-332.74,223.52));
#14413 = VECTOR('',#14414,1.);
#14414 = DIRECTION('',(-0.,1.,0.));
#14415 = PCURVE('',#4601,#14416);
#14416 = DEFINITIONAL_REPRESENTATION('',(#14417),#14421);
#14417 = LINE('',#14418,#14419);
#14418 = CARTESIAN_POINT('',(50.8,0.));
#14419 = VECTOR('',#14420,1.);
#14420 = DIRECTION('',(0.,1.));
#14421 = ( GEOMETRIC_REPRESENTATION_CONTEXT(2) 
PARAMETRIC_REPRESENTATION_CONTEXT() REPRESENTATION_CONTEXT('2D SPACE',''
  ) );
#14422 = PCURVE('',#4575,#14423);
#14423 = DEFINITIONAL_REPRESENTATION('',(#14424),#14428);
#14424 = LINE('',#14425,#14426);
#14425 = CARTESIAN_POINT('',(2.54,0.));
#14426 = VECTOR('',#14427,1.);
#14427 = DIRECTION('',(0.,-1.));
#14428 = ( GEOMETRIC_REPRESENTATION_CONTEXT(2) 
PARAMETRIC_REPRESENTATION_CONTEXT() REPRESENTATION_CONTEXT('2D SPACE',''
  ) );
#14429 = ORIENTED_EDGE('',*,*,#9440,.F.);
#14430 = ADVANCED_FACE('',(#14431),#4575,.T.);
#14431 = FACE_BOUND('',#14432,.T.);
#14432 = EDGE_LOOP('',(#14433,#14434,#14435,#14436));
#14433 = ORIENTED_EDGE('',*,*,#14175,.F.);
#14434 = ORIENTED_EDGE('',*,*,#4560,.T.);
#14435 = ORIENTED_EDGE('',*,*,#14409,.T.);
#14436 = ORIENTED_EDGE('',*,*,#9419,.F.);
#14437 = ADVANCED_FACE('',(#14438),#4814,.F.);
#14438 = FACE_BOUND('',#14439,.F.);
#14439 = EDGE_LOOP('',(#14440,#14441,#14462,#14463));
#14440 = ORIENTED_EDGE('',*,*,#9611,.F.);
#14441 = ORIENTED_EDGE('',*,*,#14442,.F.);
#14442 = EDGE_CURVE('',#4798,#9612,#14443,.T.);
#14443 = SEAM_CURVE('',#14444,(#14448,#14455),.PCURVE_S1.);
#14444 = LINE('',#14445,#14446);
#14445 = CARTESIAN_POINT('',(38.1,-332.74,281.94));
#14446 = VECTOR('',#14447,1.);
#14447 = DIRECTION('',(0.,1.,0.));
#14448 = PCURVE('',#4814,#14449);
#14449 = DEFINITIONAL_REPRESENTATION('',(#14450),#14454);
#14450 = LINE('',#14451,#14452);
#14451 = CARTESIAN_POINT('',(6.28318530718,-0.));
#14452 = VECTOR('',#14453,1.);
#14453 = DIRECTION('',(0.,1.));
#14454 = ( GEOMETRIC_REPRESENTATION_CONTEXT(2) 
PARAMETRIC_REPRESENTATION_CONTEXT() REPRESENTATION_CONTEXT('2D SPACE',''
  ) );
#14455 = PCURVE('',#4814,#14456);
#14456 = DEFINITIONAL_REPRESENTATION('',(#14457),#14461);
#14457 = LINE('',#14458,#14459);
#14458 = CARTESIAN_POINT('',(0.,-0.));
#14459 = VECTOR('',#14460,1.);
#14460 = DIRECTION('',(0.,1.));
#14461 = ( GEOMETRIC_REPRESENTATION_CONTEXT(2) 
PARAMETRIC_REPRESENTATION_CONTEXT() REPRESENTATION_CONTEXT('2D SPACE',''
  ) );
#14462 = ORIENTED_EDGE('',*,*,#4797,.T.);
#14463 = ORIENTED_EDGE('',*,*,#14442,.T.);
#14464 = ADVANCED_FACE('',(#14465),#4845,.F.);
#14465 = FACE_BOUND('',#14466,.F.);
#14466 = EDGE_LOOP('',(#14467,#14468,#14489,#14490));
#14467 = ORIENTED_EDGE('',*,*,#9637,.F.);
#14468 = ORIENTED_EDGE('',*,*,#14469,.F.);
#14469 = EDGE_CURVE('',#4829,#9638,#14470,.T.);
#14470 = SEAM_CURVE('',#14471,(#14475,#14482),.PCURVE_S1.);
#14471 = LINE('',#14472,#14473);
#14472 = CARTESIAN_POINT('',(50.8,-332.74,281.94));
#14473 = VECTOR('',#14474,1.);
#14474 = DIRECTION('',(0.,1.,0.));
#14475 = PCURVE('',#4845,#14476);
#14476 = DEFINITIONAL_REPRESENTATION('',(#14477),#14481);
#14477 = LINE('',#14478,#14479);
#14478 = CARTESIAN_POINT('',(6.28318530718,-0.));
#14479 = VECTOR('',#14480,1.);
#14480 = DIRECTION('',(0.,1.));
#14481 = ( GEOMETRIC_REPRESENTATION_CONTEXT(2) 
PARAMETRIC_REPRESENTATION_CONTEXT() REPRESENTATION_CONTEXT('2D SPACE',''
  ) );
#14482 = PCURVE('',#4845,#14483);
#14483 = DEFINITIONAL_REPRESENTATION('',(#14484),#14488);
#14484 = LINE('',#14485,#14486);
#14485 = CARTESIAN_POINT('',(0.,-0.));
#14486 = VECTOR('',#14487,1.);
#14487 = DIRECTION('',(0.,1.));
#14488 = ( GEOMETRIC_REPRESENTATION_CONTEXT(2) 
PARAMETRIC_REPRESENTATION_CONTEXT() REPRESENTATION_CONTEXT('2D SPACE',''
  ) );
#14489 = ORIENTED_EDGE('',*,*,#4828,.T.);
#14490 = ORIENTED_EDGE('',*,*,#14469,.T.);
#14491 = ADVANCED_FACE('',(#14492),#4876,.F.);
#14492 = FACE_BOUND('',#14493,.F.);
#14493 = EDGE_LOOP('',(#14494,#14495,#14516,#14517));
#14494 = ORIENTED_EDGE('',*,*,#9663,.F.);
#14495 = ORIENTED_EDGE('',*,*,#14496,.F.);
#14496 = EDGE_CURVE('',#4860,#9664,#14497,.T.);
#14497 = SEAM_CURVE('',#14498,(#14502,#14509),.PCURVE_S1.);
#14498 = LINE('',#14499,#14500);
#14499 = CARTESIAN_POINT('',(63.5,-332.74,281.94));
#14500 = VECTOR('',#14501,1.);
#14501 = DIRECTION('',(0.,1.,0.));
#14502 = PCURVE('',#4876,#14503);
#14503 = DEFINITIONAL_REPRESENTATION('',(#14504),#14508);
#14504 = LINE('',#14505,#14506);
#14505 = CARTESIAN_POINT('',(6.28318530718,-0.));
#14506 = VECTOR('',#14507,1.);
#14507 = DIRECTION('',(0.,1.));
#14508 = ( GEOMETRIC_REPRESENTATION_CONTEXT(2) 
PARAMETRIC_REPRESENTATION_CONTEXT() REPRESENTATION_CONTEXT('2D SPACE',''
  ) );
#14509 = PCURVE('',#4876,#14510);
#14510 = DEFINITIONAL_REPRESENTATION('',(#14511),#14515);
#14511 = LINE('',#14512,#14513);
#14512 = CARTESIAN_POINT('',(0.,-0.));
#14513 = VECTOR('',#14514,1.);
#14514 = DIRECTION('',(0.,1.));
#14515 = ( GEOMETRIC_REPRESENTATION_CONTEXT(2) 
PARAMETRIC_REPRESENTATION_CONTEXT() REPRESENTATION_CONTEXT('2D SPACE',''
  ) );
#14516 = ORIENTED_EDGE('',*,*,#4859,.T.);
#14517 = ORIENTED_EDGE('',*,*,#14496,.T.);
#14518 = ADVANCED_FACE('',(#14519),#4907,.F.);
#14519 = FACE_BOUND('',#14520,.F.);
#14520 = EDGE_LOOP('',(#14521,#14522,#14543,#14544));
#14521 = ORIENTED_EDGE('',*,*,#9689,.F.);
#14522 = ORIENTED_EDGE('',*,*,#14523,.F.);
#14523 = EDGE_CURVE('',#4891,#9690,#14524,.T.);
#14524 = SEAM_CURVE('',#14525,(#14529,#14536),.PCURVE_S1.);
#14525 = LINE('',#14526,#14527);
#14526 = CARTESIAN_POINT('',(76.2,-332.74,281.94));
#14527 = VECTOR('',#14528,1.);
#14528 = DIRECTION('',(0.,1.,0.));
#14529 = PCURVE('',#4907,#14530);
#14530 = DEFINITIONAL_REPRESENTATION('',(#14531),#14535);
#14531 = LINE('',#14532,#14533);
#14532 = CARTESIAN_POINT('',(6.28318530718,-0.));
#14533 = VECTOR('',#14534,1.);
#14534 = DIRECTION('',(0.,1.));
#14535 = ( GEOMETRIC_REPRESENTATION_CONTEXT(2) 
PARAMETRIC_REPRESENTATION_CONTEXT() REPRESENTATION_CONTEXT('2D SPACE',''
  ) );
#14536 = PCURVE('',#4907,#14537);
#14537 = DEFINITIONAL_REPRESENTATION('',(#14538),#14542);
#14538 = LINE('',#14539,#14540);
#14539 = CARTESIAN_POINT('',(0.,-0.));
#14540 = VECTOR('',#14541,1.);
#14541 = DIRECTION('',(0.,1.));
#14542 = ( GEOMETRIC_REPRESENTATION_CONTEXT(2) 
PARAMETRIC_REPRESENTATION_CONTEXT() REPRESENTATION_CONTEXT('2D SPACE',''
  ) );
#14543 = ORIENTED_EDGE('',*,*,#4890,.T.);
#14544 = ORIENTED_EDGE('',*,*,#14523,.T.);
#14545 = ADVANCED_FACE('',(#14546),#4938,.F.);
#14546 = FACE_BOUND('',#14547,.F.);
#14547 = EDGE_LOOP('',(#14548,#14549,#14570,#14571));
#14548 = ORIENTED_EDGE('',*,*,#9715,.F.);
#14549 = ORIENTED_EDGE('',*,*,#14550,.F.);
#14550 = EDGE_CURVE('',#4922,#9716,#14551,.T.);
#14551 = SEAM_CURVE('',#14552,(#14556,#14563),.PCURVE_S1.);
#14552 = LINE('',#14553,#14554);
#14553 = CARTESIAN_POINT('',(88.9,-332.74,281.94));
#14554 = VECTOR('',#14555,1.);
#14555 = DIRECTION('',(0.,1.,0.));
#14556 = PCURVE('',#4938,#14557);
#14557 = DEFINITIONAL_REPRESENTATION('',(#14558),#14562);
#14558 = LINE('',#14559,#14560);
#14559 = CARTESIAN_POINT('',(6.28318530718,-0.));
#14560 = VECTOR('',#14561,1.);
#14561 = DIRECTION('',(0.,1.));
#14562 = ( GEOMETRIC_REPRESENTATION_CONTEXT(2) 
PARAMETRIC_REPRESENTATION_CONTEXT() REPRESENTATION_CONTEXT('2D SPACE',''
  ) );
#14563 = PCURVE('',#4938,#14564);
#14564 = DEFINITIONAL_REPRESENTATION('',(#14565),#14569);
#14565 = LINE('',#14566,#14567);
#14566 = CARTESIAN_POINT('',(0.,-0.));
#14567 = VECTOR('',#14568,1.);
#14568 = DIRECTION('',(0.,1.));
#14569 = ( GEOMETRIC_REPRESENTATION_CONTEXT(2) 
PARAMETRIC_REPRESENTATION_CONTEXT() REPRESENTATION_CONTEXT('2D SPACE',''
  ) );
#14570 = ORIENTED_EDGE('',*,*,#4921,.T.);
#14571 = ORIENTED_EDGE('',*,*,#14550,.T.);
#14572 = ADVANCED_FACE('',(#14573),#4969,.F.);
#14573 = FACE_BOUND('',#14574,.F.);
#14574 = EDGE_LOOP('',(#14575,#14576,#14597,#14598));
#14575 = ORIENTED_EDGE('',*,*,#9741,.F.);
#14576 = ORIENTED_EDGE('',*,*,#14577,.F.);
#14577 = EDGE_CURVE('',#4953,#9742,#14578,.T.);
#14578 = SEAM_CURVE('',#14579,(#14583,#14590),.PCURVE_S1.);
#14579 = LINE('',#14580,#14581);
#14580 = CARTESIAN_POINT('',(38.1,-332.74,294.64));
#14581 = VECTOR('',#14582,1.);
#14582 = DIRECTION('',(0.,1.,0.));
#14583 = PCURVE('',#4969,#14584);
#14584 = DEFINITIONAL_REPRESENTATION('',(#14585),#14589);
#14585 = LINE('',#14586,#14587);
#14586 = CARTESIAN_POINT('',(6.28318530718,-0.));
#14587 = VECTOR('',#14588,1.);
#14588 = DIRECTION('',(0.,1.));
#14589 = ( GEOMETRIC_REPRESENTATION_CONTEXT(2) 
PARAMETRIC_REPRESENTATION_CONTEXT() REPRESENTATION_CONTEXT('2D SPACE',''
  ) );
#14590 = PCURVE('',#4969,#14591);
#14591 = DEFINITIONAL_REPRESENTATION('',(#14592),#14596);
#14592 = LINE('',#14593,#14594);
#14593 = CARTESIAN_POINT('',(0.,-0.));
#14594 = VECTOR('',#14595,1.);
#14595 = DIRECTION('',(0.,1.));
#14596 = ( GEOMETRIC_REPRESENTATION_CONTEXT(2) 
PARAMETRIC_REPRESENTATION_CONTEXT() REPRESENTATION_CONTEXT('2D SPACE',''
  ) );
#14597 = ORIENTED_EDGE('',*,*,#4952,.T.);
#14598 = ORIENTED_EDGE('',*,*,#14577,.T.);
#14599 = ADVANCED_FACE('',(#14600),#5000,.F.);
#14600 = FACE_BOUND('',#14601,.F.);
#14601 = EDGE_LOOP('',(#14602,#14603,#14624,#14625));
#14602 = ORIENTED_EDGE('',*,*,#9767,.F.);
#14603 = ORIENTED_EDGE('',*,*,#14604,.F.);
#14604 = EDGE_CURVE('',#4984,#9768,#14605,.T.);
#14605 = SEAM_CURVE('',#14606,(#14610,#14617),.PCURVE_S1.);
#14606 = LINE('',#14607,#14608);
#14607 = CARTESIAN_POINT('',(50.8,-332.74,294.64));
#14608 = VECTOR('',#14609,1.);
#14609 = DIRECTION('',(0.,1.,0.));
#14610 = PCURVE('',#5000,#14611);
#14611 = DEFINITIONAL_REPRESENTATION('',(#14612),#14616);
#14612 = LINE('',#14613,#14614);
#14613 = CARTESIAN_POINT('',(6.28318530718,-0.));
#14614 = VECTOR('',#14615,1.);
#14615 = DIRECTION('',(0.,1.));
#14616 = ( GEOMETRIC_REPRESENTATION_CONTEXT(2) 
PARAMETRIC_REPRESENTATION_CONTEXT() REPRESENTATION_CONTEXT('2D SPACE',''
  ) );
#14617 = PCURVE('',#5000,#14618);
#14618 = DEFINITIONAL_REPRESENTATION('',(#14619),#14623);
#14619 = LINE('',#14620,#14621);
#14620 = CARTESIAN_POINT('',(0.,-0.));
#14621 = VECTOR('',#14622,1.);
#14622 = DIRECTION('',(0.,1.));
#14623 = ( GEOMETRIC_REPRESENTATION_CONTEXT(2) 
PARAMETRIC_REPRESENTATION_CONTEXT() REPRESENTATION_CONTEXT('2D SPACE',''
  ) );
#14624 = ORIENTED_EDGE('',*,*,#4983,.T.);
#14625 = ORIENTED_EDGE('',*,*,#14604,.T.);
#14626 = ADVANCED_FACE('',(#14627),#5031,.F.);
#14627 = FACE_BOUND('',#14628,.F.);
#14628 = EDGE_LOOP('',(#14629,#14630,#14651,#14652));
#14629 = ORIENTED_EDGE('',*,*,#9793,.F.);
#14630 = ORIENTED_EDGE('',*,*,#14631,.F.);
#14631 = EDGE_CURVE('',#5015,#9794,#14632,.T.);
#14632 = SEAM_CURVE('',#14633,(#14637,#14644),.PCURVE_S1.);
#14633 = LINE('',#14634,#14635);
#14634 = CARTESIAN_POINT('',(63.5,-332.74,294.64));
#14635 = VECTOR('',#14636,1.);
#14636 = DIRECTION('',(0.,1.,0.));
#14637 = PCURVE('',#5031,#14638);
#14638 = DEFINITIONAL_REPRESENTATION('',(#14639),#14643);
#14639 = LINE('',#14640,#14641);
#14640 = CARTESIAN_POINT('',(6.28318530718,-0.));
#14641 = VECTOR('',#14642,1.);
#14642 = DIRECTION('',(0.,1.));
#14643 = ( GEOMETRIC_REPRESENTATION_CONTEXT(2) 
PARAMETRIC_REPRESENTATION_CONTEXT() REPRESENTATION_CONTEXT('2D SPACE',''
  ) );
#14644 = PCURVE('',#5031,#14645);
#14645 = DEFINITIONAL_REPRESENTATION('',(#14646),#14650);
#14646 = LINE('',#14647,#14648);
#14647 = CARTESIAN_POINT('',(0.,-0.));
#14648 = VECTOR('',#14649,1.);
#14649 = DIRECTION('',(0.,1.));
#14650 = ( GEOMETRIC_REPRESENTATION_CONTEXT(2) 
PARAMETRIC_REPRESENTATION_CONTEXT() REPRESENTATION_CONTEXT('2D SPACE',''
  ) );
#14651 = ORIENTED_EDGE('',*,*,#5014,.T.);
#14652 = ORIENTED_EDGE('',*,*,#14631,.T.);
#14653 = ADVANCED_FACE('',(#14654),#5062,.F.);
#14654 = FACE_BOUND('',#14655,.F.);
#14655 = EDGE_LOOP('',(#14656,#14657,#14678,#14679));
#14656 = ORIENTED_EDGE('',*,*,#9819,.F.);
#14657 = ORIENTED_EDGE('',*,*,#14658,.F.);
#14658 = EDGE_CURVE('',#5046,#9820,#14659,.T.);
#14659 = SEAM_CURVE('',#14660,(#14664,#14671),.PCURVE_S1.);
#14660 = LINE('',#14661,#14662);
#14661 = CARTESIAN_POINT('',(76.2,-332.74,294.64));
#14662 = VECTOR('',#14663,1.);
#14663 = DIRECTION('',(0.,1.,0.));
#14664 = PCURVE('',#5062,#14665);
#14665 = DEFINITIONAL_REPRESENTATION('',(#14666),#14670);
#14666 = LINE('',#14667,#14668);
#14667 = CARTESIAN_POINT('',(6.28318530718,-0.));
#14668 = VECTOR('',#14669,1.);
#14669 = DIRECTION('',(0.,1.));
#14670 = ( GEOMETRIC_REPRESENTATION_CONTEXT(2) 
PARAMETRIC_REPRESENTATION_CONTEXT() REPRESENTATION_CONTEXT('2D SPACE',''
  ) );
#14671 = PCURVE('',#5062,#14672);
#14672 = DEFINITIONAL_REPRESENTATION('',(#14673),#14677);
#14673 = LINE('',#14674,#14675);
#14674 = CARTESIAN_POINT('',(0.,-0.));
#14675 = VECTOR('',#14676,1.);
#14676 = DIRECTION('',(0.,1.));
#14677 = ( GEOMETRIC_REPRESENTATION_CONTEXT(2) 
PARAMETRIC_REPRESENTATION_CONTEXT() REPRESENTATION_CONTEXT('2D SPACE',''
  ) );
#14678 = ORIENTED_EDGE('',*,*,#5045,.T.);
#14679 = ORIENTED_EDGE('',*,*,#14658,.T.);
#14680 = ADVANCED_FACE('',(#14681),#5093,.F.);
#14681 = FACE_BOUND('',#14682,.F.);
#14682 = EDGE_LOOP('',(#14683,#14684,#14705,#14706));
#14683 = ORIENTED_EDGE('',*,*,#9845,.F.);
#14684 = ORIENTED_EDGE('',*,*,#14685,.F.);
#14685 = EDGE_CURVE('',#5077,#9846,#14686,.T.);
#14686 = SEAM_CURVE('',#14687,(#14691,#14698),.PCURVE_S1.);
#14687 = LINE('',#14688,#14689);
#14688 = CARTESIAN_POINT('',(88.9,-332.74,294.64));
#14689 = VECTOR('',#14690,1.);
#14690 = DIRECTION('',(0.,1.,0.));
#14691 = PCURVE('',#5093,#14692);
#14692 = DEFINITIONAL_REPRESENTATION('',(#14693),#14697);
#14693 = LINE('',#14694,#14695);
#14694 = CARTESIAN_POINT('',(6.28318530718,-0.));
#14695 = VECTOR('',#14696,1.);
#14696 = DIRECTION('',(0.,1.));
#14697 = ( GEOMETRIC_REPRESENTATION_CONTEXT(2) 
PARAMETRIC_REPRESENTATION_CONTEXT() REPRESENTATION_CONTEXT('2D SPACE',''
  ) );
#14698 = PCURVE('',#5093,#14699);
#14699 = DEFINITIONAL_REPRESENTATION('',(#14700),#14704);
#14700 = LINE('',#14701,#14702);
#14701 = CARTESIAN_POINT('',(0.,-0.));
#14702 = VECTOR('',#14703,1.);
#14703 = DIRECTION('',(0.,1.));
#14704 = ( GEOMETRIC_REPRESENTATION_CONTEXT(2) 
PARAMETRIC_REPRESENTATION_CONTEXT() REPRESENTATION_CONTEXT('2D SPACE',''
  ) );
#14705 = ORIENTED_EDGE('',*,*,#5076,.T.);
#14706 = ORIENTED_EDGE('',*,*,#14685,.T.);
#14707 = ADVANCED_FACE('',(#14708),#5124,.F.);
#14708 = FACE_BOUND('',#14709,.F.);
#14709 = EDGE_LOOP('',(#14710,#14711,#14732,#14733));
#14710 = ORIENTED_EDGE('',*,*,#9871,.F.);
#14711 = ORIENTED_EDGE('',*,*,#14712,.F.);
#14712 = EDGE_CURVE('',#5108,#9872,#14713,.T.);
#14713 = SEAM_CURVE('',#14714,(#14718,#14725),.PCURVE_S1.);
#14714 = LINE('',#14715,#14716);
#14715 = CARTESIAN_POINT('',(101.6,-332.74,281.94));
#14716 = VECTOR('',#14717,1.);
#14717 = DIRECTION('',(0.,1.,0.));
#14718 = PCURVE('',#5124,#14719);
#14719 = DEFINITIONAL_REPRESENTATION('',(#14720),#14724);
#14720 = LINE('',#14721,#14722);
#14721 = CARTESIAN_POINT('',(6.28318530718,-0.));
#14722 = VECTOR('',#14723,1.);
#14723 = DIRECTION('',(0.,1.));
#14724 = ( GEOMETRIC_REPRESENTATION_CONTEXT(2) 
PARAMETRIC_REPRESENTATION_CONTEXT() REPRESENTATION_CONTEXT('2D SPACE',''
  ) );
#14725 = PCURVE('',#5124,#14726);
#14726 = DEFINITIONAL_REPRESENTATION('',(#14727),#14731);
#14727 = LINE('',#14728,#14729);
#14728 = CARTESIAN_POINT('',(0.,-0.));
#14729 = VECTOR('',#14730,1.);
#14730 = DIRECTION('',(0.,1.));
#14731 = ( GEOMETRIC_REPRESENTATION_CONTEXT(2) 
PARAMETRIC_REPRESENTATION_CONTEXT() REPRESENTATION_CONTEXT('2D SPACE',''
  ) );
#14732 = ORIENTED_EDGE('',*,*,#5107,.T.);
#14733 = ORIENTED_EDGE('',*,*,#14712,.T.);
#14734 = ADVANCED_FACE('',(#14735),#5155,.F.);
#14735 = FACE_BOUND('',#14736,.F.);
#14736 = EDGE_LOOP('',(#14737,#14738,#14759,#14760));
#14737 = ORIENTED_EDGE('',*,*,#9897,.F.);
#14738 = ORIENTED_EDGE('',*,*,#14739,.F.);
#14739 = EDGE_CURVE('',#5139,#9898,#14740,.T.);
#14740 = SEAM_CURVE('',#14741,(#14745,#14752),.PCURVE_S1.);
#14741 = LINE('',#14742,#14743);
#14742 = CARTESIAN_POINT('',(101.6,-332.74,294.64));
#14743 = VECTOR('',#14744,1.);
#14744 = DIRECTION('',(0.,1.,0.));
#14745 = PCURVE('',#5155,#14746);
#14746 = DEFINITIONAL_REPRESENTATION('',(#14747),#14751);
#14747 = LINE('',#14748,#14749);
#14748 = CARTESIAN_POINT('',(6.28318530718,-0.));
#14749 = VECTOR('',#14750,1.);
#14750 = DIRECTION('',(0.,1.));
#14751 = ( GEOMETRIC_REPRESENTATION_CONTEXT(2) 
PARAMETRIC_REPRESENTATION_CONTEXT() REPRESENTATION_CONTEXT('2D SPACE',''
  ) );
#14752 = PCURVE('',#5155,#14753);
#14753 = DEFINITIONAL_REPRESENTATION('',(#14754),#14758);
#14754 = LINE('',#14755,#14756);
#14755 = CARTESIAN_POINT('',(0.,-0.));
#14756 = VECTOR('',#14757,1.);
#14757 = DIRECTION('',(0.,1.));
#14758 = ( GEOMETRIC_REPRESENTATION_CONTEXT(2) 
PARAMETRIC_REPRESENTATION_CONTEXT() REPRESENTATION_CONTEXT('2D SPACE',''
  ) );
#14759 = ORIENTED_EDGE('',*,*,#5138,.T.);
#14760 = ORIENTED_EDGE('',*,*,#14739,.T.);
#14761 = ADVANCED_FACE('',(#14762),#5186,.F.);
#14762 = FACE_BOUND('',#14763,.F.);
#14763 = EDGE_LOOP('',(#14764,#14765,#14786,#14787));
#14764 = ORIENTED_EDGE('',*,*,#9923,.F.);
#14765 = ORIENTED_EDGE('',*,*,#14766,.F.);
#14766 = EDGE_CURVE('',#5170,#9924,#14767,.T.);
#14767 = SEAM_CURVE('',#14768,(#14772,#14779),.PCURVE_S1.);
#14768 = LINE('',#14769,#14770);
#14769 = CARTESIAN_POINT('',(38.1,-332.74,307.34));
#14770 = VECTOR('',#14771,1.);
#14771 = DIRECTION('',(0.,1.,0.));
#14772 = PCURVE('',#5186,#14773);
#14773 = DEFINITIONAL_REPRESENTATION('',(#14774),#14778);
#14774 = LINE('',#14775,#14776);
#14775 = CARTESIAN_POINT('',(6.28318530718,-0.));
#14776 = VECTOR('',#14777,1.);
#14777 = DIRECTION('',(0.,1.));
#14778 = ( GEOMETRIC_REPRESENTATION_CONTEXT(2) 
PARAMETRIC_REPRESENTATION_CONTEXT() REPRESENTATION_CONTEXT('2D SPACE',''
  ) );
#14779 = PCURVE('',#5186,#14780);
#14780 = DEFINITIONAL_REPRESENTATION('',(#14781),#14785);
#14781 = LINE('',#14782,#14783);
#14782 = CARTESIAN_POINT('',(0.,-0.));
#14783 = VECTOR('',#14784,1.);
#14784 = DIRECTION('',(0.,1.));
#14785 = ( GEOMETRIC_REPRESENTATION_CONTEXT(2) 
PARAMETRIC_REPRESENTATION_CONTEXT() REPRESENTATION_CONTEXT('2D SPACE',''
  ) );
#14786 = ORIENTED_EDGE('',*,*,#5169,.T.);
#14787 = ORIENTED_EDGE('',*,*,#14766,.T.);
#14788 = ADVANCED_FACE('',(#14789),#5217,.F.);
#14789 = FACE_BOUND('',#14790,.F.);
#14790 = EDGE_LOOP('',(#14791,#14792,#14813,#14814));
#14791 = ORIENTED_EDGE('',*,*,#9949,.F.);
#14792 = ORIENTED_EDGE('',*,*,#14793,.F.);
#14793 = EDGE_CURVE('',#5201,#9950,#14794,.T.);
#14794 = SEAM_CURVE('',#14795,(#14799,#14806),.PCURVE_S1.);
#14795 = LINE('',#14796,#14797);
#14796 = CARTESIAN_POINT('',(50.8,-332.74,307.34));
#14797 = VECTOR('',#14798,1.);
#14798 = DIRECTION('',(0.,1.,0.));
#14799 = PCURVE('',#5217,#14800);
#14800 = DEFINITIONAL_REPRESENTATION('',(#14801),#14805);
#14801 = LINE('',#14802,#14803);
#14802 = CARTESIAN_POINT('',(6.28318530718,-0.));
#14803 = VECTOR('',#14804,1.);
#14804 = DIRECTION('',(0.,1.));
#14805 = ( GEOMETRIC_REPRESENTATION_CONTEXT(2) 
PARAMETRIC_REPRESENTATION_CONTEXT() REPRESENTATION_CONTEXT('2D SPACE',''
  ) );
#14806 = PCURVE('',#5217,#14807);
#14807 = DEFINITIONAL_REPRESENTATION('',(#14808),#14812);
#14808 = LINE('',#14809,#14810);
#14809 = CARTESIAN_POINT('',(0.,-0.));
#14810 = VECTOR('',#14811,1.);
#14811 = DIRECTION('',(0.,1.));
#14812 = ( GEOMETRIC_REPRESENTATION_CONTEXT(2) 
PARAMETRIC_REPRESENTATION_CONTEXT() REPRESENTATION_CONTEXT('2D SPACE',''
  ) );
#14813 = ORIENTED_EDGE('',*,*,#5200,.T.);
#14814 = ORIENTED_EDGE('',*,*,#14793,.T.);
#14815 = ADVANCED_FACE('',(#14816),#5248,.F.);
#14816 = FACE_BOUND('',#14817,.F.);
#14817 = EDGE_LOOP('',(#14818,#14819,#14840,#14841));
#14818 = ORIENTED_EDGE('',*,*,#9975,.F.);
#14819 = ORIENTED_EDGE('',*,*,#14820,.F.);
#14820 = EDGE_CURVE('',#5232,#9976,#14821,.T.);
#14821 = SEAM_CURVE('',#14822,(#14826,#14833),.PCURVE_S1.);
#14822 = LINE('',#14823,#14824);
#14823 = CARTESIAN_POINT('',(63.5,-332.74,307.34));
#14824 = VECTOR('',#14825,1.);
#14825 = DIRECTION('',(0.,1.,0.));
#14826 = PCURVE('',#5248,#14827);
#14827 = DEFINITIONAL_REPRESENTATION('',(#14828),#14832);
#14828 = LINE('',#14829,#14830);
#14829 = CARTESIAN_POINT('',(6.28318530718,-0.));
#14830 = VECTOR('',#14831,1.);
#14831 = DIRECTION('',(0.,1.));
#14832 = ( GEOMETRIC_REPRESENTATION_CONTEXT(2) 
PARAMETRIC_REPRESENTATION_CONTEXT() REPRESENTATION_CONTEXT('2D SPACE',''
  ) );
#14833 = PCURVE('',#5248,#14834);
#14834 = DEFINITIONAL_REPRESENTATION('',(#14835),#14839);
#14835 = LINE('',#14836,#14837);
#14836 = CARTESIAN_POINT('',(0.,-0.));
#14837 = VECTOR('',#14838,1.);
#14838 = DIRECTION('',(0.,1.));
#14839 = ( GEOMETRIC_REPRESENTATION_CONTEXT(2) 
PARAMETRIC_REPRESENTATION_CONTEXT() REPRESENTATION_CONTEXT('2D SPACE',''
  ) );
#14840 = ORIENTED_EDGE('',*,*,#5231,.T.);
#14841 = ORIENTED_EDGE('',*,*,#14820,.T.);
#14842 = ADVANCED_FACE('',(#14843),#5279,.F.);
#14843 = FACE_BOUND('',#14844,.F.);
#14844 = EDGE_LOOP('',(#14845,#14846,#14867,#14868));
#14845 = ORIENTED_EDGE('',*,*,#10001,.F.);
#14846 = ORIENTED_EDGE('',*,*,#14847,.F.);
#14847 = EDGE_CURVE('',#5263,#10002,#14848,.T.);
#14848 = SEAM_CURVE('',#14849,(#14853,#14860),.PCURVE_S1.);
#14849 = LINE('',#14850,#14851);
#14850 = CARTESIAN_POINT('',(76.2,-332.74,307.34));
#14851 = VECTOR('',#14852,1.);
#14852 = DIRECTION('',(0.,1.,0.));
#14853 = PCURVE('',#5279,#14854);
#14854 = DEFINITIONAL_REPRESENTATION('',(#14855),#14859);
#14855 = LINE('',#14856,#14857);
#14856 = CARTESIAN_POINT('',(6.28318530718,-0.));
#14857 = VECTOR('',#14858,1.);
#14858 = DIRECTION('',(0.,1.));
#14859 = ( GEOMETRIC_REPRESENTATION_CONTEXT(2) 
PARAMETRIC_REPRESENTATION_CONTEXT() REPRESENTATION_CONTEXT('2D SPACE',''
  ) );
#14860 = PCURVE('',#5279,#14861);
#14861 = DEFINITIONAL_REPRESENTATION('',(#14862),#14866);
#14862 = LINE('',#14863,#14864);
#14863 = CARTESIAN_POINT('',(0.,-0.));
#14864 = VECTOR('',#14865,1.);
#14865 = DIRECTION('',(0.,1.));
#14866 = ( GEOMETRIC_REPRESENTATION_CONTEXT(2) 
PARAMETRIC_REPRESENTATION_CONTEXT() REPRESENTATION_CONTEXT('2D SPACE',''
  ) );
#14867 = ORIENTED_EDGE('',*,*,#5262,.T.);
#14868 = ORIENTED_EDGE('',*,*,#14847,.T.);
#14869 = ADVANCED_FACE('',(#14870),#5310,.F.);
#14870 = FACE_BOUND('',#14871,.F.);
#14871 = EDGE_LOOP('',(#14872,#14873,#14894,#14895));
#14872 = ORIENTED_EDGE('',*,*,#10027,.F.);
#14873 = ORIENTED_EDGE('',*,*,#14874,.F.);
#14874 = EDGE_CURVE('',#5294,#10028,#14875,.T.);
#14875 = SEAM_CURVE('',#14876,(#14880,#14887),.PCURVE_S1.);
#14876 = LINE('',#14877,#14878);
#14877 = CARTESIAN_POINT('',(88.9,-332.74,307.34));
#14878 = VECTOR('',#14879,1.);
#14879 = DIRECTION('',(0.,1.,0.));
#14880 = PCURVE('',#5310,#14881);
#14881 = DEFINITIONAL_REPRESENTATION('',(#14882),#14886);
#14882 = LINE('',#14883,#14884);
#14883 = CARTESIAN_POINT('',(6.28318530718,-0.));
#14884 = VECTOR('',#14885,1.);
#14885 = DIRECTION('',(0.,1.));
#14886 = ( GEOMETRIC_REPRESENTATION_CONTEXT(2) 
PARAMETRIC_REPRESENTATION_CONTEXT() REPRESENTATION_CONTEXT('2D SPACE',''
  ) );
#14887 = PCURVE('',#5310,#14888);
#14888 = DEFINITIONAL_REPRESENTATION('',(#14889),#14893);
#14889 = LINE('',#14890,#14891);
#14890 = CARTESIAN_POINT('',(0.,-0.));
#14891 = VECTOR('',#14892,1.);
#14892 = DIRECTION('',(0.,1.));
#14893 = ( GEOMETRIC_REPRESENTATION_CONTEXT(2) 
PARAMETRIC_REPRESENTATION_CONTEXT() REPRESENTATION_CONTEXT('2D SPACE',''
  ) );
#14894 = ORIENTED_EDGE('',*,*,#5293,.T.);
#14895 = ORIENTED_EDGE('',*,*,#14874,.T.);
#14896 = ADVANCED_FACE('',(#14897),#5341,.F.);
#14897 = FACE_BOUND('',#14898,.F.);
#14898 = EDGE_LOOP('',(#14899,#14900,#14921,#14922));
#14899 = ORIENTED_EDGE('',*,*,#10053,.F.);
#14900 = ORIENTED_EDGE('',*,*,#14901,.F.);
#14901 = EDGE_CURVE('',#5325,#10054,#14902,.T.);
#14902 = SEAM_CURVE('',#14903,(#14907,#14914),.PCURVE_S1.);
#14903 = LINE('',#14904,#14905);
#14904 = CARTESIAN_POINT('',(38.1,-332.74,320.04));
#14905 = VECTOR('',#14906,1.);
#14906 = DIRECTION('',(0.,1.,0.));
#14907 = PCURVE('',#5341,#14908);
#14908 = DEFINITIONAL_REPRESENTATION('',(#14909),#14913);
#14909 = LINE('',#14910,#14911);
#14910 = CARTESIAN_POINT('',(6.28318530718,-0.));
#14911 = VECTOR('',#14912,1.);
#14912 = DIRECTION('',(0.,1.));
#14913 = ( GEOMETRIC_REPRESENTATION_CONTEXT(2) 
PARAMETRIC_REPRESENTATION_CONTEXT() REPRESENTATION_CONTEXT('2D SPACE',''
  ) );
#14914 = PCURVE('',#5341,#14915);
#14915 = DEFINITIONAL_REPRESENTATION('',(#14916),#14920);
#14916 = LINE('',#14917,#14918);
#14917 = CARTESIAN_POINT('',(0.,-0.));
#14918 = VECTOR('',#14919,1.);
#14919 = DIRECTION('',(0.,1.));
#14920 = ( GEOMETRIC_REPRESENTATION_CONTEXT(2) 
PARAMETRIC_REPRESENTATION_CONTEXT() REPRESENTATION_CONTEXT('2D SPACE',''
  ) );
#14921 = ORIENTED_EDGE('',*,*,#5324,.T.);
#14922 = ORIENTED_EDGE('',*,*,#14901,.T.);
#14923 = ADVANCED_FACE('',(#14924),#5372,.F.);
#14924 = FACE_BOUND('',#14925,.F.);
#14925 = EDGE_LOOP('',(#14926,#14927,#14948,#14949));
#14926 = ORIENTED_EDGE('',*,*,#10079,.F.);
#14927 = ORIENTED_EDGE('',*,*,#14928,.F.);
#14928 = EDGE_CURVE('',#5356,#10080,#14929,.T.);
#14929 = SEAM_CURVE('',#14930,(#14934,#14941),.PCURVE_S1.);
#14930 = LINE('',#14931,#14932);
#14931 = CARTESIAN_POINT('',(50.8,-332.74,320.04));
#14932 = VECTOR('',#14933,1.);
#14933 = DIRECTION('',(0.,1.,0.));
#14934 = PCURVE('',#5372,#14935);
#14935 = DEFINITIONAL_REPRESENTATION('',(#14936),#14940);
#14936 = LINE('',#14937,#14938);
#14937 = CARTESIAN_POINT('',(6.28318530718,-0.));
#14938 = VECTOR('',#14939,1.);
#14939 = DIRECTION('',(0.,1.));
#14940 = ( GEOMETRIC_REPRESENTATION_CONTEXT(2) 
PARAMETRIC_REPRESENTATION_CONTEXT() REPRESENTATION_CONTEXT('2D SPACE',''
  ) );
#14941 = PCURVE('',#5372,#14942);
#14942 = DEFINITIONAL_REPRESENTATION('',(#14943),#14947);
#14943 = LINE('',#14944,#14945);
#14944 = CARTESIAN_POINT('',(0.,-0.));
#14945 = VECTOR('',#14946,1.);
#14946 = DIRECTION('',(0.,1.));
#14947 = ( GEOMETRIC_REPRESENTATION_CONTEXT(2) 
PARAMETRIC_REPRESENTATION_CONTEXT() REPRESENTATION_CONTEXT('2D SPACE',''
  ) );
#14948 = ORIENTED_EDGE('',*,*,#5355,.T.);
#14949 = ORIENTED_EDGE('',*,*,#14928,.T.);
#14950 = ADVANCED_FACE('',(#14951),#5403,.F.);
#14951 = FACE_BOUND('',#14952,.F.);
#14952 = EDGE_LOOP('',(#14953,#14954,#14975,#14976));
#14953 = ORIENTED_EDGE('',*,*,#10105,.F.);
#14954 = ORIENTED_EDGE('',*,*,#14955,.F.);
#14955 = EDGE_CURVE('',#5387,#10106,#14956,.T.);
#14956 = SEAM_CURVE('',#14957,(#14961,#14968),.PCURVE_S1.);
#14957 = LINE('',#14958,#14959);
#14958 = CARTESIAN_POINT('',(63.5,-332.74,320.04));
#14959 = VECTOR('',#14960,1.);
#14960 = DIRECTION('',(0.,1.,0.));
#14961 = PCURVE('',#5403,#14962);
#14962 = DEFINITIONAL_REPRESENTATION('',(#14963),#14967);
#14963 = LINE('',#14964,#14965);
#14964 = CARTESIAN_POINT('',(6.28318530718,-0.));
#14965 = VECTOR('',#14966,1.);
#14966 = DIRECTION('',(0.,1.));
#14967 = ( GEOMETRIC_REPRESENTATION_CONTEXT(2) 
PARAMETRIC_REPRESENTATION_CONTEXT() REPRESENTATION_CONTEXT('2D SPACE',''
  ) );
#14968 = PCURVE('',#5403,#14969);
#14969 = DEFINITIONAL_REPRESENTATION('',(#14970),#14974);
#14970 = LINE('',#14971,#14972);
#14971 = CARTESIAN_POINT('',(0.,-0.));
#14972 = VECTOR('',#14973,1.);
#14973 = DIRECTION('',(0.,1.));
#14974 = ( GEOMETRIC_REPRESENTATION_CONTEXT(2) 
PARAMETRIC_REPRESENTATION_CONTEXT() REPRESENTATION_CONTEXT('2D SPACE',''
  ) );
#14975 = ORIENTED_EDGE('',*,*,#5386,.T.);
#14976 = ORIENTED_EDGE('',*,*,#14955,.T.);
#14977 = ADVANCED_FACE('',(#14978),#5434,.F.);
#14978 = FACE_BOUND('',#14979,.F.);
#14979 = EDGE_LOOP('',(#14980,#14981,#15002,#15003));
#14980 = ORIENTED_EDGE('',*,*,#10131,.F.);
#14981 = ORIENTED_EDGE('',*,*,#14982,.F.);
#14982 = EDGE_CURVE('',#5418,#10132,#14983,.T.);
#14983 = SEAM_CURVE('',#14984,(#14988,#14995),.PCURVE_S1.);
#14984 = LINE('',#14985,#14986);
#14985 = CARTESIAN_POINT('',(38.1,-332.74,332.74));
#14986 = VECTOR('',#14987,1.);
#14987 = DIRECTION('',(0.,1.,0.));
#14988 = PCURVE('',#5434,#14989);
#14989 = DEFINITIONAL_REPRESENTATION('',(#14990),#14994);
#14990 = LINE('',#14991,#14992);
#14991 = CARTESIAN_POINT('',(6.28318530718,-0.));
#14992 = VECTOR('',#14993,1.);
#14993 = DIRECTION('',(0.,1.));
#14994 = ( GEOMETRIC_REPRESENTATION_CONTEXT(2) 
PARAMETRIC_REPRESENTATION_CONTEXT() REPRESENTATION_CONTEXT('2D SPACE',''
  ) );
#14995 = PCURVE('',#5434,#14996);
#14996 = DEFINITIONAL_REPRESENTATION('',(#14997),#15001);
#14997 = LINE('',#14998,#14999);
#14998 = CARTESIAN_POINT('',(0.,-0.));
#14999 = VECTOR('',#15000,1.);
#15000 = DIRECTION('',(0.,1.));
#15001 = ( GEOMETRIC_REPRESENTATION_CONTEXT(2) 
PARAMETRIC_REPRESENTATION_CONTEXT() REPRESENTATION_CONTEXT('2D SPACE',''
  ) );
#15002 = ORIENTED_EDGE('',*,*,#5417,.T.);
#15003 = ORIENTED_EDGE('',*,*,#14982,.T.);
#15004 = ADVANCED_FACE('',(#15005),#5465,.F.);
#15005 = FACE_BOUND('',#15006,.F.);
#15006 = EDGE_LOOP('',(#15007,#15008,#15029,#15030));
#15007 = ORIENTED_EDGE('',*,*,#10157,.F.);
#15008 = ORIENTED_EDGE('',*,*,#15009,.F.);
#15009 = EDGE_CURVE('',#5449,#10158,#15010,.T.);
#15010 = SEAM_CURVE('',#15011,(#15015,#15022),.PCURVE_S1.);
#15011 = LINE('',#15012,#15013);
#15012 = CARTESIAN_POINT('',(50.8,-332.74,332.74));
#15013 = VECTOR('',#15014,1.);
#15014 = DIRECTION('',(0.,1.,0.));
#15015 = PCURVE('',#5465,#15016);
#15016 = DEFINITIONAL_REPRESENTATION('',(#15017),#15021);
#15017 = LINE('',#15018,#15019);
#15018 = CARTESIAN_POINT('',(6.28318530718,-0.));
#15019 = VECTOR('',#15020,1.);
#15020 = DIRECTION('',(0.,1.));
#15021 = ( GEOMETRIC_REPRESENTATION_CONTEXT(2) 
PARAMETRIC_REPRESENTATION_CONTEXT() REPRESENTATION_CONTEXT('2D SPACE',''
  ) );
#15022 = PCURVE('',#5465,#15023);
#15023 = DEFINITIONAL_REPRESENTATION('',(#15024),#15028);
#15024 = LINE('',#15025,#15026);
#15025 = CARTESIAN_POINT('',(0.,-0.));
#15026 = VECTOR('',#15027,1.);
#15027 = DIRECTION('',(0.,1.));
#15028 = ( GEOMETRIC_REPRESENTATION_CONTEXT(2) 
PARAMETRIC_REPRESENTATION_CONTEXT() REPRESENTATION_CONTEXT('2D SPACE',''
  ) );
#15029 = ORIENTED_EDGE('',*,*,#5448,.T.);
#15030 = ORIENTED_EDGE('',*,*,#15009,.T.);
#15031 = ADVANCED_FACE('',(#15032),#5496,.F.);
#15032 = FACE_BOUND('',#15033,.F.);
#15033 = EDGE_LOOP('',(#15034,#15035,#15056,#15057));
#15034 = ORIENTED_EDGE('',*,*,#10183,.F.);
#15035 = ORIENTED_EDGE('',*,*,#15036,.F.);
#15036 = EDGE_CURVE('',#5480,#10184,#15037,.T.);
#15037 = SEAM_CURVE('',#15038,(#15042,#15049),.PCURVE_S1.);
#15038 = LINE('',#15039,#15040);
#15039 = CARTESIAN_POINT('',(63.5,-332.74,332.74));
#15040 = VECTOR('',#15041,1.);
#15041 = DIRECTION('',(0.,1.,0.));
#15042 = PCURVE('',#5496,#15043);
#15043 = DEFINITIONAL_REPRESENTATION('',(#15044),#15048);
#15044 = LINE('',#15045,#15046);
#15045 = CARTESIAN_POINT('',(6.28318530718,-0.));
#15046 = VECTOR('',#15047,1.);
#15047 = DIRECTION('',(0.,1.));
#15048 = ( GEOMETRIC_REPRESENTATION_CONTEXT(2) 
PARAMETRIC_REPRESENTATION_CONTEXT() REPRESENTATION_CONTEXT('2D SPACE',''
  ) );
#15049 = PCURVE('',#5496,#15050);
#15050 = DEFINITIONAL_REPRESENTATION('',(#15051),#15055);
#15051 = LINE('',#15052,#15053);
#15052 = CARTESIAN_POINT('',(0.,-0.));
#15053 = VECTOR('',#15054,1.);
#15054 = DIRECTION('',(0.,1.));
#15055 = ( GEOMETRIC_REPRESENTATION_CONTEXT(2) 
PARAMETRIC_REPRESENTATION_CONTEXT() REPRESENTATION_CONTEXT('2D SPACE',''
  ) );
#15056 = ORIENTED_EDGE('',*,*,#5479,.T.);
#15057 = ORIENTED_EDGE('',*,*,#15036,.T.);
#15058 = ADVANCED_FACE('',(#15059),#5527,.F.);
#15059 = FACE_BOUND('',#15060,.F.);
#15060 = EDGE_LOOP('',(#15061,#15062,#15083,#15084));
#15061 = ORIENTED_EDGE('',*,*,#10209,.F.);
#15062 = ORIENTED_EDGE('',*,*,#15063,.F.);
#15063 = EDGE_CURVE('',#5511,#10210,#15064,.T.);
#15064 = SEAM_CURVE('',#15065,(#15069,#15076),.PCURVE_S1.);
#15065 = LINE('',#15066,#15067);
#15066 = CARTESIAN_POINT('',(76.2,-332.74,320.04));
#15067 = VECTOR('',#15068,1.);
#15068 = DIRECTION('',(0.,1.,0.));
#15069 = PCURVE('',#5527,#15070);
#15070 = DEFINITIONAL_REPRESENTATION('',(#15071),#15075);
#15071 = LINE('',#15072,#15073);
#15072 = CARTESIAN_POINT('',(6.28318530718,-0.));
#15073 = VECTOR('',#15074,1.);
#15074 = DIRECTION('',(0.,1.));
#15075 = ( GEOMETRIC_REPRESENTATION_CONTEXT(2) 
PARAMETRIC_REPRESENTATION_CONTEXT() REPRESENTATION_CONTEXT('2D SPACE',''
  ) );
#15076 = PCURVE('',#5527,#15077);
#15077 = DEFINITIONAL_REPRESENTATION('',(#15078),#15082);
#15078 = LINE('',#15079,#15080);
#15079 = CARTESIAN_POINT('',(0.,-0.));
#15080 = VECTOR('',#15081,1.);
#15081 = DIRECTION('',(0.,1.));
#15082 = ( GEOMETRIC_REPRESENTATION_CONTEXT(2) 
PARAMETRIC_REPRESENTATION_CONTEXT() REPRESENTATION_CONTEXT('2D SPACE',''
  ) );
#15083 = ORIENTED_EDGE('',*,*,#5510,.T.);
#15084 = ORIENTED_EDGE('',*,*,#15063,.T.);
#15085 = ADVANCED_FACE('',(#15086),#5558,.F.);
#15086 = FACE_BOUND('',#15087,.F.);
#15087 = EDGE_LOOP('',(#15088,#15089,#15110,#15111));
#15088 = ORIENTED_EDGE('',*,*,#10235,.F.);
#15089 = ORIENTED_EDGE('',*,*,#15090,.F.);
#15090 = EDGE_CURVE('',#5542,#10236,#15091,.T.);
#15091 = SEAM_CURVE('',#15092,(#15096,#15103),.PCURVE_S1.);
#15092 = LINE('',#15093,#15094);
#15093 = CARTESIAN_POINT('',(88.9,-332.74,320.04));
#15094 = VECTOR('',#15095,1.);
#15095 = DIRECTION('',(0.,1.,0.));
#15096 = PCURVE('',#5558,#15097);
#15097 = DEFINITIONAL_REPRESENTATION('',(#15098),#15102);
#15098 = LINE('',#15099,#15100);
#15099 = CARTESIAN_POINT('',(6.28318530718,-0.));
#15100 = VECTOR('',#15101,1.);
#15101 = DIRECTION('',(0.,1.));
#15102 = ( GEOMETRIC_REPRESENTATION_CONTEXT(2) 
PARAMETRIC_REPRESENTATION_CONTEXT() REPRESENTATION_CONTEXT('2D SPACE',''
  ) );
#15103 = PCURVE('',#5558,#15104);
#15104 = DEFINITIONAL_REPRESENTATION('',(#15105),#15109);
#15105 = LINE('',#15106,#15107);
#15106 = CARTESIAN_POINT('',(0.,-0.));
#15107 = VECTOR('',#15108,1.);
#15108 = DIRECTION('',(0.,1.));
#15109 = ( GEOMETRIC_REPRESENTATION_CONTEXT(2) 
PARAMETRIC_REPRESENTATION_CONTEXT() REPRESENTATION_CONTEXT('2D SPACE',''
  ) );
#15110 = ORIENTED_EDGE('',*,*,#5541,.T.);
#15111 = ORIENTED_EDGE('',*,*,#15090,.T.);
#15112 = ADVANCED_FACE('',(#15113),#5589,.F.);
#15113 = FACE_BOUND('',#15114,.F.);
#15114 = EDGE_LOOP('',(#15115,#15116,#15137,#15138));
#15115 = ORIENTED_EDGE('',*,*,#10261,.F.);
#15116 = ORIENTED_EDGE('',*,*,#15117,.F.);
#15117 = EDGE_CURVE('',#5573,#10262,#15118,.T.);
#15118 = SEAM_CURVE('',#15119,(#15123,#15130),.PCURVE_S1.);
#15119 = LINE('',#15120,#15121);
#15120 = CARTESIAN_POINT('',(76.2,-332.74,332.74));
#15121 = VECTOR('',#15122,1.);
#15122 = DIRECTION('',(0.,1.,0.));
#15123 = PCURVE('',#5589,#15124);
#15124 = DEFINITIONAL_REPRESENTATION('',(#15125),#15129);
#15125 = LINE('',#15126,#15127);
#15126 = CARTESIAN_POINT('',(6.28318530718,-0.));
#15127 = VECTOR('',#15128,1.);
#15128 = DIRECTION('',(0.,1.));
#15129 = ( GEOMETRIC_REPRESENTATION_CONTEXT(2) 
PARAMETRIC_REPRESENTATION_CONTEXT() REPRESENTATION_CONTEXT('2D SPACE',''
  ) );
#15130 = PCURVE('',#5589,#15131);
#15131 = DEFINITIONAL_REPRESENTATION('',(#15132),#15136);
#15132 = LINE('',#15133,#15134);
#15133 = CARTESIAN_POINT('',(0.,-0.));
#15134 = VECTOR('',#15135,1.);
#15135 = DIRECTION('',(0.,1.));
#15136 = ( GEOMETRIC_REPRESENTATION_CONTEXT(2) 
PARAMETRIC_REPRESENTATION_CONTEXT() REPRESENTATION_CONTEXT('2D SPACE',''
  ) );
#15137 = ORIENTED_EDGE('',*,*,#5572,.T.);
#15138 = ORIENTED_EDGE('',*,*,#15117,.T.);
#15139 = ADVANCED_FACE('',(#15140),#5620,.F.);
#15140 = FACE_BOUND('',#15141,.F.);
#15141 = EDGE_LOOP('',(#15142,#15143,#15164,#15165));
#15142 = ORIENTED_EDGE('',*,*,#10287,.F.);
#15143 = ORIENTED_EDGE('',*,*,#15144,.F.);
#15144 = EDGE_CURVE('',#5604,#10288,#15145,.T.);
#15145 = SEAM_CURVE('',#15146,(#15150,#15157),.PCURVE_S1.);
#15146 = LINE('',#15147,#15148);
#15147 = CARTESIAN_POINT('',(88.9,-332.74,332.74));
#15148 = VECTOR('',#15149,1.);
#15149 = DIRECTION('',(0.,1.,0.));
#15150 = PCURVE('',#5620,#15151);
#15151 = DEFINITIONAL_REPRESENTATION('',(#15152),#15156);
#15152 = LINE('',#15153,#15154);
#15153 = CARTESIAN_POINT('',(6.28318530718,-0.));
#15154 = VECTOR('',#15155,1.);
#15155 = DIRECTION('',(0.,1.));
#15156 = ( GEOMETRIC_REPRESENTATION_CONTEXT(2) 
PARAMETRIC_REPRESENTATION_CONTEXT() REPRESENTATION_CONTEXT('2D SPACE',''
  ) );
#15157 = PCURVE('',#5620,#15158);
#15158 = DEFINITIONAL_REPRESENTATION('',(#15159),#15163);
#15159 = LINE('',#15160,#15161);
#15160 = CARTESIAN_POINT('',(0.,-0.));
#15161 = VECTOR('',#15162,1.);
#15162 = DIRECTION('',(0.,1.));
#15163 = ( GEOMETRIC_REPRESENTATION_CONTEXT(2) 
PARAMETRIC_REPRESENTATION_CONTEXT() REPRESENTATION_CONTEXT('2D SPACE',''
  ) );
#15164 = ORIENTED_EDGE('',*,*,#5603,.T.);
#15165 = ORIENTED_EDGE('',*,*,#15144,.T.);
#15166 = ADVANCED_FACE('',(#15167),#5651,.F.);
#15167 = FACE_BOUND('',#15168,.F.);
#15168 = EDGE_LOOP('',(#15169,#15170,#15191,#15192));
#15169 = ORIENTED_EDGE('',*,*,#10313,.F.);
#15170 = ORIENTED_EDGE('',*,*,#15171,.F.);
#15171 = EDGE_CURVE('',#5635,#10314,#15172,.T.);
#15172 = SEAM_CURVE('',#15173,(#15177,#15184),.PCURVE_S1.);
#15173 = LINE('',#15174,#15175);
#15174 = CARTESIAN_POINT('',(101.6,-332.74,307.34));
#15175 = VECTOR('',#15176,1.);
#15176 = DIRECTION('',(0.,1.,0.));
#15177 = PCURVE('',#5651,#15178);
#15178 = DEFINITIONAL_REPRESENTATION('',(#15179),#15183);
#15179 = LINE('',#15180,#15181);
#15180 = CARTESIAN_POINT('',(6.28318530718,-0.));
#15181 = VECTOR('',#15182,1.);
#15182 = DIRECTION('',(0.,1.));
#15183 = ( GEOMETRIC_REPRESENTATION_CONTEXT(2) 
PARAMETRIC_REPRESENTATION_CONTEXT() REPRESENTATION_CONTEXT('2D SPACE',''
  ) );
#15184 = PCURVE('',#5651,#15185);
#15185 = DEFINITIONAL_REPRESENTATION('',(#15186),#15190);
#15186 = LINE('',#15187,#15188);
#15187 = CARTESIAN_POINT('',(0.,-0.));
#15188 = VECTOR('',#15189,1.);
#15189 = DIRECTION('',(0.,1.));
#15190 = ( GEOMETRIC_REPRESENTATION_CONTEXT(2) 
PARAMETRIC_REPRESENTATION_CONTEXT() REPRESENTATION_CONTEXT('2D SPACE',''
  ) );
#15191 = ORIENTED_EDGE('',*,*,#5634,.T.);
#15192 = ORIENTED_EDGE('',*,*,#15171,.T.);
#15193 = ADVANCED_FACE('',(#15194),#5682,.F.);
#15194 = FACE_BOUND('',#15195,.F.);
#15195 = EDGE_LOOP('',(#15196,#15197,#15218,#15219));
#15196 = ORIENTED_EDGE('',*,*,#10339,.F.);
#15197 = ORIENTED_EDGE('',*,*,#15198,.F.);
#15198 = EDGE_CURVE('',#5666,#10340,#15199,.T.);
#15199 = SEAM_CURVE('',#15200,(#15204,#15211),.PCURVE_S1.);
#15200 = LINE('',#15201,#15202);
#15201 = CARTESIAN_POINT('',(101.6,-332.74,320.04));
#15202 = VECTOR('',#15203,1.);
#15203 = DIRECTION('',(0.,1.,0.));
#15204 = PCURVE('',#5682,#15205);
#15205 = DEFINITIONAL_REPRESENTATION('',(#15206),#15210);
#15206 = LINE('',#15207,#15208);
#15207 = CARTESIAN_POINT('',(6.28318530718,-0.));
#15208 = VECTOR('',#15209,1.);
#15209 = DIRECTION('',(0.,1.));
#15210 = ( GEOMETRIC_REPRESENTATION_CONTEXT(2) 
PARAMETRIC_REPRESENTATION_CONTEXT() REPRESENTATION_CONTEXT('2D SPACE',''
  ) );
#15211 = PCURVE('',#5682,#15212);
#15212 = DEFINITIONAL_REPRESENTATION('',(#15213),#15217);
#15213 = LINE('',#15214,#15215);
#15214 = CARTESIAN_POINT('',(0.,-0.));
#15215 = VECTOR('',#15216,1.);
#15216 = DIRECTION('',(0.,1.));
#15217 = ( GEOMETRIC_REPRESENTATION_CONTEXT(2) 
PARAMETRIC_REPRESENTATION_CONTEXT() REPRESENTATION_CONTEXT('2D SPACE',''
  ) );
#15218 = ORIENTED_EDGE('',*,*,#5665,.T.);
#15219 = ORIENTED_EDGE('',*,*,#15198,.T.);
#15220 = ADVANCED_FACE('',(#15221),#5713,.F.);
#15221 = FACE_BOUND('',#15222,.F.);
#15222 = EDGE_LOOP('',(#15223,#15224,#15245,#15246));
#15223 = ORIENTED_EDGE('',*,*,#10365,.F.);
#15224 = ORIENTED_EDGE('',*,*,#15225,.F.);
#15225 = EDGE_CURVE('',#5697,#10366,#15226,.T.);
#15226 = SEAM_CURVE('',#15227,(#15231,#15238),.PCURVE_S1.);
#15227 = LINE('',#15228,#15229);
#15228 = CARTESIAN_POINT('',(101.6,-332.74,332.74));
#15229 = VECTOR('',#15230,1.);
#15230 = DIRECTION('',(0.,1.,0.));
#15231 = PCURVE('',#5713,#15232);
#15232 = DEFINITIONAL_REPRESENTATION('',(#15233),#15237);
#15233 = LINE('',#15234,#15235);
#15234 = CARTESIAN_POINT('',(6.28318530718,-0.));
#15235 = VECTOR('',#15236,1.);
#15236 = DIRECTION('',(0.,1.));
#15237 = ( GEOMETRIC_REPRESENTATION_CONTEXT(2) 
PARAMETRIC_REPRESENTATION_CONTEXT() REPRESENTATION_CONTEXT('2D SPACE',''
  ) );
#15238 = PCURVE('',#5713,#15239);
#15239 = DEFINITIONAL_REPRESENTATION('',(#15240),#15244);
#15240 = LINE('',#15241,#15242);
#15241 = CARTESIAN_POINT('',(0.,-0.));
#15242 = VECTOR('',#15243,1.);
#15243 = DIRECTION('',(0.,1.));
#15244 = ( GEOMETRIC_REPRESENTATION_CONTEXT(2) 
PARAMETRIC_REPRESENTATION_CONTEXT() REPRESENTATION_CONTEXT('2D SPACE',''
  ) );
#15245 = ORIENTED_EDGE('',*,*,#5696,.T.);
#15246 = ORIENTED_EDGE('',*,*,#15225,.T.);
#15247 = ( GEOMETRIC_REPRESENTATION_CONTEXT(3) 
GLOBAL_UNCERTAINTY_ASSIGNED_CONTEXT((#15251)) 
GLOBAL_UNIT_ASSIGNED_CONTEXT((#15248,#15249,#15250)) 
REPRESENTATION_CONTEXT('Context #1',
  '3D Context with UNIT and UNCERTAINTY') );
#15248 = ( LENGTH_UNIT() NAMED_UNIT(*) SI_UNIT(.MILLI.,.METRE.) );
#15249 = ( NAMED_UNIT(*) PLANE_ANGLE_UNIT() SI_UNIT($,.RADIAN.) );
#15250 = ( NAMED_UNIT(*) SI_UNIT($,.STERADIAN.) SOLID_ANGLE_UNIT() );
#15251 = UNCERTAINTY_MEASURE_WITH_UNIT(LENGTH_MEASURE(1.E-07),#15248,
  'distance_accuracy_value','confusion accuracy');
#15252 = CONTEXT_DEPENDENT_SHAPE_REPRESENTATION(#15253,#15255);
#15253 = ( REPRESENTATION_RELATIONSHIP('','',#64,#10) 
REPRESENTATION_RELATIONSHIP_WITH_TRANSFORMATION(#15254) 
SHAPE_REPRESENTATION_RELATIONSHIP() );
#15254 = ITEM_DEFINED_TRANSFORMATION('','',#11,#15);
#15255 = PRODUCT_DEFINITION_SHAPE('Placement','Placement of an item',
  #15256);
#15256 = NEXT_ASSEMBLY_USAGE_OCCURRENCE('28',
  'E-001 panel 1/4in polycarbonate','',#5,#59,$);
#15257 = PRODUCT_RELATED_PRODUCT_CATEGORY('part',$,(#61));
#15258 = SHAPE_DEFINITION_REPRESENTATION(#15259,#15265);
#15259 = PRODUCT_DEFINITION_SHAPE('','',#15260);
#15260 = PRODUCT_DEFINITION('design','',#15261,#15264);
#15261 = PRODUCT_DEFINITION_FORMATION('','',#15262);
#15262 = PRODUCT('E-002 upright 1','E-002 upright 1','',(#15263));
#15263 = PRODUCT_CONTEXT('',#2,'mechanical');
#15264 = PRODUCT_DEFINITION_CONTEXT('part definition',#2,'design');
#15265 = ADVANCED_BREP_SHAPE_REPRESENTATION('',(#11,#15266),#16086);
#15266 = MANIFOLD_SOLID_BREP('',#15267);
#15267 = CLOSED_SHELL('',(#15268,#15444,#15582,#15693,#15742,#15841,
    #15942,#15969,#15978,#16005,#16032,#16059));
#15268 = ADVANCED_FACE('',(#15269),#15283,.F.);
#15269 = FACE_BOUND('',#15270,.F.);
#15270 = EDGE_LOOP('',(#15271,#15306,#15334,#15362,#15390,#15418));
#15271 = ORIENTED_EDGE('',*,*,#15272,.F.);
#15272 = EDGE_CURVE('',#15273,#15275,#15277,.T.);
#15273 = VERTEX_POINT('',#15274);
#15274 = CARTESIAN_POINT('',(-196.85,-323.85,117.475));
#15275 = VERTEX_POINT('',#15276);
#15276 = CARTESIAN_POINT('',(-196.85,-323.85,218.44));
#15277 = SURFACE_CURVE('',#15278,(#15282,#15294),.PCURVE_S1.);
#15278 = LINE('',#15279,#15280);
#15279 = CARTESIAN_POINT('',(-196.85,-323.85,117.475));
#15280 = VECTOR('',#15281,1.);
#15281 = DIRECTION('',(0.,0.,1.));
#15282 = PCURVE('',#15283,#15288);
#15283 = PLANE('',#15284);
#15284 = AXIS2_PLACEMENT_3D('',#15285,#15286,#15287);
#15285 = CARTESIAN_POINT('',(-196.85,-323.85,117.475));
#15286 = DIRECTION('',(1.,0.,-0.));
#15287 = DIRECTION('',(0.,0.,1.));
#15288 = DEFINITIONAL_REPRESENTATION('',(#15289),#15293);
#15289 = LINE('',#15290,#15291);
#15290 = CARTESIAN_POINT('',(0.,0.));
#15291 = VECTOR('',#15292,1.);
#15292 = DIRECTION('',(1.,0.));
#15293 = ( GEOMETRIC_REPRESENTATION_CONTEXT(2) 
PARAMETRIC_REPRESENTATION_CONTEXT() REPRESENTATION_CONTEXT('2D SPACE',''
  ) );
#15294 = PCURVE('',#15295,#15300);
#15295 = PLANE('',#15296);
#15296 = AXIS2_PLACEMENT_3D('',#15297,#15298,#15299);
#15297 = CARTESIAN_POINT('',(-196.85,-323.85,117.475));
#15298 = DIRECTION('',(-0.,1.,0.));
#15299 = DIRECTION('',(0.,0.,1.));
#15300 = DEFINITIONAL_REPRESENTATION('',(#15301),#15305);
#15301 = LINE('',#15302,#15303);
#15302 = CARTESIAN_POINT('',(0.,0.));
#15303 = VECTOR('',#15304,1.);
#15304 = DIRECTION('',(1.,0.));
#15305 = ( GEOMETRIC_REPRESENTATION_CONTEXT(2) 
PARAMETRIC_REPRESENTATION_CONTEXT() REPRESENTATION_CONTEXT('2D SPACE',''
  ) );
#15306 = ORIENTED_EDGE('',*,*,#15307,.F.);
#15307 = EDGE_CURVE('',#15308,#15273,#15310,.T.);
#15308 = VERTEX_POINT('',#15309);
#15309 = CARTESIAN_POINT('',(-196.85,-298.45,117.475));
#15310 = SURFACE_CURVE('',#15311,(#15315,#15322),.PCURVE_S1.);
#15311 = LINE('',#15312,#15313);
#15312 = CARTESIAN_POINT('',(-196.85,-298.45,117.475));
#15313 = VECTOR('',#15314,1.);
#15314 = DIRECTION('',(0.,-1.,0.));
#15315 = PCURVE('',#15283,#15316);
#15316 = DEFINITIONAL_REPRESENTATION('',(#15317),#15321);
#15317 = LINE('',#15318,#15319);
#15318 = CARTESIAN_POINT('',(0.,-25.4));
#15319 = VECTOR('',#15320,1.);
#15320 = DIRECTION('',(0.,1.));
#15321 = ( GEOMETRIC_REPRESENTATION_CONTEXT(2) 
PARAMETRIC_REPRESENTATION_CONTEXT() REPRESENTATION_CONTEXT('2D SPACE',''
  ) );
#15322 = PCURVE('',#15323,#15328);
#15323 = PLANE('',#15324);
#15324 = AXIS2_PLACEMENT_3D('',#15325,#15326,#15327);
#15325 = CARTESIAN_POINT('',(-196.85,-323.85,117.475));
#15326 = DIRECTION('',(0.,0.,1.));
#15327 = DIRECTION('',(1.,0.,-0.));
#15328 = DEFINITIONAL_REPRESENTATION('',(#15329),#15333);
#15329 = LINE('',#15330,#15331);
#15330 = CARTESIAN_POINT('',(0.,25.4));
#15331 = VECTOR('',#15332,1.);
#15332 = DIRECTION('',(0.,-1.));
#15333 = ( GEOMETRIC_REPRESENTATION_CONTEXT(2) 
PARAMETRIC_REPRESENTATION_CONTEXT() REPRESENTATION_CONTEXT('2D SPACE',''
  ) );
#15334 = ORIENTED_EDGE('',*,*,#15335,.T.);
#15335 = EDGE_CURVE('',#15308,#15336,#15338,.T.);
#15336 = VERTEX_POINT('',#15337);
#15337 = CARTESIAN_POINT('',(-196.85,-298.45,120.65));
#15338 = SURFACE_CURVE('',#15339,(#15343,#15350),.PCURVE_S1.);
#15339 = LINE('',#15340,#15341);
#15340 = CARTESIAN_POINT('',(-196.85,-298.45,117.475));
#15341 = VECTOR('',#15342,1.);
#15342 = DIRECTION('',(0.,0.,1.));
#15343 = PCURVE('',#15283,#15344);
#15344 = DEFINITIONAL_REPRESENTATION('',(#15345),#15349);
#15345 = LINE('',#15346,#15347);
#15346 = CARTESIAN_POINT('',(0.,-25.4));
#15347 = VECTOR('',#15348,1.);
#15348 = DIRECTION('',(1.,0.));
#15349 = ( GEOMETRIC_REPRESENTATION_CONTEXT(2) 
PARAMETRIC_REPRESENTATION_CONTEXT() REPRESENTATION_CONTEXT('2D SPACE',''
  ) );
#15350 = PCURVE('',#15351,#15356);
#15351 = PLANE('',#15352);
#15352 = AXIS2_PLACEMENT_3D('',#15353,#15354,#15355);
#15353 = CARTESIAN_POINT('',(-196.85,-298.45,117.475));
#15354 = DIRECTION('',(-0.,1.,0.));
#15355 = DIRECTION('',(0.,0.,1.));
#15356 = DEFINITIONAL_REPRESENTATION('',(#15357),#15361);
#15357 = LINE('',#15358,#15359);
#15358 = CARTESIAN_POINT('',(0.,0.));
#15359 = VECTOR('',#15360,1.);
#15360 = DIRECTION('',(1.,0.));
#15361 = ( GEOMETRIC_REPRESENTATION_CONTEXT(2) 
PARAMETRIC_REPRESENTATION_CONTEXT() REPRESENTATION_CONTEXT('2D SPACE',''
  ) );
#15362 = ORIENTED_EDGE('',*,*,#15363,.F.);
#15363 = EDGE_CURVE('',#15364,#15336,#15366,.T.);
#15364 = VERTEX_POINT('',#15365);
#15365 = CARTESIAN_POINT('',(-196.85,-320.675,120.65));
#15366 = SURFACE_CURVE('',#15367,(#15371,#15378),.PCURVE_S1.);
#15367 = LINE('',#15368,#15369);
#15368 = CARTESIAN_POINT('',(-196.85,-323.85,120.65));
#15369 = VECTOR('',#15370,1.);
#15370 = DIRECTION('',(-0.,1.,0.));
#15371 = PCURVE('',#15283,#15372);
#15372 = DEFINITIONAL_REPRESENTATION('',(#15373),#15377);
#15373 = LINE('',#15374,#15375);
#15374 = CARTESIAN_POINT('',(3.175,0.));
#15375 = VECTOR('',#15376,1.);
#15376 = DIRECTION('',(0.,-1.));
#15377 = ( GEOMETRIC_REPRESENTATION_CONTEXT(2) 
PARAMETRIC_REPRESENTATION_CONTEXT() REPRESENTATION_CONTEXT('2D SPACE',''
  ) );
#15378 = PCURVE('',#15379,#15384);
#15379 = PLANE('',#15380);
#15380 = AXIS2_PLACEMENT_3D('',#15381,#15382,#15383);
#15381 = CARTESIAN_POINT('',(-196.85,-323.85,120.65));
#15382 = DIRECTION('',(0.,0.,1.));
#15383 = DIRECTION('',(1.,0.,-0.));
#15384 = DEFINITIONAL_REPRESENTATION('',(#15385),#15389);
#15385 = LINE('',#15386,#15387);
#15386 = CARTESIAN_POINT('',(0.,0.));
#15387 = VECTOR('',#15388,1.);
#15388 = DIRECTION('',(0.,1.));
#15389 = ( GEOMETRIC_REPRESENTATION_CONTEXT(2) 
PARAMETRIC_REPRESENTATION_CONTEXT() REPRESENTATION_CONTEXT('2D SPACE',''
  ) );
#15390 = ORIENTED_EDGE('',*,*,#15391,.T.);
#15391 = EDGE_CURVE('',#15364,#15392,#15394,.T.);
#15392 = VERTEX_POINT('',#15393);
#15393 = CARTESIAN_POINT('',(-196.85,-320.675,218.44));
#15394 = SURFACE_CURVE('',#15395,(#15399,#15406),.PCURVE_S1.);
#15395 = LINE('',#15396,#15397);
#15396 = CARTESIAN_POINT('',(-196.85,-320.675,117.475));
#15397 = VECTOR('',#15398,1.);
#15398 = DIRECTION('',(0.,0.,1.));
#15399 = PCURVE('',#15283,#15400);
#15400 = DEFINITIONAL_REPRESENTATION('',(#15401),#15405);
#15401 = LINE('',#15402,#15403);
#15402 = CARTESIAN_POINT('',(0.,-3.175));
#15403 = VECTOR('',#15404,1.);
#15404 = DIRECTION('',(1.,0.));
#15405 = ( GEOMETRIC_REPRESENTATION_CONTEXT(2) 
PARAMETRIC_REPRESENTATION_CONTEXT() REPRESENTATION_CONTEXT('2D SPACE',''
  ) );
#15406 = PCURVE('',#15407,#15412);
#15407 = PLANE('',#15408);
#15408 = AXIS2_PLACEMENT_3D('',#15409,#15410,#15411);
#15409 = CARTESIAN_POINT('',(-196.85,-320.675,117.475));
#15410 = DIRECTION('',(-0.,1.,0.));
#15411 = DIRECTION('',(0.,0.,1.));
#15412 = DEFINITIONAL_REPRESENTATION('',(#15413),#15417);
#15413 = LINE('',#15414,#15415);
#15414 = CARTESIAN_POINT('',(0.,0.));
#15415 = VECTOR('',#15416,1.);
#15416 = DIRECTION('',(1.,0.));
#15417 = ( GEOMETRIC_REPRESENTATION_CONTEXT(2) 
PARAMETRIC_REPRESENTATION_CONTEXT() REPRESENTATION_CONTEXT('2D SPACE',''
  ) );
#15418 = ORIENTED_EDGE('',*,*,#15419,.F.);
#15419 = EDGE_CURVE('',#15275,#15392,#15420,.T.);
#15420 = SURFACE_CURVE('',#15421,(#15425,#15432),.PCURVE_S1.);
#15421 = LINE('',#15422,#15423);
#15422 = CARTESIAN_POINT('',(-196.85,-323.85,218.44));
#15423 = VECTOR('',#15424,1.);
#15424 = DIRECTION('',(-0.,1.,0.));
#15425 = PCURVE('',#15283,#15426);
#15426 = DEFINITIONAL_REPRESENTATION('',(#15427),#15431);
#15427 = LINE('',#15428,#15429);
#15428 = CARTESIAN_POINT('',(100.965,0.));
#15429 = VECTOR('',#15430,1.);
#15430 = DIRECTION('',(0.,-1.));
#15431 = ( GEOMETRIC_REPRESENTATION_CONTEXT(2) 
PARAMETRIC_REPRESENTATION_CONTEXT() REPRESENTATION_CONTEXT('2D SPACE',''
  ) );
#15432 = PCURVE('',#15433,#15438);
#15433 = PLANE('',#15434);
#15434 = AXIS2_PLACEMENT_3D('',#15435,#15436,#15437);
#15435 = CARTESIAN_POINT('',(-196.85,-323.85,218.44));
#15436 = DIRECTION('',(0.,0.,1.));
#15437 = DIRECTION('',(1.,0.,-0.));
#15438 = DEFINITIONAL_REPRESENTATION('',(#15439),#15443);
#15439 = LINE('',#15440,#15441);
#15440 = CARTESIAN_POINT('',(0.,0.));
#15441 = VECTOR('',#15442,1.);
#15442 = DIRECTION('',(0.,1.));
#15443 = ( GEOMETRIC_REPRESENTATION_CONTEXT(2) 
PARAMETRIC_REPRESENTATION_CONTEXT() REPRESENTATION_CONTEXT('2D SPACE',''
  ) );
#15444 = ADVANCED_FACE('',(#15445,#15520,#15551),#15295,.F.);
#15445 = FACE_BOUND('',#15446,.F.);
#15446 = EDGE_LOOP('',(#15447,#15470,#15471,#15494));
#15447 = ORIENTED_EDGE('',*,*,#15448,.F.);
#15448 = EDGE_CURVE('',#15273,#15449,#15451,.T.);
#15449 = VERTEX_POINT('',#15450);
#15450 = CARTESIAN_POINT('',(-158.75,-323.85,117.475));
#15451 = SURFACE_CURVE('',#15452,(#15456,#15463),.PCURVE_S1.);
#15452 = LINE('',#15453,#15454);
#15453 = CARTESIAN_POINT('',(-196.85,-323.85,117.475));
#15454 = VECTOR('',#15455,1.);
#15455 = DIRECTION('',(1.,0.,-0.));
#15456 = PCURVE('',#15295,#15457);
#15457 = DEFINITIONAL_REPRESENTATION('',(#15458),#15462);
#15458 = LINE('',#15459,#15460);
#15459 = CARTESIAN_POINT('',(0.,0.));
#15460 = VECTOR('',#15461,1.);
#15461 = DIRECTION('',(0.,1.));
#15462 = ( GEOMETRIC_REPRESENTATION_CONTEXT(2) 
PARAMETRIC_REPRESENTATION_CONTEXT() REPRESENTATION_CONTEXT('2D SPACE',''
  ) );
#15463 = PCURVE('',#15323,#15464);
#15464 = DEFINITIONAL_REPRESENTATION('',(#15465),#15469);
#15465 = LINE('',#15466,#15467);
#15466 = CARTESIAN_POINT('',(0.,0.));
#15467 = VECTOR('',#15468,1.);
#15468 = DIRECTION('',(1.,0.));
#15469 = ( GEOMETRIC_REPRESENTATION_CONTEXT(2) 
PARAMETRIC_REPRESENTATION_CONTEXT() REPRESENTATION_CONTEXT('2D SPACE',''
  ) );
#15470 = ORIENTED_EDGE('',*,*,#15272,.T.);
#15471 = ORIENTED_EDGE('',*,*,#15472,.T.);
#15472 = EDGE_CURVE('',#15275,#15473,#15475,.T.);
#15473 = VERTEX_POINT('',#15474);
#15474 = CARTESIAN_POINT('',(-158.75,-323.85,218.44));
#15475 = SURFACE_CURVE('',#15476,(#15480,#15487),.PCURVE_S1.);
#15476 = LINE('',#15477,#15478);
#15477 = CARTESIAN_POINT('',(-196.85,-323.85,218.44));
#15478 = VECTOR('',#15479,1.);
#15479 = DIRECTION('',(1.,0.,-0.));
#15480 = PCURVE('',#15295,#15481);
#15481 = DEFINITIONAL_REPRESENTATION('',(#15482),#15486);
#15482 = LINE('',#15483,#15484);
#15483 = CARTESIAN_POINT('',(100.965,0.));
#15484 = VECTOR('',#15485,1.);
#15485 = DIRECTION('',(0.,1.));
#15486 = ( GEOMETRIC_REPRESENTATION_CONTEXT(2) 
PARAMETRIC_REPRESENTATION_CONTEXT() REPRESENTATION_CONTEXT('2D SPACE',''
  ) );
#15487 = PCURVE('',#15433,#15488);
#15488 = DEFINITIONAL_REPRESENTATION('',(#15489),#15493);
#15489 = LINE('',#15490,#15491);
#15490 = CARTESIAN_POINT('',(0.,0.));
#15491 = VECTOR('',#15492,1.);
#15492 = DIRECTION('',(1.,0.));
#15493 = ( GEOMETRIC_REPRESENTATION_CONTEXT(2) 
PARAMETRIC_REPRESENTATION_CONTEXT() REPRESENTATION_CONTEXT('2D SPACE',''
  ) );
#15494 = ORIENTED_EDGE('',*,*,#15495,.F.);
#15495 = EDGE_CURVE('',#15449,#15473,#15496,.T.);
#15496 = SURFACE_CURVE('',#15497,(#15501,#15508),.PCURVE_S1.);
#15497 = LINE('',#15498,#15499);
#15498 = CARTESIAN_POINT('',(-158.75,-323.85,117.475));
#15499 = VECTOR('',#15500,1.);
#15500 = DIRECTION('',(0.,0.,1.));
#15501 = PCURVE('',#15295,#15502);
#15502 = DEFINITIONAL_REPRESENTATION('',(#15503),#15507);
#15503 = LINE('',#15504,#15505);
#15504 = CARTESIAN_POINT('',(0.,38.1));
#15505 = VECTOR('',#15506,1.);
#15506 = DIRECTION('',(1.,0.));
#15507 = ( GEOMETRIC_REPRESENTATION_CONTEXT(2) 
PARAMETRIC_REPRESENTATION_CONTEXT() REPRESENTATION_CONTEXT('2D SPACE',''
  ) );
#15508 = PCURVE('',#15509,#15514);
#15509 = PLANE('',#15510);
#15510 = AXIS2_PLACEMENT_3D('',#15511,#15512,#15513);
#15511 = CARTESIAN_POINT('',(-158.75,-323.85,117.475));
#15512 = DIRECTION('',(1.,0.,-0.));
#15513 = DIRECTION('',(0.,0.,1.));
#15514 = DEFINITIONAL_REPRESENTATION('',(#15515),#15519);
#15515 = LINE('',#15516,#15517);
#15516 = CARTESIAN_POINT('',(0.,0.));
#15517 = VECTOR('',#15518,1.);
#15518 = DIRECTION('',(1.,0.));
#15519 = ( GEOMETRIC_REPRESENTATION_CONTEXT(2) 
PARAMETRIC_REPRESENTATION_CONTEXT() REPRESENTATION_CONTEXT('2D SPACE',''
  ) );
#15520 = FACE_BOUND('',#15521,.F.);
#15521 = EDGE_LOOP('',(#15522));
#15522 = ORIENTED_EDGE('',*,*,#15523,.F.);
#15523 = EDGE_CURVE('',#15524,#15524,#15526,.T.);
#15524 = VERTEX_POINT('',#15525);
#15525 = CARTESIAN_POINT('',(-187.96,-323.85,213.3727));
#15526 = SURFACE_CURVE('',#15527,(#15532,#15539),.PCURVE_S1.);
#15527 = CIRCLE('',#15528,2.5527);
#15528 = AXIS2_PLACEMENT_3D('',#15529,#15530,#15531);
#15529 = CARTESIAN_POINT('',(-187.96,-323.85,210.82));
#15530 = DIRECTION('',(0.,1.,0.));
#15531 = DIRECTION('',(0.,-0.,1.));
#15532 = PCURVE('',#15295,#15533);
#15533 = DEFINITIONAL_REPRESENTATION('',(#15534),#15538);
#15534 = CIRCLE('',#15535,2.5527);
#15535 = AXIS2_PLACEMENT_2D('',#15536,#15537);
#15536 = CARTESIAN_POINT('',(93.345,8.89));
#15537 = DIRECTION('',(1.,0.));
#15538 = ( GEOMETRIC_REPRESENTATION_CONTEXT(2) 
PARAMETRIC_REPRESENTATION_CONTEXT() REPRESENTATION_CONTEXT('2D SPACE',''
  ) );
#15539 = PCURVE('',#15540,#15545);
#15540 = CYLINDRICAL_SURFACE('',#15541,2.5527);
#15541 = AXIS2_PLACEMENT_3D('',#15542,#15543,#15544);
#15542 = CARTESIAN_POINT('',(-187.96,-326.39,210.82));
#15543 = DIRECTION('',(0.,1.,0.));
#15544 = DIRECTION('',(0.,-0.,1.));
#15545 = DEFINITIONAL_REPRESENTATION('',(#15546),#15550);
#15546 = LINE('',#15547,#15548);
#15547 = CARTESIAN_POINT('',(0.,2.54));
#15548 = VECTOR('',#15549,1.);
#15549 = DIRECTION('',(1.,0.));
#15550 = ( GEOMETRIC_REPRESENTATION_CONTEXT(2) 
PARAMETRIC_REPRESENTATION_CONTEXT() REPRESENTATION_CONTEXT('2D SPACE',''
  ) );
#15551 = FACE_BOUND('',#15552,.F.);
#15552 = EDGE_LOOP('',(#15553));
#15553 = ORIENTED_EDGE('',*,*,#15554,.F.);
#15554 = EDGE_CURVE('',#15555,#15555,#15557,.T.);
#15555 = VERTEX_POINT('',#15556);
#15556 = CARTESIAN_POINT('',(-167.64,-323.85,213.3727));
#15557 = SURFACE_CURVE('',#15558,(#15563,#15570),.PCURVE_S1.);
#15558 = CIRCLE('',#15559,2.5527);
#15559 = AXIS2_PLACEMENT_3D('',#15560,#15561,#15562);
#15560 = CARTESIAN_POINT('',(-167.64,-323.85,210.82));
#15561 = DIRECTION('',(0.,1.,0.));
#15562 = DIRECTION('',(0.,-0.,1.));
#15563 = PCURVE('',#15295,#15564);
#15564 = DEFINITIONAL_REPRESENTATION('',(#15565),#15569);
#15565 = CIRCLE('',#15566,2.5527);
#15566 = AXIS2_PLACEMENT_2D('',#15567,#15568);
#15567 = CARTESIAN_POINT('',(93.345,29.21));
#15568 = DIRECTION('',(1.,0.));
#15569 = ( GEOMETRIC_REPRESENTATION_CONTEXT(2) 
PARAMETRIC_REPRESENTATION_CONTEXT() REPRESENTATION_CONTEXT('2D SPACE',''
  ) );
#15570 = PCURVE('',#15571,#15576);
#15571 = CYLINDRICAL_SURFACE('',#15572,2.5527);
#15572 = AXIS2_PLACEMENT_3D('',#15573,#15574,#15575);
#15573 = CARTESIAN_POINT('',(-167.64,-326.39,210.82));
#15574 = DIRECTION('',(0.,1.,0.));
#15575 = DIRECTION('',(0.,-0.,1.));
#15576 = DEFINITIONAL_REPRESENTATION('',(#15577),#15581);
#15577 = LINE('',#15578,#15579);
#15578 = CARTESIAN_POINT('',(0.,2.54));
#15579 = VECTOR('',#15580,1.);
#15580 = DIRECTION('',(1.,0.));
#15581 = ( GEOMETRIC_REPRESENTATION_CONTEXT(2) 
PARAMETRIC_REPRESENTATION_CONTEXT() REPRESENTATION_CONTEXT('2D SPACE',''
  ) );
#15582 = ADVANCED_FACE('',(#15583,#15631,#15662),#15323,.F.);
#15583 = FACE_BOUND('',#15584,.F.);
#15584 = EDGE_LOOP('',(#15585,#15586,#15609,#15630));
#15585 = ORIENTED_EDGE('',*,*,#15448,.T.);
#15586 = ORIENTED_EDGE('',*,*,#15587,.F.);
#15587 = EDGE_CURVE('',#15588,#15449,#15590,.T.);
#15588 = VERTEX_POINT('',#15589);
#15589 = CARTESIAN_POINT('',(-158.75,-298.45,117.475));
#15590 = SURFACE_CURVE('',#15591,(#15595,#15602),.PCURVE_S1.);
#15591 = LINE('',#15592,#15593);
#15592 = CARTESIAN_POINT('',(-158.75,-298.45,117.475));
#15593 = VECTOR('',#15594,1.);
#15594 = DIRECTION('',(0.,-1.,0.));
#15595 = PCURVE('',#15323,#15596);
#15596 = DEFINITIONAL_REPRESENTATION('',(#15597),#15601);
#15597 = LINE('',#15598,#15599);
#15598 = CARTESIAN_POINT('',(38.1,25.4));
#15599 = VECTOR('',#15600,1.);
#15600 = DIRECTION('',(0.,-1.));
#15601 = ( GEOMETRIC_REPRESENTATION_CONTEXT(2) 
PARAMETRIC_REPRESENTATION_CONTEXT() REPRESENTATION_CONTEXT('2D SPACE',''
  ) );
#15602 = PCURVE('',#15509,#15603);
#15603 = DEFINITIONAL_REPRESENTATION('',(#15604),#15608);
#15604 = LINE('',#15605,#15606);
#15605 = CARTESIAN_POINT('',(0.,-25.4));
#15606 = VECTOR('',#15607,1.);
#15607 = DIRECTION('',(0.,1.));
#15608 = ( GEOMETRIC_REPRESENTATION_CONTEXT(2) 
PARAMETRIC_REPRESENTATION_CONTEXT() REPRESENTATION_CONTEXT('2D SPACE',''
  ) );
#15609 = ORIENTED_EDGE('',*,*,#15610,.F.);
#15610 = EDGE_CURVE('',#15308,#15588,#15611,.T.);
#15611 = SURFACE_CURVE('',#15612,(#15616,#15623),.PCURVE_S1.);
#15612 = LINE('',#15613,#15614);
#15613 = CARTESIAN_POINT('',(-196.85,-298.45,117.475));
#15614 = VECTOR('',#15615,1.);
#15615 = DIRECTION('',(1.,0.,-0.));
#15616 = PCURVE('',#15323,#15617);
#15617 = DEFINITIONAL_REPRESENTATION('',(#15618),#15622);
#15618 = LINE('',#15619,#15620);
#15619 = CARTESIAN_POINT('',(0.,25.4));
#15620 = VECTOR('',#15621,1.);
#15621 = DIRECTION('',(1.,0.));
#15622 = ( GEOMETRIC_REPRESENTATION_CONTEXT(2) 
PARAMETRIC_REPRESENTATION_CONTEXT() REPRESENTATION_CONTEXT('2D SPACE',''
  ) );
#15623 = PCURVE('',#15351,#15624);
#15624 = DEFINITIONAL_REPRESENTATION('',(#15625),#15629);
#15625 = LINE('',#15626,#15627);
#15626 = CARTESIAN_POINT('',(0.,0.));
#15627 = VECTOR('',#15628,1.);
#15628 = DIRECTION('',(0.,1.));
#15629 = ( GEOMETRIC_REPRESENTATION_CONTEXT(2) 
PARAMETRIC_REPRESENTATION_CONTEXT() REPRESENTATION_CONTEXT('2D SPACE',''
  ) );
#15630 = ORIENTED_EDGE('',*,*,#15307,.T.);
#15631 = FACE_BOUND('',#15632,.F.);
#15632 = EDGE_LOOP('',(#15633));
#15633 = ORIENTED_EDGE('',*,*,#15634,.F.);
#15634 = EDGE_CURVE('',#15635,#15635,#15637,.T.);
#15635 = VERTEX_POINT('',#15636);
#15636 = CARTESIAN_POINT('',(-185.4073,-309.88,117.475));
#15637 = SURFACE_CURVE('',#15638,(#15643,#15650),.PCURVE_S1.);
#15638 = CIRCLE('',#15639,2.5527);
#15639 = AXIS2_PLACEMENT_3D('',#15640,#15641,#15642);
#15640 = CARTESIAN_POINT('',(-187.96,-309.88,117.475));
#15641 = DIRECTION('',(0.,0.,1.));
#15642 = DIRECTION('',(1.,0.,-0.));
#15643 = PCURVE('',#15323,#15644);
#15644 = DEFINITIONAL_REPRESENTATION('',(#15645),#15649);
#15645 = CIRCLE('',#15646,2.5527);
#15646 = AXIS2_PLACEMENT_2D('',#15647,#15648);
#15647 = CARTESIAN_POINT('',(8.89,13.97));
#15648 = DIRECTION('',(1.,0.));
#15649 = ( GEOMETRIC_REPRESENTATION_CONTEXT(2) 
PARAMETRIC_REPRESENTATION_CONTEXT() REPRESENTATION_CONTEXT('2D SPACE',''
  ) );
#15650 = PCURVE('',#15651,#15656);
#15651 = CYLINDRICAL_SURFACE('',#15652,2.5527);
#15652 = AXIS2_PLACEMENT_3D('',#15653,#15654,#15655);
#15653 = CARTESIAN_POINT('',(-187.96,-309.88,114.3));
#15654 = DIRECTION('',(0.,0.,1.));
#15655 = DIRECTION('',(1.,0.,-0.));
#15656 = DEFINITIONAL_REPRESENTATION('',(#15657),#15661);
#15657 = LINE('',#15658,#15659);
#15658 = CARTESIAN_POINT('',(0.,3.175));
#15659 = VECTOR('',#15660,1.);
#15660 = DIRECTION('',(1.,0.));
#15661 = ( GEOMETRIC_REPRESENTATION_CONTEXT(2) 
PARAMETRIC_REPRESENTATION_CONTEXT() REPRESENTATION_CONTEXT('2D SPACE',''
  ) );
#15662 = FACE_BOUND('',#15663,.F.);
#15663 = EDGE_LOOP('',(#15664));
#15664 = ORIENTED_EDGE('',*,*,#15665,.F.);
#15665 = EDGE_CURVE('',#15666,#15666,#15668,.T.);
#15666 = VERTEX_POINT('',#15667);
#15667 = CARTESIAN_POINT('',(-165.0873,-309.88,117.475));
#15668 = SURFACE_CURVE('',#15669,(#15674,#15681),.PCURVE_S1.);
#15669 = CIRCLE('',#15670,2.5527);
#15670 = AXIS2_PLACEMENT_3D('',#15671,#15672,#15673);
#15671 = CARTESIAN_POINT('',(-167.64,-309.88,117.475));
#15672 = DIRECTION('',(0.,0.,1.));
#15673 = DIRECTION('',(1.,0.,-0.));
#15674 = PCURVE('',#15323,#15675);
#15675 = DEFINITIONAL_REPRESENTATION('',(#15676),#15680);
#15676 = CIRCLE('',#15677,2.5527);
#15677 = AXIS2_PLACEMENT_2D('',#15678,#15679);
#15678 = CARTESIAN_POINT('',(29.21,13.97));
#15679 = DIRECTION('',(1.,0.));
#15680 = ( GEOMETRIC_REPRESENTATION_CONTEXT(2) 
PARAMETRIC_REPRESENTATION_CONTEXT() REPRESENTATION_CONTEXT('2D SPACE',''
  ) );
#15681 = PCURVE('',#15682,#15687);
#15682 = CYLINDRICAL_SURFACE('',#15683,2.5527);
#15683 = AXIS2_PLACEMENT_3D('',#15684,#15685,#15686);
#15684 = CARTESIAN_POINT('',(-167.64,-309.88,114.3));
#15685 = DIRECTION('',(0.,0.,1.));
#15686 = DIRECTION('',(1.,0.,-0.));
#15687 = DEFINITIONAL_REPRESENTATION('',(#15688),#15692);
#15688 = LINE('',#15689,#15690);
#15689 = CARTESIAN_POINT('',(0.,3.175));
#15690 = VECTOR('',#15691,1.);
#15691 = DIRECTION('',(1.,0.));
#15692 = ( GEOMETRIC_REPRESENTATION_CONTEXT(2) 
PARAMETRIC_REPRESENTATION_CONTEXT() REPRESENTATION_CONTEXT('2D SPACE',''
  ) );
#15693 = ADVANCED_FACE('',(#15694),#15351,.T.);
#15694 = FACE_BOUND('',#15695,.T.);
#15695 = EDGE_LOOP('',(#15696,#15697,#15698,#15721));
#15696 = ORIENTED_EDGE('',*,*,#15610,.F.);
#15697 = ORIENTED_EDGE('',*,*,#15335,.T.);
#15698 = ORIENTED_EDGE('',*,*,#15699,.T.);
#15699 = EDGE_CURVE('',#15336,#15700,#15702,.T.);
#15700 = VERTEX_POINT('',#15701);
#15701 = CARTESIAN_POINT('',(-158.75,-298.45,120.65));
#15702 = SURFACE_CURVE('',#15703,(#15707,#15714),.PCURVE_S1.);
#15703 = LINE('',#15704,#15705);
#15704 = CARTESIAN_POINT('',(-196.85,-298.45,120.65));
#15705 = VECTOR('',#15706,1.);
#15706 = DIRECTION('',(1.,0.,-0.));
#15707 = PCURVE('',#15351,#15708);
#15708 = DEFINITIONAL_REPRESENTATION('',(#15709),#15713);
#15709 = LINE('',#15710,#15711);
#15710 = CARTESIAN_POINT('',(3.175,0.));
#15711 = VECTOR('',#15712,1.);
#15712 = DIRECTION('',(0.,1.));
#15713 = ( GEOMETRIC_REPRESENTATION_CONTEXT(2) 
PARAMETRIC_REPRESENTATION_CONTEXT() REPRESENTATION_CONTEXT('2D SPACE',''
  ) );
#15714 = PCURVE('',#15379,#15715);
#15715 = DEFINITIONAL_REPRESENTATION('',(#15716),#15720);
#15716 = LINE('',#15717,#15718);
#15717 = CARTESIAN_POINT('',(0.,25.4));
#15718 = VECTOR('',#15719,1.);
#15719 = DIRECTION('',(1.,0.));
#15720 = ( GEOMETRIC_REPRESENTATION_CONTEXT(2) 
PARAMETRIC_REPRESENTATION_CONTEXT() REPRESENTATION_CONTEXT('2D SPACE',''
  ) );
#15721 = ORIENTED_EDGE('',*,*,#15722,.F.);
#15722 = EDGE_CURVE('',#15588,#15700,#15723,.T.);
#15723 = SURFACE_CURVE('',#15724,(#15728,#15735),.PCURVE_S1.);
#15724 = LINE('',#15725,#15726);
#15725 = CARTESIAN_POINT('',(-158.75,-298.45,117.475));
#15726 = VECTOR('',#15727,1.);
#15727 = DIRECTION('',(0.,0.,1.));
#15728 = PCURVE('',#15351,#15729);
#15729 = DEFINITIONAL_REPRESENTATION('',(#15730),#15734);
#15730 = LINE('',#15731,#15732);
#15731 = CARTESIAN_POINT('',(0.,38.1));
#15732 = VECTOR('',#15733,1.);
#15733 = DIRECTION('',(1.,0.));
#15734 = ( GEOMETRIC_REPRESENTATION_CONTEXT(2) 
PARAMETRIC_REPRESENTATION_CONTEXT() REPRESENTATION_CONTEXT('2D SPACE',''
  ) );
#15735 = PCURVE('',#15509,#15736);
#15736 = DEFINITIONAL_REPRESENTATION('',(#15737),#15741);
#15737 = LINE('',#15738,#15739);
#15738 = CARTESIAN_POINT('',(0.,-25.4));
#15739 = VECTOR('',#15740,1.);
#15740 = DIRECTION('',(1.,0.));
#15741 = ( GEOMETRIC_REPRESENTATION_CONTEXT(2) 
PARAMETRIC_REPRESENTATION_CONTEXT() REPRESENTATION_CONTEXT('2D SPACE',''
  ) );
#15742 = ADVANCED_FACE('',(#15743,#15789,#15815),#15379,.T.);
#15743 = FACE_BOUND('',#15744,.T.);
#15744 = EDGE_LOOP('',(#15745,#15746,#15767,#15788));
#15745 = ORIENTED_EDGE('',*,*,#15363,.F.);
#15746 = ORIENTED_EDGE('',*,*,#15747,.T.);
#15747 = EDGE_CURVE('',#15364,#15748,#15750,.T.);
#15748 = VERTEX_POINT('',#15749);
#15749 = CARTESIAN_POINT('',(-158.75,-320.675,120.65));
#15750 = SURFACE_CURVE('',#15751,(#15755,#15761),.PCURVE_S1.);
#15751 = LINE('',#15752,#15753);
#15752 = CARTESIAN_POINT('',(-196.85,-320.675,120.65));
#15753 = VECTOR('',#15754,1.);
#15754 = DIRECTION('',(1.,0.,-0.));
#15755 = PCURVE('',#15379,#15756);
#15756 = DEFINITIONAL_REPRESENTATION('',(#15757),#15760);
#15757 = B_SPLINE_CURVE_WITH_KNOTS('',1,(#15758,#15759),.UNSPECIFIED.,
  .F.,.F.,(2,2),(0.,38.1),.PIECEWISE_BEZIER_KNOTS.);
#15758 = CARTESIAN_POINT('',(0.,3.175));
#15759 = CARTESIAN_POINT('',(38.1,3.175));
#15760 = ( GEOMETRIC_REPRESENTATION_CONTEXT(2) 
PARAMETRIC_REPRESENTATION_CONTEXT() REPRESENTATION_CONTEXT('2D SPACE',''
  ) );
#15761 = PCURVE('',#15407,#15762);
#15762 = DEFINITIONAL_REPRESENTATION('',(#15763),#15766);
#15763 = B_SPLINE_CURVE_WITH_KNOTS('',1,(#15764,#15765),.UNSPECIFIED.,
  .F.,.F.,(2,2),(0.,38.1),.PIECEWISE_BEZIER_KNOTS.);
#15764 = CARTESIAN_POINT('',(3.175,0.));
#15765 = CARTESIAN_POINT('',(3.175,38.1));
#15766 = ( GEOMETRIC_REPRESENTATION_CONTEXT(2) 
PARAMETRIC_REPRESENTATION_CONTEXT() REPRESENTATION_CONTEXT('2D SPACE',''
  ) );
#15767 = ORIENTED_EDGE('',*,*,#15768,.T.);
#15768 = EDGE_CURVE('',#15748,#15700,#15769,.T.);
#15769 = SURFACE_CURVE('',#15770,(#15774,#15781),.PCURVE_S1.);
#15770 = LINE('',#15771,#15772);
#15771 = CARTESIAN_POINT('',(-158.75,-323.85,120.65));
#15772 = VECTOR('',#15773,1.);
#15773 = DIRECTION('',(-0.,1.,0.));
#15774 = PCURVE('',#15379,#15775);
#15775 = DEFINITIONAL_REPRESENTATION('',(#15776),#15780);
#15776 = LINE('',#15777,#15778);
#15777 = CARTESIAN_POINT('',(38.1,0.));
#15778 = VECTOR('',#15779,1.);
#15779 = DIRECTION('',(0.,1.));
#15780 = ( GEOMETRIC_REPRESENTATION_CONTEXT(2) 
PARAMETRIC_REPRESENTATION_CONTEXT() REPRESENTATION_CONTEXT('2D SPACE',''
  ) );
#15781 = PCURVE('',#15509,#15782);
#15782 = DEFINITIONAL_REPRESENTATION('',(#15783),#15787);
#15783 = LINE('',#15784,#15785);
#15784 = CARTESIAN_POINT('',(3.175,0.));
#15785 = VECTOR('',#15786,1.);
#15786 = DIRECTION('',(0.,-1.));
#15787 = ( GEOMETRIC_REPRESENTATION_CONTEXT(2) 
PARAMETRIC_REPRESENTATION_CONTEXT() REPRESENTATION_CONTEXT('2D SPACE',''
  ) );
#15788 = ORIENTED_EDGE('',*,*,#15699,.F.);
#15789 = FACE_BOUND('',#15790,.T.);
#15790 = EDGE_LOOP('',(#15791));
#15791 = ORIENTED_EDGE('',*,*,#15792,.F.);
#15792 = EDGE_CURVE('',#15793,#15793,#15795,.T.);
#15793 = VERTEX_POINT('',#15794);
#15794 = CARTESIAN_POINT('',(-185.4073,-309.88,120.65));
#15795 = SURFACE_CURVE('',#15796,(#15801,#15808),.PCURVE_S1.);
#15796 = CIRCLE('',#15797,2.5527);
#15797 = AXIS2_PLACEMENT_3D('',#15798,#15799,#15800);
#15798 = CARTESIAN_POINT('',(-187.96,-309.88,120.65));
#15799 = DIRECTION('',(0.,0.,1.));
#15800 = DIRECTION('',(1.,0.,-0.));
#15801 = PCURVE('',#15379,#15802);
#15802 = DEFINITIONAL_REPRESENTATION('',(#15803),#15807);
#15803 = CIRCLE('',#15804,2.5527);
#15804 = AXIS2_PLACEMENT_2D('',#15805,#15806);
#15805 = CARTESIAN_POINT('',(8.89,13.97));
#15806 = DIRECTION('',(1.,0.));
#15807 = ( GEOMETRIC_REPRESENTATION_CONTEXT(2) 
PARAMETRIC_REPRESENTATION_CONTEXT() REPRESENTATION_CONTEXT('2D SPACE',''
  ) );
#15808 = PCURVE('',#15651,#15809);
#15809 = DEFINITIONAL_REPRESENTATION('',(#15810),#15814);
#15810 = LINE('',#15811,#15812);
#15811 = CARTESIAN_POINT('',(0.,6.35));
#15812 = VECTOR('',#15813,1.);
#15813 = DIRECTION('',(1.,0.));
#15814 = ( GEOMETRIC_REPRESENTATION_CONTEXT(2) 
PARAMETRIC_REPRESENTATION_CONTEXT() REPRESENTATION_CONTEXT('2D SPACE',''
  ) );
#15815 = FACE_BOUND('',#15816,.T.);
#15816 = EDGE_LOOP('',(#15817));
#15817 = ORIENTED_EDGE('',*,*,#15818,.F.);
#15818 = EDGE_CURVE('',#15819,#15819,#15821,.T.);
#15819 = VERTEX_POINT('',#15820);
#15820 = CARTESIAN_POINT('',(-165.0873,-309.88,120.65));
#15821 = SURFACE_CURVE('',#15822,(#15827,#15834),.PCURVE_S1.);
#15822 = CIRCLE('',#15823,2.5527);
#15823 = AXIS2_PLACEMENT_3D('',#15824,#15825,#15826);
#15824 = CARTESIAN_POINT('',(-167.64,-309.88,120.65));
#15825 = DIRECTION('',(0.,0.,1.));
#15826 = DIRECTION('',(1.,0.,-0.));
#15827 = PCURVE('',#15379,#15828);
#15828 = DEFINITIONAL_REPRESENTATION('',(#15829),#15833);
#15829 = CIRCLE('',#15830,2.5527);
#15830 = AXIS2_PLACEMENT_2D('',#15831,#15832);
#15831 = CARTESIAN_POINT('',(29.21,13.97));
#15832 = DIRECTION('',(1.,0.));
#15833 = ( GEOMETRIC_REPRESENTATION_CONTEXT(2) 
PARAMETRIC_REPRESENTATION_CONTEXT() REPRESENTATION_CONTEXT('2D SPACE',''
  ) );
#15834 = PCURVE('',#15682,#15835);
#15835 = DEFINITIONAL_REPRESENTATION('',(#15836),#15840);
#15836 = LINE('',#15837,#15838);
#15837 = CARTESIAN_POINT('',(0.,6.35));
#15838 = VECTOR('',#15839,1.);
#15839 = DIRECTION('',(1.,0.));
#15840 = ( GEOMETRIC_REPRESENTATION_CONTEXT(2) 
PARAMETRIC_REPRESENTATION_CONTEXT() REPRESENTATION_CONTEXT('2D SPACE',''
  ) );
#15841 = ADVANCED_FACE('',(#15842,#15890,#15916),#15407,.T.);
#15842 = FACE_BOUND('',#15843,.T.);
#15843 = EDGE_LOOP('',(#15844,#15867,#15868,#15869));
#15844 = ORIENTED_EDGE('',*,*,#15845,.F.);
#15845 = EDGE_CURVE('',#15748,#15846,#15848,.T.);
#15846 = VERTEX_POINT('',#15847);
#15847 = CARTESIAN_POINT('',(-158.75,-320.675,218.44));
#15848 = SURFACE_CURVE('',#15849,(#15853,#15860),.PCURVE_S1.);
#15849 = LINE('',#15850,#15851);
#15850 = CARTESIAN_POINT('',(-158.75,-320.675,117.475));
#15851 = VECTOR('',#15852,1.);
#15852 = DIRECTION('',(0.,0.,1.));
#15853 = PCURVE('',#15407,#15854);
#15854 = DEFINITIONAL_REPRESENTATION('',(#15855),#15859);
#15855 = LINE('',#15856,#15857);
#15856 = CARTESIAN_POINT('',(0.,38.1));
#15857 = VECTOR('',#15858,1.);
#15858 = DIRECTION('',(1.,0.));
#15859 = ( GEOMETRIC_REPRESENTATION_CONTEXT(2) 
PARAMETRIC_REPRESENTATION_CONTEXT() REPRESENTATION_CONTEXT('2D SPACE',''
  ) );
#15860 = PCURVE('',#15509,#15861);
#15861 = DEFINITIONAL_REPRESENTATION('',(#15862),#15866);
#15862 = LINE('',#15863,#15864);
#15863 = CARTESIAN_POINT('',(0.,-3.175));
#15864 = VECTOR('',#15865,1.);
#15865 = DIRECTION('',(1.,0.));
#15866 = ( GEOMETRIC_REPRESENTATION_CONTEXT(2) 
PARAMETRIC_REPRESENTATION_CONTEXT() REPRESENTATION_CONTEXT('2D SPACE',''
  ) );
#15867 = ORIENTED_EDGE('',*,*,#15747,.F.);
#15868 = ORIENTED_EDGE('',*,*,#15391,.T.);
#15869 = ORIENTED_EDGE('',*,*,#15870,.T.);
#15870 = EDGE_CURVE('',#15392,#15846,#15871,.T.);
#15871 = SURFACE_CURVE('',#15872,(#15876,#15883),.PCURVE_S1.);
#15872 = LINE('',#15873,#15874);
#15873 = CARTESIAN_POINT('',(-196.85,-320.675,218.44));
#15874 = VECTOR('',#15875,1.);
#15875 = DIRECTION('',(1.,0.,-0.));
#15876 = PCURVE('',#15407,#15877);
#15877 = DEFINITIONAL_REPRESENTATION('',(#15878),#15882);
#15878 = LINE('',#15879,#15880);
#15879 = CARTESIAN_POINT('',(100.965,0.));
#15880 = VECTOR('',#15881,1.);
#15881 = DIRECTION('',(0.,1.));
#15882 = ( GEOMETRIC_REPRESENTATION_CONTEXT(2) 
PARAMETRIC_REPRESENTATION_CONTEXT() REPRESENTATION_CONTEXT('2D SPACE',''
  ) );
#15883 = PCURVE('',#15433,#15884);
#15884 = DEFINITIONAL_REPRESENTATION('',(#15885),#15889);
#15885 = LINE('',#15886,#15887);
#15886 = CARTESIAN_POINT('',(0.,3.175));
#15887 = VECTOR('',#15888,1.);
#15888 = DIRECTION('',(1.,0.));
#15889 = ( GEOMETRIC_REPRESENTATION_CONTEXT(2) 
PARAMETRIC_REPRESENTATION_CONTEXT() REPRESENTATION_CONTEXT('2D SPACE',''
  ) );
#15890 = FACE_BOUND('',#15891,.T.);
#15891 = EDGE_LOOP('',(#15892));
#15892 = ORIENTED_EDGE('',*,*,#15893,.F.);
#15893 = EDGE_CURVE('',#15894,#15894,#15896,.T.);
#15894 = VERTEX_POINT('',#15895);
#15895 = CARTESIAN_POINT('',(-187.96,-320.675,213.3727));
#15896 = SURFACE_CURVE('',#15897,(#15902,#15909),.PCURVE_S1.);
#15897 = CIRCLE('',#15898,2.5527);
#15898 = AXIS2_PLACEMENT_3D('',#15899,#15900,#15901);
#15899 = CARTESIAN_POINT('',(-187.96,-320.675,210.82));
#15900 = DIRECTION('',(0.,1.,0.));
#15901 = DIRECTION('',(0.,-0.,1.));
#15902 = PCURVE('',#15407,#15903);
#15903 = DEFINITIONAL_REPRESENTATION('',(#15904),#15908);
#15904 = CIRCLE('',#15905,2.5527);
#15905 = AXIS2_PLACEMENT_2D('',#15906,#15907);
#15906 = CARTESIAN_POINT('',(93.345,8.89));
#15907 = DIRECTION('',(1.,0.));
#15908 = ( GEOMETRIC_REPRESENTATION_CONTEXT(2) 
PARAMETRIC_REPRESENTATION_CONTEXT() REPRESENTATION_CONTEXT('2D SPACE',''
  ) );
#15909 = PCURVE('',#15540,#15910);
#15910 = DEFINITIONAL_REPRESENTATION('',(#15911),#15915);
#15911 = LINE('',#15912,#15913);
#15912 = CARTESIAN_POINT('',(0.,5.715));
#15913 = VECTOR('',#15914,1.);
#15914 = DIRECTION('',(1.,0.));
#15915 = ( GEOMETRIC_REPRESENTATION_CONTEXT(2) 
PARAMETRIC_REPRESENTATION_CONTEXT() REPRESENTATION_CONTEXT('2D SPACE',''
  ) );
#15916 = FACE_BOUND('',#15917,.T.);
#15917 = EDGE_LOOP('',(#15918));
#15918 = ORIENTED_EDGE('',*,*,#15919,.F.);
#15919 = EDGE_CURVE('',#15920,#15920,#15922,.T.);
#15920 = VERTEX_POINT('',#15921);
#15921 = CARTESIAN_POINT('',(-167.64,-320.675,213.3727));
#15922 = SURFACE_CURVE('',#15923,(#15928,#15935),.PCURVE_S1.);
#15923 = CIRCLE('',#15924,2.5527);
#15924 = AXIS2_PLACEMENT_3D('',#15925,#15926,#15927);
#15925 = CARTESIAN_POINT('',(-167.64,-320.675,210.82));
#15926 = DIRECTION('',(0.,1.,0.));
#15927 = DIRECTION('',(0.,-0.,1.));
#15928 = PCURVE('',#15407,#15929);
#15929 = DEFINITIONAL_REPRESENTATION('',(#15930),#15934);
#15930 = CIRCLE('',#15931,2.5527);
#15931 = AXIS2_PLACEMENT_2D('',#15932,#15933);
#15932 = CARTESIAN_POINT('',(93.345,29.21));
#15933 = DIRECTION('',(1.,0.));
#15934 = ( GEOMETRIC_REPRESENTATION_CONTEXT(2) 
PARAMETRIC_REPRESENTATION_CONTEXT() REPRESENTATION_CONTEXT('2D SPACE',''
  ) );
#15935 = PCURVE('',#15571,#15936);
#15936 = DEFINITIONAL_REPRESENTATION('',(#15937),#15941);
#15937 = LINE('',#15938,#15939);
#15938 = CARTESIAN_POINT('',(0.,5.715));
#15939 = VECTOR('',#15940,1.);
#15940 = DIRECTION('',(1.,0.));
#15941 = ( GEOMETRIC_REPRESENTATION_CONTEXT(2) 
PARAMETRIC_REPRESENTATION_CONTEXT() REPRESENTATION_CONTEXT('2D SPACE',''
  ) );
#15942 = ADVANCED_FACE('',(#15943),#15433,.T.);
#15943 = FACE_BOUND('',#15944,.T.);
#15944 = EDGE_LOOP('',(#15945,#15946,#15947,#15968));
#15945 = ORIENTED_EDGE('',*,*,#15419,.F.);
#15946 = ORIENTED_EDGE('',*,*,#15472,.T.);
#15947 = ORIENTED_EDGE('',*,*,#15948,.T.);
#15948 = EDGE_CURVE('',#15473,#15846,#15949,.T.);
#15949 = SURFACE_CURVE('',#15950,(#15954,#15961),.PCURVE_S1.);
#15950 = LINE('',#15951,#15952);
#15951 = CARTESIAN_POINT('',(-158.75,-323.85,218.44));
#15952 = VECTOR('',#15953,1.);
#15953 = DIRECTION('',(-0.,1.,0.));
#15954 = PCURVE('',#15433,#15955);
#15955 = DEFINITIONAL_REPRESENTATION('',(#15956),#15960);
#15956 = LINE('',#15957,#15958);
#15957 = CARTESIAN_POINT('',(38.1,0.));
#15958 = VECTOR('',#15959,1.);
#15959 = DIRECTION('',(0.,1.));
#15960 = ( GEOMETRIC_REPRESENTATION_CONTEXT(2) 
PARAMETRIC_REPRESENTATION_CONTEXT() REPRESENTATION_CONTEXT('2D SPACE',''
  ) );
#15961 = PCURVE('',#15509,#15962);
#15962 = DEFINITIONAL_REPRESENTATION('',(#15963),#15967);
#15963 = LINE('',#15964,#15965);
#15964 = CARTESIAN_POINT('',(100.965,0.));
#15965 = VECTOR('',#15966,1.);
#15966 = DIRECTION('',(0.,-1.));
#15967 = ( GEOMETRIC_REPRESENTATION_CONTEXT(2) 
PARAMETRIC_REPRESENTATION_CONTEXT() REPRESENTATION_CONTEXT('2D SPACE',''
  ) );
#15968 = ORIENTED_EDGE('',*,*,#15870,.F.);
#15969 = ADVANCED_FACE('',(#15970),#15509,.T.);
#15970 = FACE_BOUND('',#15971,.T.);
#15971 = EDGE_LOOP('',(#15972,#15973,#15974,#15975,#15976,#15977));
#15972 = ORIENTED_EDGE('',*,*,#15495,.F.);
#15973 = ORIENTED_EDGE('',*,*,#15587,.F.);
#15974 = ORIENTED_EDGE('',*,*,#15722,.T.);
#15975 = ORIENTED_EDGE('',*,*,#15768,.F.);
#15976 = ORIENTED_EDGE('',*,*,#15845,.T.);
#15977 = ORIENTED_EDGE('',*,*,#15948,.F.);
#15978 = ADVANCED_FACE('',(#15979),#15540,.F.);
#15979 = FACE_BOUND('',#15980,.F.);
#15980 = EDGE_LOOP('',(#15981,#15982,#16003,#16004));
#15981 = ORIENTED_EDGE('',*,*,#15893,.F.);
#15982 = ORIENTED_EDGE('',*,*,#15983,.F.);
#15983 = EDGE_CURVE('',#15524,#15894,#15984,.T.);
#15984 = SEAM_CURVE('',#15985,(#15989,#15996),.PCURVE_S1.);
#15985 = LINE('',#15986,#15987);
#15986 = CARTESIAN_POINT('',(-187.96,-326.39,213.3727));
#15987 = VECTOR('',#15988,1.);
#15988 = DIRECTION('',(0.,1.,0.));
#15989 = PCURVE('',#15540,#15990);
#15990 = DEFINITIONAL_REPRESENTATION('',(#15991),#15995);
#15991 = LINE('',#15992,#15993);
#15992 = CARTESIAN_POINT('',(6.28318530718,-0.));
#15993 = VECTOR('',#15994,1.);
#15994 = DIRECTION('',(0.,1.));
#15995 = ( GEOMETRIC_REPRESENTATION_CONTEXT(2) 
PARAMETRIC_REPRESENTATION_CONTEXT() REPRESENTATION_CONTEXT('2D SPACE',''
  ) );
#15996 = PCURVE('',#15540,#15997);
#15997 = DEFINITIONAL_REPRESENTATION('',(#15998),#16002);
#15998 = LINE('',#15999,#16000);
#15999 = CARTESIAN_POINT('',(0.,-0.));
#16000 = VECTOR('',#16001,1.);
#16001 = DIRECTION('',(0.,1.));
#16002 = ( GEOMETRIC_REPRESENTATION_CONTEXT(2) 
PARAMETRIC_REPRESENTATION_CONTEXT() REPRESENTATION_CONTEXT('2D SPACE',''
  ) );
#16003 = ORIENTED_EDGE('',*,*,#15523,.T.);
#16004 = ORIENTED_EDGE('',*,*,#15983,.T.);
#16005 = ADVANCED_FACE('',(#16006),#15571,.F.);
#16006 = FACE_BOUND('',#16007,.F.);
#16007 = EDGE_LOOP('',(#16008,#16009,#16030,#16031));
#16008 = ORIENTED_EDGE('',*,*,#15919,.F.);
#16009 = ORIENTED_EDGE('',*,*,#16010,.F.);
#16010 = EDGE_CURVE('',#15555,#15920,#16011,.T.);
#16011 = SEAM_CURVE('',#16012,(#16016,#16023),.PCURVE_S1.);
#16012 = LINE('',#16013,#16014);
#16013 = CARTESIAN_POINT('',(-167.64,-326.39,213.3727));
#16014 = VECTOR('',#16015,1.);
#16015 = DIRECTION('',(0.,1.,0.));
#16016 = PCURVE('',#15571,#16017);
#16017 = DEFINITIONAL_REPRESENTATION('',(#16018),#16022);
#16018 = LINE('',#16019,#16020);
#16019 = CARTESIAN_POINT('',(6.28318530718,-0.));
#16020 = VECTOR('',#16021,1.);
#16021 = DIRECTION('',(0.,1.));
#16022 = ( GEOMETRIC_REPRESENTATION_CONTEXT(2) 
PARAMETRIC_REPRESENTATION_CONTEXT() REPRESENTATION_CONTEXT('2D SPACE',''
  ) );
#16023 = PCURVE('',#15571,#16024);
#16024 = DEFINITIONAL_REPRESENTATION('',(#16025),#16029);
#16025 = LINE('',#16026,#16027);
#16026 = CARTESIAN_POINT('',(0.,-0.));
#16027 = VECTOR('',#16028,1.);
#16028 = DIRECTION('',(0.,1.));
#16029 = ( GEOMETRIC_REPRESENTATION_CONTEXT(2) 
PARAMETRIC_REPRESENTATION_CONTEXT() REPRESENTATION_CONTEXT('2D SPACE',''
  ) );
#16030 = ORIENTED_EDGE('',*,*,#15554,.T.);
#16031 = ORIENTED_EDGE('',*,*,#16010,.T.);
#16032 = ADVANCED_FACE('',(#16033),#15651,.F.);
#16033 = FACE_BOUND('',#16034,.F.);
#16034 = EDGE_LOOP('',(#16035,#16036,#16057,#16058));
#16035 = ORIENTED_EDGE('',*,*,#15792,.F.);
#16036 = ORIENTED_EDGE('',*,*,#16037,.F.);
#16037 = EDGE_CURVE('',#15635,#15793,#16038,.T.);
#16038 = SEAM_CURVE('',#16039,(#16043,#16050),.PCURVE_S1.);
#16039 = LINE('',#16040,#16041);
#16040 = CARTESIAN_POINT('',(-185.4073,-309.88,114.3));
#16041 = VECTOR('',#16042,1.);
#16042 = DIRECTION('',(0.,0.,1.));
#16043 = PCURVE('',#15651,#16044);
#16044 = DEFINITIONAL_REPRESENTATION('',(#16045),#16049);
#16045 = LINE('',#16046,#16047);
#16046 = CARTESIAN_POINT('',(6.28318530718,-0.));
#16047 = VECTOR('',#16048,1.);
#16048 = DIRECTION('',(0.,1.));
#16049 = ( GEOMETRIC_REPRESENTATION_CONTEXT(2) 
PARAMETRIC_REPRESENTATION_CONTEXT() REPRESENTATION_CONTEXT('2D SPACE',''
  ) );
#16050 = PCURVE('',#15651,#16051);
#16051 = DEFINITIONAL_REPRESENTATION('',(#16052),#16056);
#16052 = LINE('',#16053,#16054);
#16053 = CARTESIAN_POINT('',(0.,-0.));
#16054 = VECTOR('',#16055,1.);
#16055 = DIRECTION('',(0.,1.));
#16056 = ( GEOMETRIC_REPRESENTATION_CONTEXT(2) 
PARAMETRIC_REPRESENTATION_CONTEXT() REPRESENTATION_CONTEXT('2D SPACE',''
  ) );
#16057 = ORIENTED_EDGE('',*,*,#15634,.T.);
#16058 = ORIENTED_EDGE('',*,*,#16037,.T.);
#16059 = ADVANCED_FACE('',(#16060),#15682,.F.);
#16060 = FACE_BOUND('',#16061,.F.);
#16061 = EDGE_LOOP('',(#16062,#16063,#16084,#16085));
#16062 = ORIENTED_EDGE('',*,*,#15818,.F.);
#16063 = ORIENTED_EDGE('',*,*,#16064,.F.);
#16064 = EDGE_CURVE('',#15666,#15819,#16065,.T.);
#16065 = SEAM_CURVE('',#16066,(#16070,#16077),.PCURVE_S1.);
#16066 = LINE('',#16067,#16068);
#16067 = CARTESIAN_POINT('',(-165.0873,-309.88,114.3));
#16068 = VECTOR('',#16069,1.);
#16069 = DIRECTION('',(0.,0.,1.));
#16070 = PCURVE('',#15682,#16071);
#16071 = DEFINITIONAL_REPRESENTATION('',(#16072),#16076);
#16072 = LINE('',#16073,#16074);
#16073 = CARTESIAN_POINT('',(6.28318530718,-0.));
#16074 = VECTOR('',#16075,1.);
#16075 = DIRECTION('',(0.,1.));
#16076 = ( GEOMETRIC_REPRESENTATION_CONTEXT(2) 
PARAMETRIC_REPRESENTATION_CONTEXT() REPRESENTATION_CONTEXT('2D SPACE',''
  ) );
#16077 = PCURVE('',#15682,#16078);
#16078 = DEFINITIONAL_REPRESENTATION('',(#16079),#16083);
#16079 = LINE('',#16080,#16081);
#16080 = CARTESIAN_POINT('',(0.,-0.));
#16081 = VECTOR('',#16082,1.);
#16082 = DIRECTION('',(0.,1.));
#16083 = ( GEOMETRIC_REPRESENTATION_CONTEXT(2) 
PARAMETRIC_REPRESENTATION_CONTEXT() REPRESENTATION_CONTEXT('2D SPACE',''
  ) );
#16084 = ORIENTED_EDGE('',*,*,#15665,.T.);
#16085 = ORIENTED_EDGE('',*,*,#16064,.T.);
#16086 = ( GEOMETRIC_REPRESENTATION_CONTEXT(3) 
GLOBAL_UNCERTAINTY_ASSIGNED_CONTEXT((#16090)) 
GLOBAL_UNIT_ASSIGNED_CONTEXT((#16087,#16088,#16089)) 
REPRESENTATION_CONTEXT('Context #1',
  '3D Context with UNIT and UNCERTAINTY') );
#16087 = ( LENGTH_UNIT() NAMED_UNIT(*) SI_UNIT(.MILLI.,.METRE.) );
#16088 = ( NAMED_UNIT(*) PLANE_ANGLE_UNIT() SI_UNIT($,.RADIAN.) );
#16089 = ( NAMED_UNIT(*) SI_UNIT($,.STERADIAN.) SOLID_ANGLE_UNIT() );
#16090 = UNCERTAINTY_MEASURE_WITH_UNIT(LENGTH_MEASURE(1.E-07),#16087,
  'distance_accuracy_value','confusion accuracy');
#16091 = CONTEXT_DEPENDENT_SHAPE_REPRESENTATION(#16092,#16094);
#16092 = ( REPRESENTATION_RELATIONSHIP('','',#15265,#10) 
REPRESENTATION_RELATIONSHIP_WITH_TRANSFORMATION(#16093) 
SHAPE_REPRESENTATION_RELATIONSHIP() );
#16093 = ITEM_DEFINED_TRANSFORMATION('','',#11,#19);
#16094 = PRODUCT_DEFINITION_SHAPE('Placement','Placement of an item',
  #16095);
#16095 = NEXT_ASSEMBLY_USAGE_OCCURRENCE('29','E-002 upright 1','',#5,
  #15260,$);
#16096 = PRODUCT_RELATED_PRODUCT_CATEGORY('part',$,(#15262));
#16097 = SHAPE_DEFINITION_REPRESENTATION(#16098,#16104);
#16098 = PRODUCT_DEFINITION_SHAPE('','',#16099);
#16099 = PRODUCT_DEFINITION('design','',#16100,#16103);
#16100 = PRODUCT_DEFINITION_FORMATION('','',#16101);
#16101 = PRODUCT('E-002 upright 2','E-002 upright 2','',(#16102));
#16102 = PRODUCT_CONTEXT('',#2,'mechanical');
#16103 = PRODUCT_DEFINITION_CONTEXT('part definition',#2,'design');
#16104 = ADVANCED_BREP_SHAPE_REPRESENTATION('',(#11,#16105),#16925);
#16105 = MANIFOLD_SOLID_BREP('',#16106);
#16106 = CLOSED_SHELL('',(#16107,#16283,#16421,#16532,#16581,#16680,
    #16781,#16808,#16817,#16844,#16871,#16898));
#16107 = ADVANCED_FACE('',(#16108),#16122,.F.);
#16108 = FACE_BOUND('',#16109,.F.);
#16109 = EDGE_LOOP('',(#16110,#16145,#16173,#16201,#16229,#16257));
#16110 = ORIENTED_EDGE('',*,*,#16111,.F.);
#16111 = EDGE_CURVE('',#16112,#16114,#16116,.T.);
#16112 = VERTEX_POINT('',#16113);
#16113 = CARTESIAN_POINT('',(-82.55,-323.85,117.475));
#16114 = VERTEX_POINT('',#16115);
#16115 = CARTESIAN_POINT('',(-82.55,-323.85,218.44));
#16116 = SURFACE_CURVE('',#16117,(#16121,#16133),.PCURVE_S1.);
#16117 = LINE('',#16118,#16119);
#16118 = CARTESIAN_POINT('',(-82.55,-323.85,117.475));
#16119 = VECTOR('',#16120,1.);
#16120 = DIRECTION('',(0.,0.,1.));
#16121 = PCURVE('',#16122,#16127);
#16122 = PLANE('',#16123);
#16123 = AXIS2_PLACEMENT_3D('',#16124,#16125,#16126);
#16124 = CARTESIAN_POINT('',(-82.55,-323.85,117.475));
#16125 = DIRECTION('',(1.,0.,-0.));
#16126 = DIRECTION('',(0.,0.,1.));
#16127 = DEFINITIONAL_REPRESENTATION('',(#16128),#16132);
#16128 = LINE('',#16129,#16130);
#16129 = CARTESIAN_POINT('',(0.,0.));
#16130 = VECTOR('',#16131,1.);
#16131 = DIRECTION('',(1.,0.));
#16132 = ( GEOMETRIC_REPRESENTATION_CONTEXT(2) 
PARAMETRIC_REPRESENTATION_CONTEXT() REPRESENTATION_CONTEXT('2D SPACE',''
  ) );
#16133 = PCURVE('',#16134,#16139);
#16134 = PLANE('',#16135);
#16135 = AXIS2_PLACEMENT_3D('',#16136,#16137,#16138);
#16136 = CARTESIAN_POINT('',(-82.55,-323.85,117.475));
#16137 = DIRECTION('',(-0.,1.,0.));
#16138 = DIRECTION('',(0.,0.,1.));
#16139 = DEFINITIONAL_REPRESENTATION('',(#16140),#16144);
#16140 = LINE('',#16141,#16142);
#16141 = CARTESIAN_POINT('',(0.,0.));
#16142 = VECTOR('',#16143,1.);
#16143 = DIRECTION('',(1.,0.));
#16144 = ( GEOMETRIC_REPRESENTATION_CONTEXT(2) 
PARAMETRIC_REPRESENTATION_CONTEXT() REPRESENTATION_CONTEXT('2D SPACE',''
  ) );
#16145 = ORIENTED_EDGE('',*,*,#16146,.F.);
#16146 = EDGE_CURVE('',#16147,#16112,#16149,.T.);
#16147 = VERTEX_POINT('',#16148);
#16148 = CARTESIAN_POINT('',(-82.55,-298.45,117.475));
#16149 = SURFACE_CURVE('',#16150,(#16154,#16161),.PCURVE_S1.);
#16150 = LINE('',#16151,#16152);
#16151 = CARTESIAN_POINT('',(-82.55,-298.45,117.475));
#16152 = VECTOR('',#16153,1.);
#16153 = DIRECTION('',(0.,-1.,0.));
#16154 = PCURVE('',#16122,#16155);
#16155 = DEFINITIONAL_REPRESENTATION('',(#16156),#16160);
#16156 = LINE('',#16157,#16158);
#16157 = CARTESIAN_POINT('',(0.,-25.4));
#16158 = VECTOR('',#16159,1.);
#16159 = DIRECTION('',(0.,1.));
#16160 = ( GEOMETRIC_REPRESENTATION_CONTEXT(2) 
PARAMETRIC_REPRESENTATION_CONTEXT() REPRESENTATION_CONTEXT('2D SPACE',''
  ) );
#16161 = PCURVE('',#16162,#16167);
#16162 = PLANE('',#16163);
#16163 = AXIS2_PLACEMENT_3D('',#16164,#16165,#16166);
#16164 = CARTESIAN_POINT('',(-82.55,-323.85,117.475));
#16165 = DIRECTION('',(0.,0.,1.));
#16166 = DIRECTION('',(1.,0.,-0.));
#16167 = DEFINITIONAL_REPRESENTATION('',(#16168),#16172);
#16168 = LINE('',#16169,#16170);
#16169 = CARTESIAN_POINT('',(0.,25.4));
#16170 = VECTOR('',#16171,1.);
#16171 = DIRECTION('',(0.,-1.));
#16172 = ( GEOMETRIC_REPRESENTATION_CONTEXT(2) 
PARAMETRIC_REPRESENTATION_CONTEXT() REPRESENTATION_CONTEXT('2D SPACE',''
  ) );
#16173 = ORIENTED_EDGE('',*,*,#16174,.T.);
#16174 = EDGE_CURVE('',#16147,#16175,#16177,.T.);
#16175 = VERTEX_POINT('',#16176);
#16176 = CARTESIAN_POINT('',(-82.55,-298.45,120.65));
#16177 = SURFACE_CURVE('',#16178,(#16182,#16189),.PCURVE_S1.);
#16178 = LINE('',#16179,#16180);
#16179 = CARTESIAN_POINT('',(-82.55,-298.45,117.475));
#16180 = VECTOR('',#16181,1.);
#16181 = DIRECTION('',(0.,0.,1.));
#16182 = PCURVE('',#16122,#16183);
#16183 = DEFINITIONAL_REPRESENTATION('',(#16184),#16188);
#16184 = LINE('',#16185,#16186);
#16185 = CARTESIAN_POINT('',(0.,-25.4));
#16186 = VECTOR('',#16187,1.);
#16187 = DIRECTION('',(1.,0.));
#16188 = ( GEOMETRIC_REPRESENTATION_CONTEXT(2) 
PARAMETRIC_REPRESENTATION_CONTEXT() REPRESENTATION_CONTEXT('2D SPACE',''
  ) );
#16189 = PCURVE('',#16190,#16195);
#16190 = PLANE('',#16191);
#16191 = AXIS2_PLACEMENT_3D('',#16192,#16193,#16194);
#16192 = CARTESIAN_POINT('',(-82.55,-298.45,117.475));
#16193 = DIRECTION('',(-0.,1.,0.));
#16194 = DIRECTION('',(0.,0.,1.));
#16195 = DEFINITIONAL_REPRESENTATION('',(#16196),#16200);
#16196 = LINE('',#16197,#16198);
#16197 = CARTESIAN_POINT('',(0.,0.));
#16198 = VECTOR('',#16199,1.);
#16199 = DIRECTION('',(1.,0.));
#16200 = ( GEOMETRIC_REPRESENTATION_CONTEXT(2) 
PARAMETRIC_REPRESENTATION_CONTEXT() REPRESENTATION_CONTEXT('2D SPACE',''
  ) );
#16201 = ORIENTED_EDGE('',*,*,#16202,.F.);
#16202 = EDGE_CURVE('',#16203,#16175,#16205,.T.);
#16203 = VERTEX_POINT('',#16204);
#16204 = CARTESIAN_POINT('',(-82.55,-320.675,120.65));
#16205 = SURFACE_CURVE('',#16206,(#16210,#16217),.PCURVE_S1.);
#16206 = LINE('',#16207,#16208);
#16207 = CARTESIAN_POINT('',(-82.55,-323.85,120.65));
#16208 = VECTOR('',#16209,1.);
#16209 = DIRECTION('',(-0.,1.,0.));
#16210 = PCURVE('',#16122,#16211);
#16211 = DEFINITIONAL_REPRESENTATION('',(#16212),#16216);
#16212 = LINE('',#16213,#16214);
#16213 = CARTESIAN_POINT('',(3.175,0.));
#16214 = VECTOR('',#16215,1.);
#16215 = DIRECTION('',(0.,-1.));
#16216 = ( GEOMETRIC_REPRESENTATION_CONTEXT(2) 
PARAMETRIC_REPRESENTATION_CONTEXT() REPRESENTATION_CONTEXT('2D SPACE',''
  ) );
#16217 = PCURVE('',#16218,#16223);
#16218 = PLANE('',#16219);
#16219 = AXIS2_PLACEMENT_3D('',#16220,#16221,#16222);
#16220 = CARTESIAN_POINT('',(-82.55,-323.85,120.65));
#16221 = DIRECTION('',(0.,0.,1.));
#16222 = DIRECTION('',(1.,0.,-0.));
#16223 = DEFINITIONAL_REPRESENTATION('',(#16224),#16228);
#16224 = LINE('',#16225,#16226);
#16225 = CARTESIAN_POINT('',(0.,0.));
#16226 = VECTOR('',#16227,1.);
#16227 = DIRECTION('',(0.,1.));
#16228 = ( GEOMETRIC_REPRESENTATION_CONTEXT(2) 
PARAMETRIC_REPRESENTATION_CONTEXT() REPRESENTATION_CONTEXT('2D SPACE',''
  ) );
#16229 = ORIENTED_EDGE('',*,*,#16230,.T.);
#16230 = EDGE_CURVE('',#16203,#16231,#16233,.T.);
#16231 = VERTEX_POINT('',#16232);
#16232 = CARTESIAN_POINT('',(-82.55,-320.675,218.44));
#16233 = SURFACE_CURVE('',#16234,(#16238,#16245),.PCURVE_S1.);
#16234 = LINE('',#16235,#16236);
#16235 = CARTESIAN_POINT('',(-82.55,-320.675,117.475));
#16236 = VECTOR('',#16237,1.);
#16237 = DIRECTION('',(0.,0.,1.));
#16238 = PCURVE('',#16122,#16239);
#16239 = DEFINITIONAL_REPRESENTATION('',(#16240),#16244);
#16240 = LINE('',#16241,#16242);
#16241 = CARTESIAN_POINT('',(0.,-3.175));
#16242 = VECTOR('',#16243,1.);
#16243 = DIRECTION('',(1.,0.));
#16244 = ( GEOMETRIC_REPRESENTATION_CONTEXT(2) 
PARAMETRIC_REPRESENTATION_CONTEXT() REPRESENTATION_CONTEXT('2D SPACE',''
  ) );
#16245 = PCURVE('',#16246,#16251);
#16246 = PLANE('',#16247);
#16247 = AXIS2_PLACEMENT_3D('',#16248,#16249,#16250);
#16248 = CARTESIAN_POINT('',(-82.55,-320.675,117.475));
#16249 = DIRECTION('',(-0.,1.,0.));
#16250 = DIRECTION('',(0.,0.,1.));
#16251 = DEFINITIONAL_REPRESENTATION('',(#16252),#16256);
#16252 = LINE('',#16253,#16254);
#16253 = CARTESIAN_POINT('',(0.,0.));
#16254 = VECTOR('',#16255,1.);
#16255 = DIRECTION('',(1.,0.));
#16256 = ( GEOMETRIC_REPRESENTATION_CONTEXT(2) 
PARAMETRIC_REPRESENTATION_CONTEXT() REPRESENTATION_CONTEXT('2D SPACE',''
  ) );
#16257 = ORIENTED_EDGE('',*,*,#16258,.F.);
#16258 = EDGE_CURVE('',#16114,#16231,#16259,.T.);
#16259 = SURFACE_CURVE('',#16260,(#16264,#16271),.PCURVE_S1.);
#16260 = LINE('',#16261,#16262);
#16261 = CARTESIAN_POINT('',(-82.55,-323.85,218.44));
#16262 = VECTOR('',#16263,1.);
#16263 = DIRECTION('',(-0.,1.,0.));
#16264 = PCURVE('',#16122,#16265);
#16265 = DEFINITIONAL_REPRESENTATION('',(#16266),#16270);
#16266 = LINE('',#16267,#16268);
#16267 = CARTESIAN_POINT('',(100.965,0.));
#16268 = VECTOR('',#16269,1.);
#16269 = DIRECTION('',(0.,-1.));
#16270 = ( GEOMETRIC_REPRESENTATION_CONTEXT(2) 
PARAMETRIC_REPRESENTATION_CONTEXT() REPRESENTATION_CONTEXT('2D SPACE',''
  ) );
#16271 = PCURVE('',#16272,#16277);
#16272 = PLANE('',#16273);
#16273 = AXIS2_PLACEMENT_3D('',#16274,#16275,#16276);
#16274 = CARTESIAN_POINT('',(-82.55,-323.85,218.44));
#16275 = DIRECTION('',(0.,0.,1.));
#16276 = DIRECTION('',(1.,0.,-0.));
#16277 = DEFINITIONAL_REPRESENTATION('',(#16278),#16282);
#16278 = LINE('',#16279,#16280);
#16279 = CARTESIAN_POINT('',(0.,0.));
#16280 = VECTOR('',#16281,1.);
#16281 = DIRECTION('',(0.,1.));
#16282 = ( GEOMETRIC_REPRESENTATION_CONTEXT(2) 
PARAMETRIC_REPRESENTATION_CONTEXT() REPRESENTATION_CONTEXT('2D SPACE',''
  ) );
#16283 = ADVANCED_FACE('',(#16284,#16359,#16390),#16134,.F.);
#16284 = FACE_BOUND('',#16285,.F.);
#16285 = EDGE_LOOP('',(#16286,#16309,#16310,#16333));
#16286 = ORIENTED_EDGE('',*,*,#16287,.F.);
#16287 = EDGE_CURVE('',#16112,#16288,#16290,.T.);
#16288 = VERTEX_POINT('',#16289);
#16289 = CARTESIAN_POINT('',(-44.45,-323.85,117.475));
#16290 = SURFACE_CURVE('',#16291,(#16295,#16302),.PCURVE_S1.);
#16291 = LINE('',#16292,#16293);
#16292 = CARTESIAN_POINT('',(-82.55,-323.85,117.475));
#16293 = VECTOR('',#16294,1.);
#16294 = DIRECTION('',(1.,0.,-0.));
#16295 = PCURVE('',#16134,#16296);
#16296 = DEFINITIONAL_REPRESENTATION('',(#16297),#16301);
#16297 = LINE('',#16298,#16299);
#16298 = CARTESIAN_POINT('',(0.,0.));
#16299 = VECTOR('',#16300,1.);
#16300 = DIRECTION('',(0.,1.));
#16301 = ( GEOMETRIC_REPRESENTATION_CONTEXT(2) 
PARAMETRIC_REPRESENTATION_CONTEXT() REPRESENTATION_CONTEXT('2D SPACE',''
  ) );
#16302 = PCURVE('',#16162,#16303);
#16303 = DEFINITIONAL_REPRESENTATION('',(#16304),#16308);
#16304 = LINE('',#16305,#16306);
#16305 = CARTESIAN_POINT('',(0.,0.));
#16306 = VECTOR('',#16307,1.);
#16307 = DIRECTION('',(1.,0.));
#16308 = ( GEOMETRIC_REPRESENTATION_CONTEXT(2) 
PARAMETRIC_REPRESENTATION_CONTEXT() REPRESENTATION_CONTEXT('2D SPACE',''
  ) );
#16309 = ORIENTED_EDGE('',*,*,#16111,.T.);
#16310 = ORIENTED_EDGE('',*,*,#16311,.T.);
#16311 = EDGE_CURVE('',#16114,#16312,#16314,.T.);
#16312 = VERTEX_POINT('',#16313);
#16313 = CARTESIAN_POINT('',(-44.45,-323.85,218.44));
#16314 = SURFACE_CURVE('',#16315,(#16319,#16326),.PCURVE_S1.);
#16315 = LINE('',#16316,#16317);
#16316 = CARTESIAN_POINT('',(-82.55,-323.85,218.44));
#16317 = VECTOR('',#16318,1.);
#16318 = DIRECTION('',(1.,0.,-0.));
#16319 = PCURVE('',#16134,#16320);
#16320 = DEFINITIONAL_REPRESENTATION('',(#16321),#16325);
#16321 = LINE('',#16322,#16323);
#16322 = CARTESIAN_POINT('',(100.965,0.));
#16323 = VECTOR('',#16324,1.);
#16324 = DIRECTION('',(0.,1.));
#16325 = ( GEOMETRIC_REPRESENTATION_CONTEXT(2) 
PARAMETRIC_REPRESENTATION_CONTEXT() REPRESENTATION_CONTEXT('2D SPACE',''
  ) );
#16326 = PCURVE('',#16272,#16327);
#16327 = DEFINITIONAL_REPRESENTATION('',(#16328),#16332);
#16328 = LINE('',#16329,#16330);
#16329 = CARTESIAN_POINT('',(0.,0.));
#16330 = VECTOR('',#16331,1.);
#16331 = DIRECTION('',(1.,0.));
#16332 = ( GEOMETRIC_REPRESENTATION_CONTEXT(2) 
PARAMETRIC_REPRESENTATION_CONTEXT() REPRESENTATION_CONTEXT('2D SPACE',''
  ) );
#16333 = ORIENTED_EDGE('',*,*,#16334,.F.);
#16334 = EDGE_CURVE('',#16288,#16312,#16335,.T.);
#16335 = SURFACE_CURVE('',#16336,(#16340,#16347),.PCURVE_S1.);
#16336 = LINE('',#16337,#16338);
#16337 = CARTESIAN_POINT('',(-44.45,-323.85,117.475));
#16338 = VECTOR('',#16339,1.);
#16339 = DIRECTION('',(0.,0.,1.));
#16340 = PCURVE('',#16134,#16341);
#16341 = DEFINITIONAL_REPRESENTATION('',(#16342),#16346);
#16342 = LINE('',#16343,#16344);
#16343 = CARTESIAN_POINT('',(0.,38.1));
#16344 = VECTOR('',#16345,1.);
#16345 = DIRECTION('',(1.,0.));
#16346 = ( GEOMETRIC_REPRESENTATION_CONTEXT(2) 
PARAMETRIC_REPRESENTATION_CONTEXT() REPRESENTATION_CONTEXT('2D SPACE',''
  ) );
#16347 = PCURVE('',#16348,#16353);
#16348 = PLANE('',#16349);
#16349 = AXIS2_PLACEMENT_3D('',#16350,#16351,#16352);
#16350 = CARTESIAN_POINT('',(-44.45,-323.85,117.475));
#16351 = DIRECTION('',(1.,0.,-0.));
#16352 = DIRECTION('',(0.,0.,1.));
#16353 = DEFINITIONAL_REPRESENTATION('',(#16354),#16358);
#16354 = LINE('',#16355,#16356);
#16355 = CARTESIAN_POINT('',(0.,0.));
#16356 = VECTOR('',#16357,1.);
#16357 = DIRECTION('',(1.,0.));
#16358 = ( GEOMETRIC_REPRESENTATION_CONTEXT(2) 
PARAMETRIC_REPRESENTATION_CONTEXT() REPRESENTATION_CONTEXT('2D SPACE',''
  ) );
#16359 = FACE_BOUND('',#16360,.F.);
#16360 = EDGE_LOOP('',(#16361));
#16361 = ORIENTED_EDGE('',*,*,#16362,.F.);
#16362 = EDGE_CURVE('',#16363,#16363,#16365,.T.);
#16363 = VERTEX_POINT('',#16364);
#16364 = CARTESIAN_POINT('',(-73.66,-323.85,213.3727));
#16365 = SURFACE_CURVE('',#16366,(#16371,#16378),.PCURVE_S1.);
#16366 = CIRCLE('',#16367,2.5527);
#16367 = AXIS2_PLACEMENT_3D('',#16368,#16369,#16370);
#16368 = CARTESIAN_POINT('',(-73.66,-323.85,210.82));
#16369 = DIRECTION('',(0.,1.,0.));
#16370 = DIRECTION('',(0.,-0.,1.));
#16371 = PCURVE('',#16134,#16372);
#16372 = DEFINITIONAL_REPRESENTATION('',(#16373),#16377);
#16373 = CIRCLE('',#16374,2.5527);
#16374 = AXIS2_PLACEMENT_2D('',#16375,#16376);
#16375 = CARTESIAN_POINT('',(93.345,8.89));
#16376 = DIRECTION('',(1.,0.));
#16377 = ( GEOMETRIC_REPRESENTATION_CONTEXT(2) 
PARAMETRIC_REPRESENTATION_CONTEXT() REPRESENTATION_CONTEXT('2D SPACE',''
  ) );
#16378 = PCURVE('',#16379,#16384);
#16379 = CYLINDRICAL_SURFACE('',#16380,2.5527);
#16380 = AXIS2_PLACEMENT_3D('',#16381,#16382,#16383);
#16381 = CARTESIAN_POINT('',(-73.66,-326.39,210.82));
#16382 = DIRECTION('',(0.,1.,0.));
#16383 = DIRECTION('',(0.,-0.,1.));
#16384 = DEFINITIONAL_REPRESENTATION('',(#16385),#16389);
#16385 = LINE('',#16386,#16387);
#16386 = CARTESIAN_POINT('',(0.,2.54));
#16387 = VECTOR('',#16388,1.);
#16388 = DIRECTION('',(1.,0.));
#16389 = ( GEOMETRIC_REPRESENTATION_CONTEXT(2) 
PARAMETRIC_REPRESENTATION_CONTEXT() REPRESENTATION_CONTEXT('2D SPACE',''
  ) );
#16390 = FACE_BOUND('',#16391,.F.);
#16391 = EDGE_LOOP('',(#16392));
#16392 = ORIENTED_EDGE('',*,*,#16393,.F.);
#16393 = EDGE_CURVE('',#16394,#16394,#16396,.T.);
#16394 = VERTEX_POINT('',#16395);
#16395 = CARTESIAN_POINT('',(-53.34,-323.85,213.3727));
#16396 = SURFACE_CURVE('',#16397,(#16402,#16409),.PCURVE_S1.);
#16397 = CIRCLE('',#16398,2.5527);
#16398 = AXIS2_PLACEMENT_3D('',#16399,#16400,#16401);
#16399 = CARTESIAN_POINT('',(-53.34,-323.85,210.82));
#16400 = DIRECTION('',(0.,1.,0.));
#16401 = DIRECTION('',(0.,-0.,1.));
#16402 = PCURVE('',#16134,#16403);
#16403 = DEFINITIONAL_REPRESENTATION('',(#16404),#16408);
#16404 = CIRCLE('',#16405,2.5527);
#16405 = AXIS2_PLACEMENT_2D('',#16406,#16407);
#16406 = CARTESIAN_POINT('',(93.345,29.21));
#16407 = DIRECTION('',(1.,0.));
#16408 = ( GEOMETRIC_REPRESENTATION_CONTEXT(2) 
PARAMETRIC_REPRESENTATION_CONTEXT() REPRESENTATION_CONTEXT('2D SPACE',''
  ) );
#16409 = PCURVE('',#16410,#16415);
#16410 = CYLINDRICAL_SURFACE('',#16411,2.5527);
#16411 = AXIS2_PLACEMENT_3D('',#16412,#16413,#16414);
#16412 = CARTESIAN_POINT('',(-53.34,-326.39,210.82));
#16413 = DIRECTION('',(0.,1.,0.));
#16414 = DIRECTION('',(0.,-0.,1.));
#16415 = DEFINITIONAL_REPRESENTATION('',(#16416),#16420);
#16416 = LINE('',#16417,#16418);
#16417 = CARTESIAN_POINT('',(0.,2.54));
#16418 = VECTOR('',#16419,1.);
#16419 = DIRECTION('',(1.,0.));
#16420 = ( GEOMETRIC_REPRESENTATION_CONTEXT(2) 
PARAMETRIC_REPRESENTATION_CONTEXT() REPRESENTATION_CONTEXT('2D SPACE',''
  ) );
#16421 = ADVANCED_FACE('',(#16422,#16470,#16501),#16162,.F.);
#16422 = FACE_BOUND('',#16423,.F.);
#16423 = EDGE_LOOP('',(#16424,#16425,#16448,#16469));
#16424 = ORIENTED_EDGE('',*,*,#16287,.T.);
#16425 = ORIENTED_EDGE('',*,*,#16426,.F.);
#16426 = EDGE_CURVE('',#16427,#16288,#16429,.T.);
#16427 = VERTEX_POINT('',#16428);
#16428 = CARTESIAN_POINT('',(-44.45,-298.45,117.475));
#16429 = SURFACE_CURVE('',#16430,(#16434,#16441),.PCURVE_S1.);
#16430 = LINE('',#16431,#16432);
#16431 = CARTESIAN_POINT('',(-44.45,-298.45,117.475));
#16432 = VECTOR('',#16433,1.);
#16433 = DIRECTION('',(0.,-1.,0.));
#16434 = PCURVE('',#16162,#16435);
#16435 = DEFINITIONAL_REPRESENTATION('',(#16436),#16440);
#16436 = LINE('',#16437,#16438);
#16437 = CARTESIAN_POINT('',(38.1,25.4));
#16438 = VECTOR('',#16439,1.);
#16439 = DIRECTION('',(0.,-1.));
#16440 = ( GEOMETRIC_REPRESENTATION_CONTEXT(2) 
PARAMETRIC_REPRESENTATION_CONTEXT() REPRESENTATION_CONTEXT('2D SPACE',''
  ) );
#16441 = PCURVE('',#16348,#16442);
#16442 = DEFINITIONAL_REPRESENTATION('',(#16443),#16447);
#16443 = LINE('',#16444,#16445);
#16444 = CARTESIAN_POINT('',(0.,-25.4));
#16445 = VECTOR('',#16446,1.);
#16446 = DIRECTION('',(0.,1.));
#16447 = ( GEOMETRIC_REPRESENTATION_CONTEXT(2) 
PARAMETRIC_REPRESENTATION_CONTEXT() REPRESENTATION_CONTEXT('2D SPACE',''
  ) );
#16448 = ORIENTED_EDGE('',*,*,#16449,.F.);
#16449 = EDGE_CURVE('',#16147,#16427,#16450,.T.);
#16450 = SURFACE_CURVE('',#16451,(#16455,#16462),.PCURVE_S1.);
#16451 = LINE('',#16452,#16453);
#16452 = CARTESIAN_POINT('',(-82.55,-298.45,117.475));
#16453 = VECTOR('',#16454,1.);
#16454 = DIRECTION('',(1.,0.,-0.));
#16455 = PCURVE('',#16162,#16456);
#16456 = DEFINITIONAL_REPRESENTATION('',(#16457),#16461);
#16457 = LINE('',#16458,#16459);
#16458 = CARTESIAN_POINT('',(0.,25.4));
#16459 = VECTOR('',#16460,1.);
#16460 = DIRECTION('',(1.,0.));
#16461 = ( GEOMETRIC_REPRESENTATION_CONTEXT(2) 
PARAMETRIC_REPRESENTATION_CONTEXT() REPRESENTATION_CONTEXT('2D SPACE',''
  ) );
#16462 = PCURVE('',#16190,#16463);
#16463 = DEFINITIONAL_REPRESENTATION('',(#16464),#16468);
#16464 = LINE('',#16465,#16466);
#16465 = CARTESIAN_POINT('',(0.,0.));
#16466 = VECTOR('',#16467,1.);
#16467 = DIRECTION('',(0.,1.));
#16468 = ( GEOMETRIC_REPRESENTATION_CONTEXT(2) 
PARAMETRIC_REPRESENTATION_CONTEXT() REPRESENTATION_CONTEXT('2D SPACE',''
  ) );
#16469 = ORIENTED_EDGE('',*,*,#16146,.T.);
#16470 = FACE_BOUND('',#16471,.F.);
#16471 = EDGE_LOOP('',(#16472));
#16472 = ORIENTED_EDGE('',*,*,#16473,.F.);
#16473 = EDGE_CURVE('',#16474,#16474,#16476,.T.);
#16474 = VERTEX_POINT('',#16475);
#16475 = CARTESIAN_POINT('',(-71.1073,-309.88,117.475));
#16476 = SURFACE_CURVE('',#16477,(#16482,#16489),.PCURVE_S1.);
#16477 = CIRCLE('',#16478,2.5527);
#16478 = AXIS2_PLACEMENT_3D('',#16479,#16480,#16481);
#16479 = CARTESIAN_POINT('',(-73.66,-309.88,117.475));
#16480 = DIRECTION('',(0.,0.,1.));
#16481 = DIRECTION('',(1.,0.,-0.));
#16482 = PCURVE('',#16162,#16483);
#16483 = DEFINITIONAL_REPRESENTATION('',(#16484),#16488);
#16484 = CIRCLE('',#16485,2.5527);
#16485 = AXIS2_PLACEMENT_2D('',#16486,#16487);
#16486 = CARTESIAN_POINT('',(8.89,13.97));
#16487 = DIRECTION('',(1.,0.));
#16488 = ( GEOMETRIC_REPRESENTATION_CONTEXT(2) 
PARAMETRIC_REPRESENTATION_CONTEXT() REPRESENTATION_CONTEXT('2D SPACE',''
  ) );
#16489 = PCURVE('',#16490,#16495);
#16490 = CYLINDRICAL_SURFACE('',#16491,2.5527);
#16491 = AXIS2_PLACEMENT_3D('',#16492,#16493,#16494);
#16492 = CARTESIAN_POINT('',(-73.66,-309.88,114.3));
#16493 = DIRECTION('',(0.,0.,1.));
#16494 = DIRECTION('',(1.,0.,-0.));
#16495 = DEFINITIONAL_REPRESENTATION('',(#16496),#16500);
#16496 = LINE('',#16497,#16498);
#16497 = CARTESIAN_POINT('',(0.,3.175));
#16498 = VECTOR('',#16499,1.);
#16499 = DIRECTION('',(1.,0.));
#16500 = ( GEOMETRIC_REPRESENTATION_CONTEXT(2) 
PARAMETRIC_REPRESENTATION_CONTEXT() REPRESENTATION_CONTEXT('2D SPACE',''
  ) );
#16501 = FACE_BOUND('',#16502,.F.);
#16502 = EDGE_LOOP('',(#16503));
#16503 = ORIENTED_EDGE('',*,*,#16504,.F.);
#16504 = EDGE_CURVE('',#16505,#16505,#16507,.T.);
#16505 = VERTEX_POINT('',#16506);
#16506 = CARTESIAN_POINT('',(-50.7873,-309.88,117.475));
#16507 = SURFACE_CURVE('',#16508,(#16513,#16520),.PCURVE_S1.);
#16508 = CIRCLE('',#16509,2.5527);
#16509 = AXIS2_PLACEMENT_3D('',#16510,#16511,#16512);
#16510 = CARTESIAN_POINT('',(-53.34,-309.88,117.475));
#16511 = DIRECTION('',(0.,0.,1.));
#16512 = DIRECTION('',(1.,0.,-0.));
#16513 = PCURVE('',#16162,#16514);
#16514 = DEFINITIONAL_REPRESENTATION('',(#16515),#16519);
#16515 = CIRCLE('',#16516,2.5527);
#16516 = AXIS2_PLACEMENT_2D('',#16517,#16518);
#16517 = CARTESIAN_POINT('',(29.21,13.97));
#16518 = DIRECTION('',(1.,0.));
#16519 = ( GEOMETRIC_REPRESENTATION_CONTEXT(2) 
PARAMETRIC_REPRESENTATION_CONTEXT() REPRESENTATION_CONTEXT('2D SPACE',''
  ) );
#16520 = PCURVE('',#16521,#16526);
#16521 = CYLINDRICAL_SURFACE('',#16522,2.5527);
#16522 = AXIS2_PLACEMENT_3D('',#16523,#16524,#16525);
#16523 = CARTESIAN_POINT('',(-53.34,-309.88,114.3));
#16524 = DIRECTION('',(0.,0.,1.));
#16525 = DIRECTION('',(1.,0.,-0.));
#16526 = DEFINITIONAL_REPRESENTATION('',(#16527),#16531);
#16527 = LINE('',#16528,#16529);
#16528 = CARTESIAN_POINT('',(0.,3.175));
#16529 = VECTOR('',#16530,1.);
#16530 = DIRECTION('',(1.,0.));
#16531 = ( GEOMETRIC_REPRESENTATION_CONTEXT(2) 
PARAMETRIC_REPRESENTATION_CONTEXT() REPRESENTATION_CONTEXT('2D SPACE',''
  ) );
#16532 = ADVANCED_FACE('',(#16533),#16190,.T.);
#16533 = FACE_BOUND('',#16534,.T.);
#16534 = EDGE_LOOP('',(#16535,#16536,#16537,#16560));
#16535 = ORIENTED_EDGE('',*,*,#16449,.F.);
#16536 = ORIENTED_EDGE('',*,*,#16174,.T.);
#16537 = ORIENTED_EDGE('',*,*,#16538,.T.);
#16538 = EDGE_CURVE('',#16175,#16539,#16541,.T.);
#16539 = VERTEX_POINT('',#16540);
#16540 = CARTESIAN_POINT('',(-44.45,-298.45,120.65));
#16541 = SURFACE_CURVE('',#16542,(#16546,#16553),.PCURVE_S1.);
#16542 = LINE('',#16543,#16544);
#16543 = CARTESIAN_POINT('',(-82.55,-298.45,120.65));
#16544 = VECTOR('',#16545,1.);
#16545 = DIRECTION('',(1.,0.,-0.));
#16546 = PCURVE('',#16190,#16547);
#16547 = DEFINITIONAL_REPRESENTATION('',(#16548),#16552);
#16548 = LINE('',#16549,#16550);
#16549 = CARTESIAN_POINT('',(3.175,0.));
#16550 = VECTOR('',#16551,1.);
#16551 = DIRECTION('',(0.,1.));
#16552 = ( GEOMETRIC_REPRESENTATION_CONTEXT(2) 
PARAMETRIC_REPRESENTATION_CONTEXT() REPRESENTATION_CONTEXT('2D SPACE',''
  ) );
#16553 = PCURVE('',#16218,#16554);
#16554 = DEFINITIONAL_REPRESENTATION('',(#16555),#16559);
#16555 = LINE('',#16556,#16557);
#16556 = CARTESIAN_POINT('',(0.,25.4));
#16557 = VECTOR('',#16558,1.);
#16558 = DIRECTION('',(1.,0.));
#16559 = ( GEOMETRIC_REPRESENTATION_CONTEXT(2) 
PARAMETRIC_REPRESENTATION_CONTEXT() REPRESENTATION_CONTEXT('2D SPACE',''
  ) );
#16560 = ORIENTED_EDGE('',*,*,#16561,.F.);
#16561 = EDGE_CURVE('',#16427,#16539,#16562,.T.);
#16562 = SURFACE_CURVE('',#16563,(#16567,#16574),.PCURVE_S1.);
#16563 = LINE('',#16564,#16565);
#16564 = CARTESIAN_POINT('',(-44.45,-298.45,117.475));
#16565 = VECTOR('',#16566,1.);
#16566 = DIRECTION('',(0.,0.,1.));
#16567 = PCURVE('',#16190,#16568);
#16568 = DEFINITIONAL_REPRESENTATION('',(#16569),#16573);
#16569 = LINE('',#16570,#16571);
#16570 = CARTESIAN_POINT('',(0.,38.1));
#16571 = VECTOR('',#16572,1.);
#16572 = DIRECTION('',(1.,0.));
#16573 = ( GEOMETRIC_REPRESENTATION_CONTEXT(2) 
PARAMETRIC_REPRESENTATION_CONTEXT() REPRESENTATION_CONTEXT('2D SPACE',''
  ) );
#16574 = PCURVE('',#16348,#16575);
#16575 = DEFINITIONAL_REPRESENTATION('',(#16576),#16580);
#16576 = LINE('',#16577,#16578);
#16577 = CARTESIAN_POINT('',(0.,-25.4));
#16578 = VECTOR('',#16579,1.);
#16579 = DIRECTION('',(1.,0.));
#16580 = ( GEOMETRIC_REPRESENTATION_CONTEXT(2) 
PARAMETRIC_REPRESENTATION_CONTEXT() REPRESENTATION_CONTEXT('2D SPACE',''
  ) );
#16581 = ADVANCED_FACE('',(#16582,#16628,#16654),#16218,.T.);
#16582 = FACE_BOUND('',#16583,.T.);
#16583 = EDGE_LOOP('',(#16584,#16585,#16606,#16627));
#16584 = ORIENTED_EDGE('',*,*,#16202,.F.);
#16585 = ORIENTED_EDGE('',*,*,#16586,.T.);
#16586 = EDGE_CURVE('',#16203,#16587,#16589,.T.);
#16587 = VERTEX_POINT('',#16588);
#16588 = CARTESIAN_POINT('',(-44.45,-320.675,120.65));
#16589 = SURFACE_CURVE('',#16590,(#16594,#16600),.PCURVE_S1.);
#16590 = LINE('',#16591,#16592);
#16591 = CARTESIAN_POINT('',(-82.55,-320.675,120.65));
#16592 = VECTOR('',#16593,1.);
#16593 = DIRECTION('',(1.,0.,-0.));
#16594 = PCURVE('',#16218,#16595);
#16595 = DEFINITIONAL_REPRESENTATION('',(#16596),#16599);
#16596 = B_SPLINE_CURVE_WITH_KNOTS('',1,(#16597,#16598),.UNSPECIFIED.,
  .F.,.F.,(2,2),(0.,38.1),.PIECEWISE_BEZIER_KNOTS.);
#16597 = CARTESIAN_POINT('',(0.,3.175));
#16598 = CARTESIAN_POINT('',(38.1,3.175));
#16599 = ( GEOMETRIC_REPRESENTATION_CONTEXT(2) 
PARAMETRIC_REPRESENTATION_CONTEXT() REPRESENTATION_CONTEXT('2D SPACE',''
  ) );
#16600 = PCURVE('',#16246,#16601);
#16601 = DEFINITIONAL_REPRESENTATION('',(#16602),#16605);
#16602 = B_SPLINE_CURVE_WITH_KNOTS('',1,(#16603,#16604),.UNSPECIFIED.,
  .F.,.F.,(2,2),(0.,38.1),.PIECEWISE_BEZIER_KNOTS.);
#16603 = CARTESIAN_POINT('',(3.175,0.));
#16604 = CARTESIAN_POINT('',(3.175,38.1));
#16605 = ( GEOMETRIC_REPRESENTATION_CONTEXT(2) 
PARAMETRIC_REPRESENTATION_CONTEXT() REPRESENTATION_CONTEXT('2D SPACE',''
  ) );
#16606 = ORIENTED_EDGE('',*,*,#16607,.T.);
#16607 = EDGE_CURVE('',#16587,#16539,#16608,.T.);
#16608 = SURFACE_CURVE('',#16609,(#16613,#16620),.PCURVE_S1.);
#16609 = LINE('',#16610,#16611);
#16610 = CARTESIAN_POINT('',(-44.45,-323.85,120.65));
#16611 = VECTOR('',#16612,1.);
#16612 = DIRECTION('',(-0.,1.,0.));
#16613 = PCURVE('',#16218,#16614);
#16614 = DEFINITIONAL_REPRESENTATION('',(#16615),#16619);
#16615 = LINE('',#16616,#16617);
#16616 = CARTESIAN_POINT('',(38.1,0.));
#16617 = VECTOR('',#16618,1.);
#16618 = DIRECTION('',(0.,1.));
#16619 = ( GEOMETRIC_REPRESENTATION_CONTEXT(2) 
PARAMETRIC_REPRESENTATION_CONTEXT() REPRESENTATION_CONTEXT('2D SPACE',''
  ) );
#16620 = PCURVE('',#16348,#16621);
#16621 = DEFINITIONAL_REPRESENTATION('',(#16622),#16626);
#16622 = LINE('',#16623,#16624);
#16623 = CARTESIAN_POINT('',(3.175,0.));
#16624 = VECTOR('',#16625,1.);
#16625 = DIRECTION('',(0.,-1.));
#16626 = ( GEOMETRIC_REPRESENTATION_CONTEXT(2) 
PARAMETRIC_REPRESENTATION_CONTEXT() REPRESENTATION_CONTEXT('2D SPACE',''
  ) );
#16627 = ORIENTED_EDGE('',*,*,#16538,.F.);
#16628 = FACE_BOUND('',#16629,.T.);
#16629 = EDGE_LOOP('',(#16630));
#16630 = ORIENTED_EDGE('',*,*,#16631,.F.);
#16631 = EDGE_CURVE('',#16632,#16632,#16634,.T.);
#16632 = VERTEX_POINT('',#16633);
#16633 = CARTESIAN_POINT('',(-71.1073,-309.88,120.65));
#16634 = SURFACE_CURVE('',#16635,(#16640,#16647),.PCURVE_S1.);
#16635 = CIRCLE('',#16636,2.5527);
#16636 = AXIS2_PLACEMENT_3D('',#16637,#16638,#16639);
#16637 = CARTESIAN_POINT('',(-73.66,-309.88,120.65));
#16638 = DIRECTION('',(0.,0.,1.));
#16639 = DIRECTION('',(1.,0.,-0.));
#16640 = PCURVE('',#16218,#16641);
#16641 = DEFINITIONAL_REPRESENTATION('',(#16642),#16646);
#16642 = CIRCLE('',#16643,2.5527);
#16643 = AXIS2_PLACEMENT_2D('',#16644,#16645);
#16644 = CARTESIAN_POINT('',(8.89,13.97));
#16645 = DIRECTION('',(1.,0.));
#16646 = ( GEOMETRIC_REPRESENTATION_CONTEXT(2) 
PARAMETRIC_REPRESENTATION_CONTEXT() REPRESENTATION_CONTEXT('2D SPACE',''
  ) );
#16647 = PCURVE('',#16490,#16648);
#16648 = DEFINITIONAL_REPRESENTATION('',(#16649),#16653);
#16649 = LINE('',#16650,#16651);
#16650 = CARTESIAN_POINT('',(0.,6.35));
#16651 = VECTOR('',#16652,1.);
#16652 = DIRECTION('',(1.,0.));
#16653 = ( GEOMETRIC_REPRESENTATION_CONTEXT(2) 
PARAMETRIC_REPRESENTATION_CONTEXT() REPRESENTATION_CONTEXT('2D SPACE',''
  ) );
#16654 = FACE_BOUND('',#16655,.T.);
#16655 = EDGE_LOOP('',(#16656));
#16656 = ORIENTED_EDGE('',*,*,#16657,.F.);
#16657 = EDGE_CURVE('',#16658,#16658,#16660,.T.);
#16658 = VERTEX_POINT('',#16659);
#16659 = CARTESIAN_POINT('',(-50.7873,-309.88,120.65));
#16660 = SURFACE_CURVE('',#16661,(#16666,#16673),.PCURVE_S1.);
#16661 = CIRCLE('',#16662,2.5527);
#16662 = AXIS2_PLACEMENT_3D('',#16663,#16664,#16665);
#16663 = CARTESIAN_POINT('',(-53.34,-309.88,120.65));
#16664 = DIRECTION('',(0.,0.,1.));
#16665 = DIRECTION('',(1.,0.,-0.));
#16666 = PCURVE('',#16218,#16667);
#16667 = DEFINITIONAL_REPRESENTATION('',(#16668),#16672);
#16668 = CIRCLE('',#16669,2.5527);
#16669 = AXIS2_PLACEMENT_2D('',#16670,#16671);
#16670 = CARTESIAN_POINT('',(29.21,13.97));
#16671 = DIRECTION('',(1.,0.));
#16672 = ( GEOMETRIC_REPRESENTATION_CONTEXT(2) 
PARAMETRIC_REPRESENTATION_CONTEXT() REPRESENTATION_CONTEXT('2D SPACE',''
  ) );
#16673 = PCURVE('',#16521,#16674);
#16674 = DEFINITIONAL_REPRESENTATION('',(#16675),#16679);
#16675 = LINE('',#16676,#16677);
#16676 = CARTESIAN_POINT('',(0.,6.35));
#16677 = VECTOR('',#16678,1.);
#16678 = DIRECTION('',(1.,0.));
#16679 = ( GEOMETRIC_REPRESENTATION_CONTEXT(2) 
PARAMETRIC_REPRESENTATION_CONTEXT() REPRESENTATION_CONTEXT('2D SPACE',''
  ) );
#16680 = ADVANCED_FACE('',(#16681,#16729,#16755),#16246,.T.);
#16681 = FACE_BOUND('',#16682,.T.);
#16682 = EDGE_LOOP('',(#16683,#16706,#16707,#16708));
#16683 = ORIENTED_EDGE('',*,*,#16684,.F.);
#16684 = EDGE_CURVE('',#16587,#16685,#16687,.T.);
#16685 = VERTEX_POINT('',#16686);
#16686 = CARTESIAN_POINT('',(-44.45,-320.675,218.44));
#16687 = SURFACE_CURVE('',#16688,(#16692,#16699),.PCURVE_S1.);
#16688 = LINE('',#16689,#16690);
#16689 = CARTESIAN_POINT('',(-44.45,-320.675,117.475));
#16690 = VECTOR('',#16691,1.);
#16691 = DIRECTION('',(0.,0.,1.));
#16692 = PCURVE('',#16246,#16693);
#16693 = DEFINITIONAL_REPRESENTATION('',(#16694),#16698);
#16694 = LINE('',#16695,#16696);
#16695 = CARTESIAN_POINT('',(0.,38.1));
#16696 = VECTOR('',#16697,1.);
#16697 = DIRECTION('',(1.,0.));
#16698 = ( GEOMETRIC_REPRESENTATION_CONTEXT(2) 
PARAMETRIC_REPRESENTATION_CONTEXT() REPRESENTATION_CONTEXT('2D SPACE',''
  ) );
#16699 = PCURVE('',#16348,#16700);
#16700 = DEFINITIONAL_REPRESENTATION('',(#16701),#16705);
#16701 = LINE('',#16702,#16703);
#16702 = CARTESIAN_POINT('',(0.,-3.175));
#16703 = VECTOR('',#16704,1.);
#16704 = DIRECTION('',(1.,0.));
#16705 = ( GEOMETRIC_REPRESENTATION_CONTEXT(2) 
PARAMETRIC_REPRESENTATION_CONTEXT() REPRESENTATION_CONTEXT('2D SPACE',''
  ) );
#16706 = ORIENTED_EDGE('',*,*,#16586,.F.);
#16707 = ORIENTED_EDGE('',*,*,#16230,.T.);
#16708 = ORIENTED_EDGE('',*,*,#16709,.T.);
#16709 = EDGE_CURVE('',#16231,#16685,#16710,.T.);
#16710 = SURFACE_CURVE('',#16711,(#16715,#16722),.PCURVE_S1.);
#16711 = LINE('',#16712,#16713);
#16712 = CARTESIAN_POINT('',(-82.55,-320.675,218.44));
#16713 = VECTOR('',#16714,1.);
#16714 = DIRECTION('',(1.,0.,-0.));
#16715 = PCURVE('',#16246,#16716);
#16716 = DEFINITIONAL_REPRESENTATION('',(#16717),#16721);
#16717 = LINE('',#16718,#16719);
#16718 = CARTESIAN_POINT('',(100.965,0.));
#16719 = VECTOR('',#16720,1.);
#16720 = DIRECTION('',(0.,1.));
#16721 = ( GEOMETRIC_REPRESENTATION_CONTEXT(2) 
PARAMETRIC_REPRESENTATION_CONTEXT() REPRESENTATION_CONTEXT('2D SPACE',''
  ) );
#16722 = PCURVE('',#16272,#16723);
#16723 = DEFINITIONAL_REPRESENTATION('',(#16724),#16728);
#16724 = LINE('',#16725,#16726);
#16725 = CARTESIAN_POINT('',(0.,3.175));
#16726 = VECTOR('',#16727,1.);
#16727 = DIRECTION('',(1.,0.));
#16728 = ( GEOMETRIC_REPRESENTATION_CONTEXT(2) 
PARAMETRIC_REPRESENTATION_CONTEXT() REPRESENTATION_CONTEXT('2D SPACE',''
  ) );
#16729 = FACE_BOUND('',#16730,.T.);
#16730 = EDGE_LOOP('',(#16731));
#16731 = ORIENTED_EDGE('',*,*,#16732,.F.);
#16732 = EDGE_CURVE('',#16733,#16733,#16735,.T.);
#16733 = VERTEX_POINT('',#16734);
#16734 = CARTESIAN_POINT('',(-73.66,-320.675,213.3727));
#16735 = SURFACE_CURVE('',#16736,(#16741,#16748),.PCURVE_S1.);
#16736 = CIRCLE('',#16737,2.5527);
#16737 = AXIS2_PLACEMENT_3D('',#16738,#16739,#16740);
#16738 = CARTESIAN_POINT('',(-73.66,-320.675,210.82));
#16739 = DIRECTION('',(0.,1.,0.));
#16740 = DIRECTION('',(0.,-0.,1.));
#16741 = PCURVE('',#16246,#16742);
#16742 = DEFINITIONAL_REPRESENTATION('',(#16743),#16747);
#16743 = CIRCLE('',#16744,2.5527);
#16744 = AXIS2_PLACEMENT_2D('',#16745,#16746);
#16745 = CARTESIAN_POINT('',(93.345,8.89));
#16746 = DIRECTION('',(1.,0.));
#16747 = ( GEOMETRIC_REPRESENTATION_CONTEXT(2) 
PARAMETRIC_REPRESENTATION_CONTEXT() REPRESENTATION_CONTEXT('2D SPACE',''
  ) );
#16748 = PCURVE('',#16379,#16749);
#16749 = DEFINITIONAL_REPRESENTATION('',(#16750),#16754);
#16750 = LINE('',#16751,#16752);
#16751 = CARTESIAN_POINT('',(0.,5.715));
#16752 = VECTOR('',#16753,1.);
#16753 = DIRECTION('',(1.,0.));
#16754 = ( GEOMETRIC_REPRESENTATION_CONTEXT(2) 
PARAMETRIC_REPRESENTATION_CONTEXT() REPRESENTATION_CONTEXT('2D SPACE',''
  ) );
#16755 = FACE_BOUND('',#16756,.T.);
#16756 = EDGE_LOOP('',(#16757));
#16757 = ORIENTED_EDGE('',*,*,#16758,.F.);
#16758 = EDGE_CURVE('',#16759,#16759,#16761,.T.);
#16759 = VERTEX_POINT('',#16760);
#16760 = CARTESIAN_POINT('',(-53.34,-320.675,213.3727));
#16761 = SURFACE_CURVE('',#16762,(#16767,#16774),.PCURVE_S1.);
#16762 = CIRCLE('',#16763,2.5527);
#16763 = AXIS2_PLACEMENT_3D('',#16764,#16765,#16766);
#16764 = CARTESIAN_POINT('',(-53.34,-320.675,210.82));
#16765 = DIRECTION('',(0.,1.,0.));
#16766 = DIRECTION('',(0.,-0.,1.));
#16767 = PCURVE('',#16246,#16768);
#16768 = DEFINITIONAL_REPRESENTATION('',(#16769),#16773);
#16769 = CIRCLE('',#16770,2.5527);
#16770 = AXIS2_PLACEMENT_2D('',#16771,#16772);
#16771 = CARTESIAN_POINT('',(93.345,29.21));
#16772 = DIRECTION('',(1.,0.));
#16773 = ( GEOMETRIC_REPRESENTATION_CONTEXT(2) 
PARAMETRIC_REPRESENTATION_CONTEXT() REPRESENTATION_CONTEXT('2D SPACE',''
  ) );
#16774 = PCURVE('',#16410,#16775);
#16775 = DEFINITIONAL_REPRESENTATION('',(#16776),#16780);
#16776 = LINE('',#16777,#16778);
#16777 = CARTESIAN_POINT('',(0.,5.715));
#16778 = VECTOR('',#16779,1.);
#16779 = DIRECTION('',(1.,0.));
#16780 = ( GEOMETRIC_REPRESENTATION_CONTEXT(2) 
PARAMETRIC_REPRESENTATION_CONTEXT() REPRESENTATION_CONTEXT('2D SPACE',''
  ) );
#16781 = ADVANCED_FACE('',(#16782),#16272,.T.);
#16782 = FACE_BOUND('',#16783,.T.);
#16783 = EDGE_LOOP('',(#16784,#16785,#16786,#16807));
#16784 = ORIENTED_EDGE('',*,*,#16258,.F.);
#16785 = ORIENTED_EDGE('',*,*,#16311,.T.);
#16786 = ORIENTED_EDGE('',*,*,#16787,.T.);
#16787 = EDGE_CURVE('',#16312,#16685,#16788,.T.);
#16788 = SURFACE_CURVE('',#16789,(#16793,#16800),.PCURVE_S1.);
#16789 = LINE('',#16790,#16791);
#16790 = CARTESIAN_POINT('',(-44.45,-323.85,218.44));
#16791 = VECTOR('',#16792,1.);
#16792 = DIRECTION('',(-0.,1.,0.));
#16793 = PCURVE('',#16272,#16794);
#16794 = DEFINITIONAL_REPRESENTATION('',(#16795),#16799);
#16795 = LINE('',#16796,#16797);
#16796 = CARTESIAN_POINT('',(38.1,0.));
#16797 = VECTOR('',#16798,1.);
#16798 = DIRECTION('',(0.,1.));
#16799 = ( GEOMETRIC_REPRESENTATION_CONTEXT(2) 
PARAMETRIC_REPRESENTATION_CONTEXT() REPRESENTATION_CONTEXT('2D SPACE',''
  ) );
#16800 = PCURVE('',#16348,#16801);
#16801 = DEFINITIONAL_REPRESENTATION('',(#16802),#16806);
#16802 = LINE('',#16803,#16804);
#16803 = CARTESIAN_POINT('',(100.965,0.));
#16804 = VECTOR('',#16805,1.);
#16805 = DIRECTION('',(0.,-1.));
#16806 = ( GEOMETRIC_REPRESENTATION_CONTEXT(2) 
PARAMETRIC_REPRESENTATION_CONTEXT() REPRESENTATION_CONTEXT('2D SPACE',''
  ) );
#16807 = ORIENTED_EDGE('',*,*,#16709,.F.);
#16808 = ADVANCED_FACE('',(#16809),#16348,.T.);
#16809 = FACE_BOUND('',#16810,.T.);
#16810 = EDGE_LOOP('',(#16811,#16812,#16813,#16814,#16815,#16816));
#16811 = ORIENTED_EDGE('',*,*,#16334,.F.);
#16812 = ORIENTED_EDGE('',*,*,#16426,.F.);
#16813 = ORIENTED_EDGE('',*,*,#16561,.T.);
#16814 = ORIENTED_EDGE('',*,*,#16607,.F.);
#16815 = ORIENTED_EDGE('',*,*,#16684,.T.);
#16816 = ORIENTED_EDGE('',*,*,#16787,.F.);
#16817 = ADVANCED_FACE('',(#16818),#16379,.F.);
#16818 = FACE_BOUND('',#16819,.F.);
#16819 = EDGE_LOOP('',(#16820,#16821,#16842,#16843));
#16820 = ORIENTED_EDGE('',*,*,#16732,.F.);
#16821 = ORIENTED_EDGE('',*,*,#16822,.F.);
#16822 = EDGE_CURVE('',#16363,#16733,#16823,.T.);
#16823 = SEAM_CURVE('',#16824,(#16828,#16835),.PCURVE_S1.);
#16824 = LINE('',#16825,#16826);
#16825 = CARTESIAN_POINT('',(-73.66,-326.39,213.3727));
#16826 = VECTOR('',#16827,1.);
#16827 = DIRECTION('',(0.,1.,0.));
#16828 = PCURVE('',#16379,#16829);
#16829 = DEFINITIONAL_REPRESENTATION('',(#16830),#16834);
#16830 = LINE('',#16831,#16832);
#16831 = CARTESIAN_POINT('',(6.28318530718,-0.));
#16832 = VECTOR('',#16833,1.);
#16833 = DIRECTION('',(0.,1.));
#16834 = ( GEOMETRIC_REPRESENTATION_CONTEXT(2) 
PARAMETRIC_REPRESENTATION_CONTEXT() REPRESENTATION_CONTEXT('2D SPACE',''
  ) );
#16835 = PCURVE('',#16379,#16836);
#16836 = DEFINITIONAL_REPRESENTATION('',(#16837),#16841);
#16837 = LINE('',#16838,#16839);
#16838 = CARTESIAN_POINT('',(0.,-0.));
#16839 = VECTOR('',#16840,1.);
#16840 = DIRECTION('',(0.,1.));
#16841 = ( GEOMETRIC_REPRESENTATION_CONTEXT(2) 
PARAMETRIC_REPRESENTATION_CONTEXT() REPRESENTATION_CONTEXT('2D SPACE',''
  ) );
#16842 = ORIENTED_EDGE('',*,*,#16362,.T.);
#16843 = ORIENTED_EDGE('',*,*,#16822,.T.);
#16844 = ADVANCED_FACE('',(#16845),#16410,.F.);
#16845 = FACE_BOUND('',#16846,.F.);
#16846 = EDGE_LOOP('',(#16847,#16848,#16869,#16870));
#16847 = ORIENTED_EDGE('',*,*,#16758,.F.);
#16848 = ORIENTED_EDGE('',*,*,#16849,.F.);
#16849 = EDGE_CURVE('',#16394,#16759,#16850,.T.);
#16850 = SEAM_CURVE('',#16851,(#16855,#16862),.PCURVE_S1.);
#16851 = LINE('',#16852,#16853);
#16852 = CARTESIAN_POINT('',(-53.34,-326.39,213.3727));
#16853 = VECTOR('',#16854,1.);
#16854 = DIRECTION('',(0.,1.,0.));
#16855 = PCURVE('',#16410,#16856);
#16856 = DEFINITIONAL_REPRESENTATION('',(#16857),#16861);
#16857 = LINE('',#16858,#16859);
#16858 = CARTESIAN_POINT('',(6.28318530718,-0.));
#16859 = VECTOR('',#16860,1.);
#16860 = DIRECTION('',(0.,1.));
#16861 = ( GEOMETRIC_REPRESENTATION_CONTEXT(2) 
PARAMETRIC_REPRESENTATION_CONTEXT() REPRESENTATION_CONTEXT('2D SPACE',''
  ) );
#16862 = PCURVE('',#16410,#16863);
#16863 = DEFINITIONAL_REPRESENTATION('',(#16864),#16868);
#16864 = LINE('',#16865,#16866);
#16865 = CARTESIAN_POINT('',(0.,-0.));
#16866 = VECTOR('',#16867,1.);
#16867 = DIRECTION('',(0.,1.));
#16868 = ( GEOMETRIC_REPRESENTATION_CONTEXT(2) 
PARAMETRIC_REPRESENTATION_CONTEXT() REPRESENTATION_CONTEXT('2D SPACE',''
  ) );
#16869 = ORIENTED_EDGE('',*,*,#16393,.T.);
#16870 = ORIENTED_EDGE('',*,*,#16849,.T.);
#16871 = ADVANCED_FACE('',(#16872),#16490,.F.);
#16872 = FACE_BOUND('',#16873,.F.);
#16873 = EDGE_LOOP('',(#16874,#16875,#16896,#16897));
#16874 = ORIENTED_EDGE('',*,*,#16631,.F.);
#16875 = ORIENTED_EDGE('',*,*,#16876,.F.);
#16876 = EDGE_CURVE('',#16474,#16632,#16877,.T.);
#16877 = SEAM_CURVE('',#16878,(#16882,#16889),.PCURVE_S1.);
#16878 = LINE('',#16879,#16880);
#16879 = CARTESIAN_POINT('',(-71.1073,-309.88,114.3));
#16880 = VECTOR('',#16881,1.);
#16881 = DIRECTION('',(0.,0.,1.));
#16882 = PCURVE('',#16490,#16883);
#16883 = DEFINITIONAL_REPRESENTATION('',(#16884),#16888);
#16884 = LINE('',#16885,#16886);
#16885 = CARTESIAN_POINT('',(6.28318530718,-0.));
#16886 = VECTOR('',#16887,1.);
#16887 = DIRECTION('',(0.,1.));
#16888 = ( GEOMETRIC_REPRESENTATION_CONTEXT(2) 
PARAMETRIC_REPRESENTATION_CONTEXT() REPRESENTATION_CONTEXT('2D SPACE',''
  ) );
#16889 = PCURVE('',#16490,#16890);
#16890 = DEFINITIONAL_REPRESENTATION('',(#16891),#16895);
#16891 = LINE('',#16892,#16893);
#16892 = CARTESIAN_POINT('',(0.,-0.));
#16893 = VECTOR('',#16894,1.);
#16894 = DIRECTION('',(0.,1.));
#16895 = ( GEOMETRIC_REPRESENTATION_CONTEXT(2) 
PARAMETRIC_REPRESENTATION_CONTEXT() REPRESENTATION_CONTEXT('2D SPACE',''
  ) );
#16896 = ORIENTED_EDGE('',*,*,#16473,.T.);
#16897 = ORIENTED_EDGE('',*,*,#16876,.T.);
#16898 = ADVANCED_FACE('',(#16899),#16521,.F.);
#16899 = FACE_BOUND('',#16900,.F.);
#16900 = EDGE_LOOP('',(#16901,#16902,#16923,#16924));
#16901 = ORIENTED_EDGE('',*,*,#16657,.F.);
#16902 = ORIENTED_EDGE('',*,*,#16903,.F.);
#16903 = EDGE_CURVE('',#16505,#16658,#16904,.T.);
#16904 = SEAM_CURVE('',#16905,(#16909,#16916),.PCURVE_S1.);
#16905 = LINE('',#16906,#16907);
#16906 = CARTESIAN_POINT('',(-50.7873,-309.88,114.3));
#16907 = VECTOR('',#16908,1.);
#16908 = DIRECTION('',(0.,0.,1.));
#16909 = PCURVE('',#16521,#16910);
#16910 = DEFINITIONAL_REPRESENTATION('',(#16911),#16915);
#16911 = LINE('',#16912,#16913);
#16912 = CARTESIAN_POINT('',(6.28318530718,-0.));
#16913 = VECTOR('',#16914,1.);
#16914 = DIRECTION('',(0.,1.));
#16915 = ( GEOMETRIC_REPRESENTATION_CONTEXT(2) 
PARAMETRIC_REPRESENTATION_CONTEXT() REPRESENTATION_CONTEXT('2D SPACE',''
  ) );
#16916 = PCURVE('',#16521,#16917);
#16917 = DEFINITIONAL_REPRESENTATION('',(#16918),#16922);
#16918 = LINE('',#16919,#16920);
#16919 = CARTESIAN_POINT('',(0.,-0.));
#16920 = VECTOR('',#16921,1.);
#16921 = DIRECTION('',(0.,1.));
#16922 = ( GEOMETRIC_REPRESENTATION_CONTEXT(2) 
PARAMETRIC_REPRESENTATION_CONTEXT() REPRESENTATION_CONTEXT('2D SPACE',''
  ) );
#16923 = ORIENTED_EDGE('',*,*,#16504,.T.);
#16924 = ORIENTED_EDGE('',*,*,#16903,.T.);
#16925 = ( GEOMETRIC_REPRESENTATION_CONTEXT(3) 
GLOBAL_UNCERTAINTY_ASSIGNED_CONTEXT((#16929)) 
GLOBAL_UNIT_ASSIGNED_CONTEXT((#16926,#16927,#16928)) 
REPRESENTATION_CONTEXT('Context #1',
  '3D Context with UNIT and UNCERTAINTY') );
#16926 = ( LENGTH_UNIT() NAMED_UNIT(*) SI_UNIT(.MILLI.,.METRE.) );
#16927 = ( NAMED_UNIT(*) PLANE_ANGLE_UNIT() SI_UNIT($,.RADIAN.) );
#16928 = ( NAMED_UNIT(*) SI_UNIT($,.STERADIAN.) SOLID_ANGLE_UNIT() );
#16929 = UNCERTAINTY_MEASURE_WITH_UNIT(LENGTH_MEASURE(1.E-07),#16926,
  'distance_accuracy_value','confusion accuracy');
#16930 = CONTEXT_DEPENDENT_SHAPE_REPRESENTATION(#16931,#16933);
#16931 = ( REPRESENTATION_RELATIONSHIP('','',#16104,#10) 
REPRESENTATION_RELATIONSHIP_WITH_TRANSFORMATION(#16932) 
SHAPE_REPRESENTATION_RELATIONSHIP() );
#16932 = ITEM_DEFINED_TRANSFORMATION('','',#11,#23);
#16933 = PRODUCT_DEFINITION_SHAPE('Placement','Placement of an item',
  #16934);
#16934 = NEXT_ASSEMBLY_USAGE_OCCURRENCE('30','E-002 upright 2','',#5,
  #16099,$);
#16935 = PRODUCT_RELATED_PRODUCT_CATEGORY('part',$,(#16101));
#16936 = SHAPE_DEFINITION_REPRESENTATION(#16937,#16943);
#16937 = PRODUCT_DEFINITION_SHAPE('','',#16938);
#16938 = PRODUCT_DEFINITION('design','',#16939,#16942);
#16939 = PRODUCT_DEFINITION_FORMATION('','',#16940);
#16940 = PRODUCT('E-002 upright 3','E-002 upright 3','',(#16941));
#16941 = PRODUCT_CONTEXT('',#2,'mechanical');
#16942 = PRODUCT_DEFINITION_CONTEXT('part definition',#2,'design');
#16943 = ADVANCED_BREP_SHAPE_REPRESENTATION('',(#11,#16944),#17764);
#16944 = MANIFOLD_SOLID_BREP('',#16945);
#16945 = CLOSED_SHELL('',(#16946,#17122,#17260,#17371,#17420,#17519,
    #17620,#17647,#17656,#17683,#17710,#17737));
#16946 = ADVANCED_FACE('',(#16947),#16961,.F.);
#16947 = FACE_BOUND('',#16948,.F.);
#16948 = EDGE_LOOP('',(#16949,#16984,#17012,#17040,#17068,#17096));
#16949 = ORIENTED_EDGE('',*,*,#16950,.F.);
#16950 = EDGE_CURVE('',#16951,#16953,#16955,.T.);
#16951 = VERTEX_POINT('',#16952);
#16952 = CARTESIAN_POINT('',(44.45,-323.85,117.475));
#16953 = VERTEX_POINT('',#16954);
#16954 = CARTESIAN_POINT('',(44.45,-323.85,218.44));
#16955 = SURFACE_CURVE('',#16956,(#16960,#16972),.PCURVE_S1.);
#16956 = LINE('',#16957,#16958);
#16957 = CARTESIAN_POINT('',(44.45,-323.85,117.475));
#16958 = VECTOR('',#16959,1.);
#16959 = DIRECTION('',(0.,0.,1.));
#16960 = PCURVE('',#16961,#16966);
#16961 = PLANE('',#16962);
#16962 = AXIS2_PLACEMENT_3D('',#16963,#16964,#16965);
#16963 = CARTESIAN_POINT('',(44.45,-323.85,117.475));
#16964 = DIRECTION('',(1.,0.,-0.));
#16965 = DIRECTION('',(0.,0.,1.));
#16966 = DEFINITIONAL_REPRESENTATION('',(#16967),#16971);
#16967 = LINE('',#16968,#16969);
#16968 = CARTESIAN_POINT('',(0.,0.));
#16969 = VECTOR('',#16970,1.);
#16970 = DIRECTION('',(1.,0.));
#16971 = ( GEOMETRIC_REPRESENTATION_CONTEXT(2) 
PARAMETRIC_REPRESENTATION_CONTEXT() REPRESENTATION_CONTEXT('2D SPACE',''
  ) );
#16972 = PCURVE('',#16973,#16978);
#16973 = PLANE('',#16974);
#16974 = AXIS2_PLACEMENT_3D('',#16975,#16976,#16977);
#16975 = CARTESIAN_POINT('',(44.45,-323.85,117.475));
#16976 = DIRECTION('',(-0.,1.,0.));
#16977 = DIRECTION('',(0.,0.,1.));
#16978 = DEFINITIONAL_REPRESENTATION('',(#16979),#16983);
#16979 = LINE('',#16980,#16981);
#16980 = CARTESIAN_POINT('',(0.,0.));
#16981 = VECTOR('',#16982,1.);
#16982 = DIRECTION('',(1.,0.));
#16983 = ( GEOMETRIC_REPRESENTATION_CONTEXT(2) 
PARAMETRIC_REPRESENTATION_CONTEXT() REPRESENTATION_CONTEXT('2D SPACE',''
  ) );
#16984 = ORIENTED_EDGE('',*,*,#16985,.F.);
#16985 = EDGE_CURVE('',#16986,#16951,#16988,.T.);
#16986 = VERTEX_POINT('',#16987);
#16987 = CARTESIAN_POINT('',(44.45,-298.45,117.475));
#16988 = SURFACE_CURVE('',#16989,(#16993,#17000),.PCURVE_S1.);
#16989 = LINE('',#16990,#16991);
#16990 = CARTESIAN_POINT('',(44.45,-298.45,117.475));
#16991 = VECTOR('',#16992,1.);
#16992 = DIRECTION('',(0.,-1.,0.));
#16993 = PCURVE('',#16961,#16994);
#16994 = DEFINITIONAL_REPRESENTATION('',(#16995),#16999);
#16995 = LINE('',#16996,#16997);
#16996 = CARTESIAN_POINT('',(0.,-25.4));
#16997 = VECTOR('',#16998,1.);
#16998 = DIRECTION('',(0.,1.));
#16999 = ( GEOMETRIC_REPRESENTATION_CONTEXT(2) 
PARAMETRIC_REPRESENTATION_CONTEXT() REPRESENTATION_CONTEXT('2D SPACE',''
  ) );
#17000 = PCURVE('',#17001,#17006);
#17001 = PLANE('',#17002);
#17002 = AXIS2_PLACEMENT_3D('',#17003,#17004,#17005);
#17003 = CARTESIAN_POINT('',(44.45,-323.85,117.475));
#17004 = DIRECTION('',(0.,0.,1.));
#17005 = DIRECTION('',(1.,0.,-0.));
#17006 = DEFINITIONAL_REPRESENTATION('',(#17007),#17011);
#17007 = LINE('',#17008,#17009);
#17008 = CARTESIAN_POINT('',(0.,25.4));
#17009 = VECTOR('',#17010,1.);
#17010 = DIRECTION('',(0.,-1.));
#17011 = ( GEOMETRIC_REPRESENTATION_CONTEXT(2) 
PARAMETRIC_REPRESENTATION_CONTEXT() REPRESENTATION_CONTEXT('2D SPACE',''
  ) );
#17012 = ORIENTED_EDGE('',*,*,#17013,.T.);
#17013 = EDGE_CURVE('',#16986,#17014,#17016,.T.);
#17014 = VERTEX_POINT('',#17015);
#17015 = CARTESIAN_POINT('',(44.45,-298.45,120.65));
#17016 = SURFACE_CURVE('',#17017,(#17021,#17028),.PCURVE_S1.);
#17017 = LINE('',#17018,#17019);
#17018 = CARTESIAN_POINT('',(44.45,-298.45,117.475));
#17019 = VECTOR('',#17020,1.);
#17020 = DIRECTION('',(0.,0.,1.));
#17021 = PCURVE('',#16961,#17022);
#17022 = DEFINITIONAL_REPRESENTATION('',(#17023),#17027);
#17023 = LINE('',#17024,#17025);
#17024 = CARTESIAN_POINT('',(0.,-25.4));
#17025 = VECTOR('',#17026,1.);
#17026 = DIRECTION('',(1.,0.));
#17027 = ( GEOMETRIC_REPRESENTATION_CONTEXT(2) 
PARAMETRIC_REPRESENTATION_CONTEXT() REPRESENTATION_CONTEXT('2D SPACE',''
  ) );
#17028 = PCURVE('',#17029,#17034);
#17029 = PLANE('',#17030);
#17030 = AXIS2_PLACEMENT_3D('',#17031,#17032,#17033);
#17031 = CARTESIAN_POINT('',(44.45,-298.45,117.475));
#17032 = DIRECTION('',(-0.,1.,0.));
#17033 = DIRECTION('',(0.,0.,1.));
#17034 = DEFINITIONAL_REPRESENTATION('',(#17035),#17039);
#17035 = LINE('',#17036,#17037);
#17036 = CARTESIAN_POINT('',(0.,0.));
#17037 = VECTOR('',#17038,1.);
#17038 = DIRECTION('',(1.,0.));
#17039 = ( GEOMETRIC_REPRESENTATION_CONTEXT(2) 
PARAMETRIC_REPRESENTATION_CONTEXT() REPRESENTATION_CONTEXT('2D SPACE',''
  ) );
#17040 = ORIENTED_EDGE('',*,*,#17041,.F.);
#17041 = EDGE_CURVE('',#17042,#17014,#17044,.T.);
#17042 = VERTEX_POINT('',#17043);
#17043 = CARTESIAN_POINT('',(44.45,-320.675,120.65));
#17044 = SURFACE_CURVE('',#17045,(#17049,#17056),.PCURVE_S1.);
#17045 = LINE('',#17046,#17047);
#17046 = CARTESIAN_POINT('',(44.45,-323.85,120.65));
#17047 = VECTOR('',#17048,1.);
#17048 = DIRECTION('',(-0.,1.,0.));
#17049 = PCURVE('',#16961,#17050);
#17050 = DEFINITIONAL_REPRESENTATION('',(#17051),#17055);
#17051 = LINE('',#17052,#17053);
#17052 = CARTESIAN_POINT('',(3.175,0.));
#17053 = VECTOR('',#17054,1.);
#17054 = DIRECTION('',(0.,-1.));
#17055 = ( GEOMETRIC_REPRESENTATION_CONTEXT(2) 
PARAMETRIC_REPRESENTATION_CONTEXT() REPRESENTATION_CONTEXT('2D SPACE',''
  ) );
#17056 = PCURVE('',#17057,#17062);
#17057 = PLANE('',#17058);
#17058 = AXIS2_PLACEMENT_3D('',#17059,#17060,#17061);
#17059 = CARTESIAN_POINT('',(44.45,-323.85,120.65));
#17060 = DIRECTION('',(0.,0.,1.));
#17061 = DIRECTION('',(1.,0.,-0.));
#17062 = DEFINITIONAL_REPRESENTATION('',(#17063),#17067);
#17063 = LINE('',#17064,#17065);
#17064 = CARTESIAN_POINT('',(0.,0.));
#17065 = VECTOR('',#17066,1.);
#17066 = DIRECTION('',(0.,1.));
#17067 = ( GEOMETRIC_REPRESENTATION_CONTEXT(2) 
PARAMETRIC_REPRESENTATION_CONTEXT() REPRESENTATION_CONTEXT('2D SPACE',''
  ) );
#17068 = ORIENTED_EDGE('',*,*,#17069,.T.);
#17069 = EDGE_CURVE('',#17042,#17070,#17072,.T.);
#17070 = VERTEX_POINT('',#17071);
#17071 = CARTESIAN_POINT('',(44.45,-320.675,218.44));
#17072 = SURFACE_CURVE('',#17073,(#17077,#17084),.PCURVE_S1.);
#17073 = LINE('',#17074,#17075);
#17074 = CARTESIAN_POINT('',(44.45,-320.675,117.475));
#17075 = VECTOR('',#17076,1.);
#17076 = DIRECTION('',(0.,0.,1.));
#17077 = PCURVE('',#16961,#17078);
#17078 = DEFINITIONAL_REPRESENTATION('',(#17079),#17083);
#17079 = LINE('',#17080,#17081);
#17080 = CARTESIAN_POINT('',(0.,-3.175));
#17081 = VECTOR('',#17082,1.);
#17082 = DIRECTION('',(1.,0.));
#17083 = ( GEOMETRIC_REPRESENTATION_CONTEXT(2) 
PARAMETRIC_REPRESENTATION_CONTEXT() REPRESENTATION_CONTEXT('2D SPACE',''
  ) );
#17084 = PCURVE('',#17085,#17090);
#17085 = PLANE('',#17086);
#17086 = AXIS2_PLACEMENT_3D('',#17087,#17088,#17089);
#17087 = CARTESIAN_POINT('',(44.45,-320.675,117.475));
#17088 = DIRECTION('',(-0.,1.,0.));
#17089 = DIRECTION('',(0.,0.,1.));
#17090 = DEFINITIONAL_REPRESENTATION('',(#17091),#17095);
#17091 = LINE('',#17092,#17093);
#17092 = CARTESIAN_POINT('',(0.,0.));
#17093 = VECTOR('',#17094,1.);
#17094 = DIRECTION('',(1.,0.));
#17095 = ( GEOMETRIC_REPRESENTATION_CONTEXT(2) 
PARAMETRIC_REPRESENTATION_CONTEXT() REPRESENTATION_CONTEXT('2D SPACE',''
  ) );
#17096 = ORIENTED_EDGE('',*,*,#17097,.F.);
#17097 = EDGE_CURVE('',#16953,#17070,#17098,.T.);
#17098 = SURFACE_CURVE('',#17099,(#17103,#17110),.PCURVE_S1.);
#17099 = LINE('',#17100,#17101);
#17100 = CARTESIAN_POINT('',(44.45,-323.85,218.44));
#17101 = VECTOR('',#17102,1.);
#17102 = DIRECTION('',(-0.,1.,0.));
#17103 = PCURVE('',#16961,#17104);
#17104 = DEFINITIONAL_REPRESENTATION('',(#17105),#17109);
#17105 = LINE('',#17106,#17107);
#17106 = CARTESIAN_POINT('',(100.965,0.));
#17107 = VECTOR('',#17108,1.);
#17108 = DIRECTION('',(0.,-1.));
#17109 = ( GEOMETRIC_REPRESENTATION_CONTEXT(2) 
PARAMETRIC_REPRESENTATION_CONTEXT() REPRESENTATION_CONTEXT('2D SPACE',''
  ) );
#17110 = PCURVE('',#17111,#17116);
#17111 = PLANE('',#17112);
#17112 = AXIS2_PLACEMENT_3D('',#17113,#17114,#17115);
#17113 = CARTESIAN_POINT('',(44.45,-323.85,218.44));
#17114 = DIRECTION('',(0.,0.,1.));
#17115 = DIRECTION('',(1.,0.,-0.));
#17116 = DEFINITIONAL_REPRESENTATION('',(#17117),#17121);
#17117 = LINE('',#17118,#17119);
#17118 = CARTESIAN_POINT('',(0.,0.));
#17119 = VECTOR('',#17120,1.);
#17120 = DIRECTION('',(0.,1.));
#17121 = ( GEOMETRIC_REPRESENTATION_CONTEXT(2) 
PARAMETRIC_REPRESENTATION_CONTEXT() REPRESENTATION_CONTEXT('2D SPACE',''
  ) );
#17122 = ADVANCED_FACE('',(#17123,#17198,#17229),#16973,.F.);
#17123 = FACE_BOUND('',#17124,.F.);
#17124 = EDGE_LOOP('',(#17125,#17148,#17149,#17172));
#17125 = ORIENTED_EDGE('',*,*,#17126,.F.);
#17126 = EDGE_CURVE('',#16951,#17127,#17129,.T.);
#17127 = VERTEX_POINT('',#17128);
#17128 = CARTESIAN_POINT('',(82.55,-323.85,117.475));
#17129 = SURFACE_CURVE('',#17130,(#17134,#17141),.PCURVE_S1.);
#17130 = LINE('',#17131,#17132);
#17131 = CARTESIAN_POINT('',(44.45,-323.85,117.475));
#17132 = VECTOR('',#17133,1.);
#17133 = DIRECTION('',(1.,0.,-0.));
#17134 = PCURVE('',#16973,#17135);
#17135 = DEFINITIONAL_REPRESENTATION('',(#17136),#17140);
#17136 = LINE('',#17137,#17138);
#17137 = CARTESIAN_POINT('',(0.,0.));
#17138 = VECTOR('',#17139,1.);
#17139 = DIRECTION('',(0.,1.));
#17140 = ( GEOMETRIC_REPRESENTATION_CONTEXT(2) 
PARAMETRIC_REPRESENTATION_CONTEXT() REPRESENTATION_CONTEXT('2D SPACE',''
  ) );
#17141 = PCURVE('',#17001,#17142);
#17142 = DEFINITIONAL_REPRESENTATION('',(#17143),#17147);
#17143 = LINE('',#17144,#17145);
#17144 = CARTESIAN_POINT('',(0.,0.));
#17145 = VECTOR('',#17146,1.);
#17146 = DIRECTION('',(1.,0.));
#17147 = ( GEOMETRIC_REPRESENTATION_CONTEXT(2) 
PARAMETRIC_REPRESENTATION_CONTEXT() REPRESENTATION_CONTEXT('2D SPACE',''
  ) );
#17148 = ORIENTED_EDGE('',*,*,#16950,.T.);
#17149 = ORIENTED_EDGE('',*,*,#17150,.T.);
#17150 = EDGE_CURVE('',#16953,#17151,#17153,.T.);
#17151 = VERTEX_POINT('',#17152);
#17152 = CARTESIAN_POINT('',(82.55,-323.85,218.44));
#17153 = SURFACE_CURVE('',#17154,(#17158,#17165),.PCURVE_S1.);
#17154 = LINE('',#17155,#17156);
#17155 = CARTESIAN_POINT('',(44.45,-323.85,218.44));
#17156 = VECTOR('',#17157,1.);
#17157 = DIRECTION('',(1.,0.,-0.));
#17158 = PCURVE('',#16973,#17159);
#17159 = DEFINITIONAL_REPRESENTATION('',(#17160),#17164);
#17160 = LINE('',#17161,#17162);
#17161 = CARTESIAN_POINT('',(100.965,0.));
#17162 = VECTOR('',#17163,1.);
#17163 = DIRECTION('',(0.,1.));
#17164 = ( GEOMETRIC_REPRESENTATION_CONTEXT(2) 
PARAMETRIC_REPRESENTATION_CONTEXT() REPRESENTATION_CONTEXT('2D SPACE',''
  ) );
#17165 = PCURVE('',#17111,#17166);
#17166 = DEFINITIONAL_REPRESENTATION('',(#17167),#17171);
#17167 = LINE('',#17168,#17169);
#17168 = CARTESIAN_POINT('',(0.,0.));
#17169 = VECTOR('',#17170,1.);
#17170 = DIRECTION('',(1.,0.));
#17171 = ( GEOMETRIC_REPRESENTATION_CONTEXT(2) 
PARAMETRIC_REPRESENTATION_CONTEXT() REPRESENTATION_CONTEXT('2D SPACE',''
  ) );
#17172 = ORIENTED_EDGE('',*,*,#17173,.F.);
#17173 = EDGE_CURVE('',#17127,#17151,#17174,.T.);
#17174 = SURFACE_CURVE('',#17175,(#17179,#17186),.PCURVE_S1.);
#17175 = LINE('',#17176,#17177);
#17176 = CARTESIAN_POINT('',(82.55,-323.85,117.475));
#17177 = VECTOR('',#17178,1.);
#17178 = DIRECTION('',(0.,0.,1.));
#17179 = PCURVE('',#16973,#17180);
#17180 = DEFINITIONAL_REPRESENTATION('',(#17181),#17185);
#17181 = LINE('',#17182,#17183);
#17182 = CARTESIAN_POINT('',(0.,38.1));
#17183 = VECTOR('',#17184,1.);
#17184 = DIRECTION('',(1.,0.));
#17185 = ( GEOMETRIC_REPRESENTATION_CONTEXT(2) 
PARAMETRIC_REPRESENTATION_CONTEXT() REPRESENTATION_CONTEXT('2D SPACE',''
  ) );
#17186 = PCURVE('',#17187,#17192);
#17187 = PLANE('',#17188);
#17188 = AXIS2_PLACEMENT_3D('',#17189,#17190,#17191);
#17189 = CARTESIAN_POINT('',(82.55,-323.85,117.475));
#17190 = DIRECTION('',(1.,0.,-0.));
#17191 = DIRECTION('',(0.,0.,1.));
#17192 = DEFINITIONAL_REPRESENTATION('',(#17193),#17197);
#17193 = LINE('',#17194,#17195);
#17194 = CARTESIAN_POINT('',(0.,0.));
#17195 = VECTOR('',#17196,1.);
#17196 = DIRECTION('',(1.,0.));
#17197 = ( GEOMETRIC_REPRESENTATION_CONTEXT(2) 
PARAMETRIC_REPRESENTATION_CONTEXT() REPRESENTATION_CONTEXT('2D SPACE',''
  ) );
#17198 = FACE_BOUND('',#17199,.F.);
#17199 = EDGE_LOOP('',(#17200));
#17200 = ORIENTED_EDGE('',*,*,#17201,.F.);
#17201 = EDGE_CURVE('',#17202,#17202,#17204,.T.);
#17202 = VERTEX_POINT('',#17203);
#17203 = CARTESIAN_POINT('',(53.34,-323.85,213.3727));
#17204 = SURFACE_CURVE('',#17205,(#17210,#17217),.PCURVE_S1.);
#17205 = CIRCLE('',#17206,2.5527);
#17206 = AXIS2_PLACEMENT_3D('',#17207,#17208,#17209);
#17207 = CARTESIAN_POINT('',(53.34,-323.85,210.82));
#17208 = DIRECTION('',(0.,1.,0.));
#17209 = DIRECTION('',(0.,-0.,1.));
#17210 = PCURVE('',#16973,#17211);
#17211 = DEFINITIONAL_REPRESENTATION('',(#17212),#17216);
#17212 = CIRCLE('',#17213,2.5527);
#17213 = AXIS2_PLACEMENT_2D('',#17214,#17215);
#17214 = CARTESIAN_POINT('',(93.345,8.89));
#17215 = DIRECTION('',(1.,0.));
#17216 = ( GEOMETRIC_REPRESENTATION_CONTEXT(2) 
PARAMETRIC_REPRESENTATION_CONTEXT() REPRESENTATION_CONTEXT('2D SPACE',''
  ) );
#17217 = PCURVE('',#17218,#17223);
#17218 = CYLINDRICAL_SURFACE('',#17219,2.5527);
#17219 = AXIS2_PLACEMENT_3D('',#17220,#17221,#17222);
#17220 = CARTESIAN_POINT('',(53.34,-326.39,210.82));
#17221 = DIRECTION('',(0.,1.,0.));
#17222 = DIRECTION('',(0.,-0.,1.));
#17223 = DEFINITIONAL_REPRESENTATION('',(#17224),#17228);
#17224 = LINE('',#17225,#17226);
#17225 = CARTESIAN_POINT('',(0.,2.54));
#17226 = VECTOR('',#17227,1.);
#17227 = DIRECTION('',(1.,0.));
#17228 = ( GEOMETRIC_REPRESENTATION_CONTEXT(2) 
PARAMETRIC_REPRESENTATION_CONTEXT() REPRESENTATION_CONTEXT('2D SPACE',''
  ) );
#17229 = FACE_BOUND('',#17230,.F.);
#17230 = EDGE_LOOP('',(#17231));
#17231 = ORIENTED_EDGE('',*,*,#17232,.F.);
#17232 = EDGE_CURVE('',#17233,#17233,#17235,.T.);
#17233 = VERTEX_POINT('',#17234);
#17234 = CARTESIAN_POINT('',(73.66,-323.85,213.3727));
#17235 = SURFACE_CURVE('',#17236,(#17241,#17248),.PCURVE_S1.);
#17236 = CIRCLE('',#17237,2.5527);
#17237 = AXIS2_PLACEMENT_3D('',#17238,#17239,#17240);
#17238 = CARTESIAN_POINT('',(73.66,-323.85,210.82));
#17239 = DIRECTION('',(0.,1.,0.));
#17240 = DIRECTION('',(0.,-0.,1.));
#17241 = PCURVE('',#16973,#17242);
#17242 = DEFINITIONAL_REPRESENTATION('',(#17243),#17247);
#17243 = CIRCLE('',#17244,2.5527);
#17244 = AXIS2_PLACEMENT_2D('',#17245,#17246);
#17245 = CARTESIAN_POINT('',(93.345,29.21));
#17246 = DIRECTION('',(1.,0.));
#17247 = ( GEOMETRIC_REPRESENTATION_CONTEXT(2) 
PARAMETRIC_REPRESENTATION_CONTEXT() REPRESENTATION_CONTEXT('2D SPACE',''
  ) );
#17248 = PCURVE('',#17249,#17254);
#17249 = CYLINDRICAL_SURFACE('',#17250,2.5527);
#17250 = AXIS2_PLACEMENT_3D('',#17251,#17252,#17253);
#17251 = CARTESIAN_POINT('',(73.66,-326.39,210.82));
#17252 = DIRECTION('',(0.,1.,0.));
#17253 = DIRECTION('',(0.,-0.,1.));
#17254 = DEFINITIONAL_REPRESENTATION('',(#17255),#17259);
#17255 = LINE('',#17256,#17257);
#17256 = CARTESIAN_POINT('',(0.,2.54));
#17257 = VECTOR('',#17258,1.);
#17258 = DIRECTION('',(1.,0.));
#17259 = ( GEOMETRIC_REPRESENTATION_CONTEXT(2) 
PARAMETRIC_REPRESENTATION_CONTEXT() REPRESENTATION_CONTEXT('2D SPACE',''
  ) );
#17260 = ADVANCED_FACE('',(#17261,#17309,#17340),#17001,.F.);
#17261 = FACE_BOUND('',#17262,.F.);
#17262 = EDGE_LOOP('',(#17263,#17264,#17287,#17308));
#17263 = ORIENTED_EDGE('',*,*,#17126,.T.);
#17264 = ORIENTED_EDGE('',*,*,#17265,.F.);
#17265 = EDGE_CURVE('',#17266,#17127,#17268,.T.);
#17266 = VERTEX_POINT('',#17267);
#17267 = CARTESIAN_POINT('',(82.55,-298.45,117.475));
#17268 = SURFACE_CURVE('',#17269,(#17273,#17280),.PCURVE_S1.);
#17269 = LINE('',#17270,#17271);
#17270 = CARTESIAN_POINT('',(82.55,-298.45,117.475));
#17271 = VECTOR('',#17272,1.);
#17272 = DIRECTION('',(0.,-1.,0.));
#17273 = PCURVE('',#17001,#17274);
#17274 = DEFINITIONAL_REPRESENTATION('',(#17275),#17279);
#17275 = LINE('',#17276,#17277);
#17276 = CARTESIAN_POINT('',(38.1,25.4));
#17277 = VECTOR('',#17278,1.);
#17278 = DIRECTION('',(0.,-1.));
#17279 = ( GEOMETRIC_REPRESENTATION_CONTEXT(2) 
PARAMETRIC_REPRESENTATION_CONTEXT() REPRESENTATION_CONTEXT('2D SPACE',''
  ) );
#17280 = PCURVE('',#17187,#17281);
#17281 = DEFINITIONAL_REPRESENTATION('',(#17282),#17286);
#17282 = LINE('',#17283,#17284);
#17283 = CARTESIAN_POINT('',(0.,-25.4));
#17284 = VECTOR('',#17285,1.);
#17285 = DIRECTION('',(0.,1.));
#17286 = ( GEOMETRIC_REPRESENTATION_CONTEXT(2) 
PARAMETRIC_REPRESENTATION_CONTEXT() REPRESENTATION_CONTEXT('2D SPACE',''
  ) );
#17287 = ORIENTED_EDGE('',*,*,#17288,.F.);
#17288 = EDGE_CURVE('',#16986,#17266,#17289,.T.);
#17289 = SURFACE_CURVE('',#17290,(#17294,#17301),.PCURVE_S1.);
#17290 = LINE('',#17291,#17292);
#17291 = CARTESIAN_POINT('',(44.45,-298.45,117.475));
#17292 = VECTOR('',#17293,1.);
#17293 = DIRECTION('',(1.,0.,-0.));
#17294 = PCURVE('',#17001,#17295);
#17295 = DEFINITIONAL_REPRESENTATION('',(#17296),#17300);
#17296 = LINE('',#17297,#17298);
#17297 = CARTESIAN_POINT('',(0.,25.4));
#17298 = VECTOR('',#17299,1.);
#17299 = DIRECTION('',(1.,0.));
#17300 = ( GEOMETRIC_REPRESENTATION_CONTEXT(2) 
PARAMETRIC_REPRESENTATION_CONTEXT() REPRESENTATION_CONTEXT('2D SPACE',''
  ) );
#17301 = PCURVE('',#17029,#17302);
#17302 = DEFINITIONAL_REPRESENTATION('',(#17303),#17307);
#17303 = LINE('',#17304,#17305);
#17304 = CARTESIAN_POINT('',(0.,0.));
#17305 = VECTOR('',#17306,1.);
#17306 = DIRECTION('',(0.,1.));
#17307 = ( GEOMETRIC_REPRESENTATION_CONTEXT(2) 
PARAMETRIC_REPRESENTATION_CONTEXT() REPRESENTATION_CONTEXT('2D SPACE',''
  ) );
#17308 = ORIENTED_EDGE('',*,*,#16985,.T.);
#17309 = FACE_BOUND('',#17310,.F.);
#17310 = EDGE_LOOP('',(#17311));
#17311 = ORIENTED_EDGE('',*,*,#17312,.F.);
#17312 = EDGE_CURVE('',#17313,#17313,#17315,.T.);
#17313 = VERTEX_POINT('',#17314);
#17314 = CARTESIAN_POINT('',(55.8927,-309.88,117.475));
#17315 = SURFACE_CURVE('',#17316,(#17321,#17328),.PCURVE_S1.);
#17316 = CIRCLE('',#17317,2.5527);
#17317 = AXIS2_PLACEMENT_3D('',#17318,#17319,#17320);
#17318 = CARTESIAN_POINT('',(53.34,-309.88,117.475));
#17319 = DIRECTION('',(0.,0.,1.));
#17320 = DIRECTION('',(1.,0.,-0.));
#17321 = PCURVE('',#17001,#17322);
#17322 = DEFINITIONAL_REPRESENTATION('',(#17323),#17327);
#17323 = CIRCLE('',#17324,2.5527);
#17324 = AXIS2_PLACEMENT_2D('',#17325,#17326);
#17325 = CARTESIAN_POINT('',(8.89,13.97));
#17326 = DIRECTION('',(1.,0.));
#17327 = ( GEOMETRIC_REPRESENTATION_CONTEXT(2) 
PARAMETRIC_REPRESENTATION_CONTEXT() REPRESENTATION_CONTEXT('2D SPACE',''
  ) );
#17328 = PCURVE('',#17329,#17334);
#17329 = CYLINDRICAL_SURFACE('',#17330,2.5527);
#17330 = AXIS2_PLACEMENT_3D('',#17331,#17332,#17333);
#17331 = CARTESIAN_POINT('',(53.34,-309.88,114.3));
#17332 = DIRECTION('',(0.,0.,1.));
#17333 = DIRECTION('',(1.,0.,-0.));
#17334 = DEFINITIONAL_REPRESENTATION('',(#17335),#17339);
#17335 = LINE('',#17336,#17337);
#17336 = CARTESIAN_POINT('',(0.,3.175));
#17337 = VECTOR('',#17338,1.);
#17338 = DIRECTION('',(1.,0.));
#17339 = ( GEOMETRIC_REPRESENTATION_CONTEXT(2) 
PARAMETRIC_REPRESENTATION_CONTEXT() REPRESENTATION_CONTEXT('2D SPACE',''
  ) );
#17340 = FACE_BOUND('',#17341,.F.);
#17341 = EDGE_LOOP('',(#17342));
#17342 = ORIENTED_EDGE('',*,*,#17343,.F.);
#17343 = EDGE_CURVE('',#17344,#17344,#17346,.T.);
#17344 = VERTEX_POINT('',#17345);
#17345 = CARTESIAN_POINT('',(76.2127,-309.88,117.475));
#17346 = SURFACE_CURVE('',#17347,(#17352,#17359),.PCURVE_S1.);
#17347 = CIRCLE('',#17348,2.5527);
#17348 = AXIS2_PLACEMENT_3D('',#17349,#17350,#17351);
#17349 = CARTESIAN_POINT('',(73.66,-309.88,117.475));
#17350 = DIRECTION('',(0.,0.,1.));
#17351 = DIRECTION('',(1.,0.,-0.));
#17352 = PCURVE('',#17001,#17353);
#17353 = DEFINITIONAL_REPRESENTATION('',(#17354),#17358);
#17354 = CIRCLE('',#17355,2.5527);
#17355 = AXIS2_PLACEMENT_2D('',#17356,#17357);
#17356 = CARTESIAN_POINT('',(29.21,13.97));
#17357 = DIRECTION('',(1.,0.));
#17358 = ( GEOMETRIC_REPRESENTATION_CONTEXT(2) 
PARAMETRIC_REPRESENTATION_CONTEXT() REPRESENTATION_CONTEXT('2D SPACE',''
  ) );
#17359 = PCURVE('',#17360,#17365);
#17360 = CYLINDRICAL_SURFACE('',#17361,2.5527);
#17361 = AXIS2_PLACEMENT_3D('',#17362,#17363,#17364);
#17362 = CARTESIAN_POINT('',(73.66,-309.88,114.3));
#17363 = DIRECTION('',(0.,0.,1.));
#17364 = DIRECTION('',(1.,0.,-0.));
#17365 = DEFINITIONAL_REPRESENTATION('',(#17366),#17370);
#17366 = LINE('',#17367,#17368);
#17367 = CARTESIAN_POINT('',(0.,3.175));
#17368 = VECTOR('',#17369,1.);
#17369 = DIRECTION('',(1.,0.));
#17370 = ( GEOMETRIC_REPRESENTATION_CONTEXT(2) 
PARAMETRIC_REPRESENTATION_CONTEXT() REPRESENTATION_CONTEXT('2D SPACE',''
  ) );
#17371 = ADVANCED_FACE('',(#17372),#17029,.T.);
#17372 = FACE_BOUND('',#17373,.T.);
#17373 = EDGE_LOOP('',(#17374,#17375,#17376,#17399));
#17374 = ORIENTED_EDGE('',*,*,#17288,.F.);
#17375 = ORIENTED_EDGE('',*,*,#17013,.T.);
#17376 = ORIENTED_EDGE('',*,*,#17377,.T.);
#17377 = EDGE_CURVE('',#17014,#17378,#17380,.T.);
#17378 = VERTEX_POINT('',#17379);
#17379 = CARTESIAN_POINT('',(82.55,-298.45,120.65));
#17380 = SURFACE_CURVE('',#17381,(#17385,#17392),.PCURVE_S1.);
#17381 = LINE('',#17382,#17383);
#17382 = CARTESIAN_POINT('',(44.45,-298.45,120.65));
#17383 = VECTOR('',#17384,1.);
#17384 = DIRECTION('',(1.,0.,-0.));
#17385 = PCURVE('',#17029,#17386);
#17386 = DEFINITIONAL_REPRESENTATION('',(#17387),#17391);
#17387 = LINE('',#17388,#17389);
#17388 = CARTESIAN_POINT('',(3.175,0.));
#17389 = VECTOR('',#17390,1.);
#17390 = DIRECTION('',(0.,1.));
#17391 = ( GEOMETRIC_REPRESENTATION_CONTEXT(2) 
PARAMETRIC_REPRESENTATION_CONTEXT() REPRESENTATION_CONTEXT('2D SPACE',''
  ) );
#17392 = PCURVE('',#17057,#17393);
#17393 = DEFINITIONAL_REPRESENTATION('',(#17394),#17398);
#17394 = LINE('',#17395,#17396);
#17395 = CARTESIAN_POINT('',(0.,25.4));
#17396 = VECTOR('',#17397,1.);
#17397 = DIRECTION('',(1.,0.));
#17398 = ( GEOMETRIC_REPRESENTATION_CONTEXT(2) 
PARAMETRIC_REPRESENTATION_CONTEXT() REPRESENTATION_CONTEXT('2D SPACE',''
  ) );
#17399 = ORIENTED_EDGE('',*,*,#17400,.F.);
#17400 = EDGE_CURVE('',#17266,#17378,#17401,.T.);
#17401 = SURFACE_CURVE('',#17402,(#17406,#17413),.PCURVE_S1.);
#17402 = LINE('',#17403,#17404);
#17403 = CARTESIAN_POINT('',(82.55,-298.45,117.475));
#17404 = VECTOR('',#17405,1.);
#17405 = DIRECTION('',(0.,0.,1.));
#17406 = PCURVE('',#17029,#17407);
#17407 = DEFINITIONAL_REPRESENTATION('',(#17408),#17412);
#17408 = LINE('',#17409,#17410);
#17409 = CARTESIAN_POINT('',(0.,38.1));
#17410 = VECTOR('',#17411,1.);
#17411 = DIRECTION('',(1.,0.));
#17412 = ( GEOMETRIC_REPRESENTATION_CONTEXT(2) 
PARAMETRIC_REPRESENTATION_CONTEXT() REPRESENTATION_CONTEXT('2D SPACE',''
  ) );
#17413 = PCURVE('',#17187,#17414);
#17414 = DEFINITIONAL_REPRESENTATION('',(#17415),#17419);
#17415 = LINE('',#17416,#17417);
#17416 = CARTESIAN_POINT('',(0.,-25.4));
#17417 = VECTOR('',#17418,1.);
#17418 = DIRECTION('',(1.,0.));
#17419 = ( GEOMETRIC_REPRESENTATION_CONTEXT(2) 
PARAMETRIC_REPRESENTATION_CONTEXT() REPRESENTATION_CONTEXT('2D SPACE',''
  ) );
#17420 = ADVANCED_FACE('',(#17421,#17467,#17493),#17057,.T.);
#17421 = FACE_BOUND('',#17422,.T.);
#17422 = EDGE_LOOP('',(#17423,#17424,#17445,#17466));
#17423 = ORIENTED_EDGE('',*,*,#17041,.F.);
#17424 = ORIENTED_EDGE('',*,*,#17425,.T.);
#17425 = EDGE_CURVE('',#17042,#17426,#17428,.T.);
#17426 = VERTEX_POINT('',#17427);
#17427 = CARTESIAN_POINT('',(82.55,-320.675,120.65));
#17428 = SURFACE_CURVE('',#17429,(#17433,#17439),.PCURVE_S1.);
#17429 = LINE('',#17430,#17431);
#17430 = CARTESIAN_POINT('',(44.45,-320.675,120.65));
#17431 = VECTOR('',#17432,1.);
#17432 = DIRECTION('',(1.,0.,-0.));
#17433 = PCURVE('',#17057,#17434);
#17434 = DEFINITIONAL_REPRESENTATION('',(#17435),#17438);
#17435 = B_SPLINE_CURVE_WITH_KNOTS('',1,(#17436,#17437),.UNSPECIFIED.,
  .F.,.F.,(2,2),(0.,38.1),.PIECEWISE_BEZIER_KNOTS.);
#17436 = CARTESIAN_POINT('',(0.,3.175));
#17437 = CARTESIAN_POINT('',(38.1,3.175));
#17438 = ( GEOMETRIC_REPRESENTATION_CONTEXT(2) 
PARAMETRIC_REPRESENTATION_CONTEXT() REPRESENTATION_CONTEXT('2D SPACE',''
  ) );
#17439 = PCURVE('',#17085,#17440);
#17440 = DEFINITIONAL_REPRESENTATION('',(#17441),#17444);
#17441 = B_SPLINE_CURVE_WITH_KNOTS('',1,(#17442,#17443),.UNSPECIFIED.,
  .F.,.F.,(2,2),(0.,38.1),.PIECEWISE_BEZIER_KNOTS.);
#17442 = CARTESIAN_POINT('',(3.175,0.));
#17443 = CARTESIAN_POINT('',(3.175,38.1));
#17444 = ( GEOMETRIC_REPRESENTATION_CONTEXT(2) 
PARAMETRIC_REPRESENTATION_CONTEXT() REPRESENTATION_CONTEXT('2D SPACE',''
  ) );
#17445 = ORIENTED_EDGE('',*,*,#17446,.T.);
#17446 = EDGE_CURVE('',#17426,#17378,#17447,.T.);
#17447 = SURFACE_CURVE('',#17448,(#17452,#17459),.PCURVE_S1.);
#17448 = LINE('',#17449,#17450);
#17449 = CARTESIAN_POINT('',(82.55,-323.85,120.65));
#17450 = VECTOR('',#17451,1.);
#17451 = DIRECTION('',(-0.,1.,0.));
#17452 = PCURVE('',#17057,#17453);
#17453 = DEFINITIONAL_REPRESENTATION('',(#17454),#17458);
#17454 = LINE('',#17455,#17456);
#17455 = CARTESIAN_POINT('',(38.1,0.));
#17456 = VECTOR('',#17457,1.);
#17457 = DIRECTION('',(0.,1.));
#17458 = ( GEOMETRIC_REPRESENTATION_CONTEXT(2) 
PARAMETRIC_REPRESENTATION_CONTEXT() REPRESENTATION_CONTEXT('2D SPACE',''
  ) );
#17459 = PCURVE('',#17187,#17460);
#17460 = DEFINITIONAL_REPRESENTATION('',(#17461),#17465);
#17461 = LINE('',#17462,#17463);
#17462 = CARTESIAN_POINT('',(3.175,0.));
#17463 = VECTOR('',#17464,1.);
#17464 = DIRECTION('',(0.,-1.));
#17465 = ( GEOMETRIC_REPRESENTATION_CONTEXT(2) 
PARAMETRIC_REPRESENTATION_CONTEXT() REPRESENTATION_CONTEXT('2D SPACE',''
  ) );
#17466 = ORIENTED_EDGE('',*,*,#17377,.F.);
#17467 = FACE_BOUND('',#17468,.T.);
#17468 = EDGE_LOOP('',(#17469));
#17469 = ORIENTED_EDGE('',*,*,#17470,.F.);
#17470 = EDGE_CURVE('',#17471,#17471,#17473,.T.);
#17471 = VERTEX_POINT('',#17472);
#17472 = CARTESIAN_POINT('',(55.8927,-309.88,120.65));
#17473 = SURFACE_CURVE('',#17474,(#17479,#17486),.PCURVE_S1.);
#17474 = CIRCLE('',#17475,2.5527);
#17475 = AXIS2_PLACEMENT_3D('',#17476,#17477,#17478);
#17476 = CARTESIAN_POINT('',(53.34,-309.88,120.65));
#17477 = DIRECTION('',(0.,0.,1.));
#17478 = DIRECTION('',(1.,0.,-0.));
#17479 = PCURVE('',#17057,#17480);
#17480 = DEFINITIONAL_REPRESENTATION('',(#17481),#17485);
#17481 = CIRCLE('',#17482,2.5527);
#17482 = AXIS2_PLACEMENT_2D('',#17483,#17484);
#17483 = CARTESIAN_POINT('',(8.89,13.97));
#17484 = DIRECTION('',(1.,0.));
#17485 = ( GEOMETRIC_REPRESENTATION_CONTEXT(2) 
PARAMETRIC_REPRESENTATION_CONTEXT() REPRESENTATION_CONTEXT('2D SPACE',''
  ) );
#17486 = PCURVE('',#17329,#17487);
#17487 = DEFINITIONAL_REPRESENTATION('',(#17488),#17492);
#17488 = LINE('',#17489,#17490);
#17489 = CARTESIAN_POINT('',(0.,6.35));
#17490 = VECTOR('',#17491,1.);
#17491 = DIRECTION('',(1.,0.));
#17492 = ( GEOMETRIC_REPRESENTATION_CONTEXT(2) 
PARAMETRIC_REPRESENTATION_CONTEXT() REPRESENTATION_CONTEXT('2D SPACE',''
  ) );
#17493 = FACE_BOUND('',#17494,.T.);
#17494 = EDGE_LOOP('',(#17495));
#17495 = ORIENTED_EDGE('',*,*,#17496,.F.);
#17496 = EDGE_CURVE('',#17497,#17497,#17499,.T.);
#17497 = VERTEX_POINT('',#17498);
#17498 = CARTESIAN_POINT('',(76.2127,-309.88,120.65));
#17499 = SURFACE_CURVE('',#17500,(#17505,#17512),.PCURVE_S1.);
#17500 = CIRCLE('',#17501,2.5527);
#17501 = AXIS2_PLACEMENT_3D('',#17502,#17503,#17504);
#17502 = CARTESIAN_POINT('',(73.66,-309.88,120.65));
#17503 = DIRECTION('',(0.,0.,1.));
#17504 = DIRECTION('',(1.,0.,-0.));
#17505 = PCURVE('',#17057,#17506);
#17506 = DEFINITIONAL_REPRESENTATION('',(#17507),#17511);
#17507 = CIRCLE('',#17508,2.5527);
#17508 = AXIS2_PLACEMENT_2D('',#17509,#17510);
#17509 = CARTESIAN_POINT('',(29.21,13.97));
#17510 = DIRECTION('',(1.,0.));
#17511 = ( GEOMETRIC_REPRESENTATION_CONTEXT(2) 
PARAMETRIC_REPRESENTATION_CONTEXT() REPRESENTATION_CONTEXT('2D SPACE',''
  ) );
#17512 = PCURVE('',#17360,#17513);
#17513 = DEFINITIONAL_REPRESENTATION('',(#17514),#17518);
#17514 = LINE('',#17515,#17516);
#17515 = CARTESIAN_POINT('',(0.,6.35));
#17516 = VECTOR('',#17517,1.);
#17517 = DIRECTION('',(1.,0.));
#17518 = ( GEOMETRIC_REPRESENTATION_CONTEXT(2) 
PARAMETRIC_REPRESENTATION_CONTEXT() REPRESENTATION_CONTEXT('2D SPACE',''
  ) );
#17519 = ADVANCED_FACE('',(#17520,#17568,#17594),#17085,.T.);
#17520 = FACE_BOUND('',#17521,.T.);
#17521 = EDGE_LOOP('',(#17522,#17545,#17546,#17547));
#17522 = ORIENTED_EDGE('',*,*,#17523,.F.);
#17523 = EDGE_CURVE('',#17426,#17524,#17526,.T.);
#17524 = VERTEX_POINT('',#17525);
#17525 = CARTESIAN_POINT('',(82.55,-320.675,218.44));
#17526 = SURFACE_CURVE('',#17527,(#17531,#17538),.PCURVE_S1.);
#17527 = LINE('',#17528,#17529);
#17528 = CARTESIAN_POINT('',(82.55,-320.675,117.475));
#17529 = VECTOR('',#17530,1.);
#17530 = DIRECTION('',(0.,0.,1.));
#17531 = PCURVE('',#17085,#17532);
#17532 = DEFINITIONAL_REPRESENTATION('',(#17533),#17537);
#17533 = LINE('',#17534,#17535);
#17534 = CARTESIAN_POINT('',(0.,38.1));
#17535 = VECTOR('',#17536,1.);
#17536 = DIRECTION('',(1.,0.));
#17537 = ( GEOMETRIC_REPRESENTATION_CONTEXT(2) 
PARAMETRIC_REPRESENTATION_CONTEXT() REPRESENTATION_CONTEXT('2D SPACE',''
  ) );
#17538 = PCURVE('',#17187,#17539);
#17539 = DEFINITIONAL_REPRESENTATION('',(#17540),#17544);
#17540 = LINE('',#17541,#17542);
#17541 = CARTESIAN_POINT('',(0.,-3.175));
#17542 = VECTOR('',#17543,1.);
#17543 = DIRECTION('',(1.,0.));
#17544 = ( GEOMETRIC_REPRESENTATION_CONTEXT(2) 
PARAMETRIC_REPRESENTATION_CONTEXT() REPRESENTATION_CONTEXT('2D SPACE',''
  ) );
#17545 = ORIENTED_EDGE('',*,*,#17425,.F.);
#17546 = ORIENTED_EDGE('',*,*,#17069,.T.);
#17547 = ORIENTED_EDGE('',*,*,#17548,.T.);
#17548 = EDGE_CURVE('',#17070,#17524,#17549,.T.);
#17549 = SURFACE_CURVE('',#17550,(#17554,#17561),.PCURVE_S1.);
#17550 = LINE('',#17551,#17552);
#17551 = CARTESIAN_POINT('',(44.45,-320.675,218.44));
#17552 = VECTOR('',#17553,1.);
#17553 = DIRECTION('',(1.,0.,-0.));
#17554 = PCURVE('',#17085,#17555);
#17555 = DEFINITIONAL_REPRESENTATION('',(#17556),#17560);
#17556 = LINE('',#17557,#17558);
#17557 = CARTESIAN_POINT('',(100.965,0.));
#17558 = VECTOR('',#17559,1.);
#17559 = DIRECTION('',(0.,1.));
#17560 = ( GEOMETRIC_REPRESENTATION_CONTEXT(2) 
PARAMETRIC_REPRESENTATION_CONTEXT() REPRESENTATION_CONTEXT('2D SPACE',''
  ) );
#17561 = PCURVE('',#17111,#17562);
#17562 = DEFINITIONAL_REPRESENTATION('',(#17563),#17567);
#17563 = LINE('',#17564,#17565);
#17564 = CARTESIAN_POINT('',(0.,3.175));
#17565 = VECTOR('',#17566,1.);
#17566 = DIRECTION('',(1.,0.));
#17567 = ( GEOMETRIC_REPRESENTATION_CONTEXT(2) 
PARAMETRIC_REPRESENTATION_CONTEXT() REPRESENTATION_CONTEXT('2D SPACE',''
  ) );
#17568 = FACE_BOUND('',#17569,.T.);
#17569 = EDGE_LOOP('',(#17570));
#17570 = ORIENTED_EDGE('',*,*,#17571,.F.);
#17571 = EDGE_CURVE('',#17572,#17572,#17574,.T.);
#17572 = VERTEX_POINT('',#17573);
#17573 = CARTESIAN_POINT('',(53.34,-320.675,213.3727));
#17574 = SURFACE_CURVE('',#17575,(#17580,#17587),.PCURVE_S1.);
#17575 = CIRCLE('',#17576,2.5527);
#17576 = AXIS2_PLACEMENT_3D('',#17577,#17578,#17579);
#17577 = CARTESIAN_POINT('',(53.34,-320.675,210.82));
#17578 = DIRECTION('',(0.,1.,0.));
#17579 = DIRECTION('',(0.,-0.,1.));
#17580 = PCURVE('',#17085,#17581);
#17581 = DEFINITIONAL_REPRESENTATION('',(#17582),#17586);
#17582 = CIRCLE('',#17583,2.5527);
#17583 = AXIS2_PLACEMENT_2D('',#17584,#17585);
#17584 = CARTESIAN_POINT('',(93.345,8.89));
#17585 = DIRECTION('',(1.,0.));
#17586 = ( GEOMETRIC_REPRESENTATION_CONTEXT(2) 
PARAMETRIC_REPRESENTATION_CONTEXT() REPRESENTATION_CONTEXT('2D SPACE',''
  ) );
#17587 = PCURVE('',#17218,#17588);
#17588 = DEFINITIONAL_REPRESENTATION('',(#17589),#17593);
#17589 = LINE('',#17590,#17591);
#17590 = CARTESIAN_POINT('',(0.,5.715));
#17591 = VECTOR('',#17592,1.);
#17592 = DIRECTION('',(1.,0.));
#17593 = ( GEOMETRIC_REPRESENTATION_CONTEXT(2) 
PARAMETRIC_REPRESENTATION_CONTEXT() REPRESENTATION_CONTEXT('2D SPACE',''
  ) );
#17594 = FACE_BOUND('',#17595,.T.);
#17595 = EDGE_LOOP('',(#17596));
#17596 = ORIENTED_EDGE('',*,*,#17597,.F.);
#17597 = EDGE_CURVE('',#17598,#17598,#17600,.T.);
#17598 = VERTEX_POINT('',#17599);
#17599 = CARTESIAN_POINT('',(73.66,-320.675,213.3727));
#17600 = SURFACE_CURVE('',#17601,(#17606,#17613),.PCURVE_S1.);
#17601 = CIRCLE('',#17602,2.5527);
#17602 = AXIS2_PLACEMENT_3D('',#17603,#17604,#17605);
#17603 = CARTESIAN_POINT('',(73.66,-320.675,210.82));
#17604 = DIRECTION('',(0.,1.,0.));
#17605 = DIRECTION('',(0.,-0.,1.));
#17606 = PCURVE('',#17085,#17607);
#17607 = DEFINITIONAL_REPRESENTATION('',(#17608),#17612);
#17608 = CIRCLE('',#17609,2.5527);
#17609 = AXIS2_PLACEMENT_2D('',#17610,#17611);
#17610 = CARTESIAN_POINT('',(93.345,29.21));
#17611 = DIRECTION('',(1.,0.));
#17612 = ( GEOMETRIC_REPRESENTATION_CONTEXT(2) 
PARAMETRIC_REPRESENTATION_CONTEXT() REPRESENTATION_CONTEXT('2D SPACE',''
  ) );
#17613 = PCURVE('',#17249,#17614);
#17614 = DEFINITIONAL_REPRESENTATION('',(#17615),#17619);
#17615 = LINE('',#17616,#17617);
#17616 = CARTESIAN_POINT('',(0.,5.715));
#17617 = VECTOR('',#17618,1.);
#17618 = DIRECTION('',(1.,0.));
#17619 = ( GEOMETRIC_REPRESENTATION_CONTEXT(2) 
PARAMETRIC_REPRESENTATION_CONTEXT() REPRESENTATION_CONTEXT('2D SPACE',''
  ) );
#17620 = ADVANCED_FACE('',(#17621),#17111,.T.);
#17621 = FACE_BOUND('',#17622,.T.);
#17622 = EDGE_LOOP('',(#17623,#17624,#17625,#17646));
#17623 = ORIENTED_EDGE('',*,*,#17097,.F.);
#17624 = ORIENTED_EDGE('',*,*,#17150,.T.);
#17625 = ORIENTED_EDGE('',*,*,#17626,.T.);
#17626 = EDGE_CURVE('',#17151,#17524,#17627,.T.);
#17627 = SURFACE_CURVE('',#17628,(#17632,#17639),.PCURVE_S1.);
#17628 = LINE('',#17629,#17630);
#17629 = CARTESIAN_POINT('',(82.55,-323.85,218.44));
#17630 = VECTOR('',#17631,1.);
#17631 = DIRECTION('',(-0.,1.,0.));
#17632 = PCURVE('',#17111,#17633);
#17633 = DEFINITIONAL_REPRESENTATION('',(#17634),#17638);
#17634 = LINE('',#17635,#17636);
#17635 = CARTESIAN_POINT('',(38.1,0.));
#17636 = VECTOR('',#17637,1.);
#17637 = DIRECTION('',(0.,1.));
#17638 = ( GEOMETRIC_REPRESENTATION_CONTEXT(2) 
PARAMETRIC_REPRESENTATION_CONTEXT() REPRESENTATION_CONTEXT('2D SPACE',''
  ) );
#17639 = PCURVE('',#17187,#17640);
#17640 = DEFINITIONAL_REPRESENTATION('',(#17641),#17645);
#17641 = LINE('',#17642,#17643);
#17642 = CARTESIAN_POINT('',(100.965,0.));
#17643 = VECTOR('',#17644,1.);
#17644 = DIRECTION('',(0.,-1.));
#17645 = ( GEOMETRIC_REPRESENTATION_CONTEXT(2) 
PARAMETRIC_REPRESENTATION_CONTEXT() REPRESENTATION_CONTEXT('2D SPACE',''
  ) );
#17646 = ORIENTED_EDGE('',*,*,#17548,.F.);
#17647 = ADVANCED_FACE('',(#17648),#17187,.T.);
#17648 = FACE_BOUND('',#17649,.T.);
#17649 = EDGE_LOOP('',(#17650,#17651,#17652,#17653,#17654,#17655));
#17650 = ORIENTED_EDGE('',*,*,#17173,.F.);
#17651 = ORIENTED_EDGE('',*,*,#17265,.F.);
#17652 = ORIENTED_EDGE('',*,*,#17400,.T.);
#17653 = ORIENTED_EDGE('',*,*,#17446,.F.);
#17654 = ORIENTED_EDGE('',*,*,#17523,.T.);
#17655 = ORIENTED_EDGE('',*,*,#17626,.F.);
#17656 = ADVANCED_FACE('',(#17657),#17218,.F.);
#17657 = FACE_BOUND('',#17658,.F.);
#17658 = EDGE_LOOP('',(#17659,#17660,#17681,#17682));
#17659 = ORIENTED_EDGE('',*,*,#17571,.F.);
#17660 = ORIENTED_EDGE('',*,*,#17661,.F.);
#17661 = EDGE_CURVE('',#17202,#17572,#17662,.T.);
#17662 = SEAM_CURVE('',#17663,(#17667,#17674),.PCURVE_S1.);
#17663 = LINE('',#17664,#17665);
#17664 = CARTESIAN_POINT('',(53.34,-326.39,213.3727));
#17665 = VECTOR('',#17666,1.);
#17666 = DIRECTION('',(0.,1.,0.));
#17667 = PCURVE('',#17218,#17668);
#17668 = DEFINITIONAL_REPRESENTATION('',(#17669),#17673);
#17669 = LINE('',#17670,#17671);
#17670 = CARTESIAN_POINT('',(6.28318530718,-0.));
#17671 = VECTOR('',#17672,1.);
#17672 = DIRECTION('',(0.,1.));
#17673 = ( GEOMETRIC_REPRESENTATION_CONTEXT(2) 
PARAMETRIC_REPRESENTATION_CONTEXT() REPRESENTATION_CONTEXT('2D SPACE',''
  ) );
#17674 = PCURVE('',#17218,#17675);
#17675 = DEFINITIONAL_REPRESENTATION('',(#17676),#17680);
#17676 = LINE('',#17677,#17678);
#17677 = CARTESIAN_POINT('',(0.,-0.));
#17678 = VECTOR('',#17679,1.);
#17679 = DIRECTION('',(0.,1.));
#17680 = ( GEOMETRIC_REPRESENTATION_CONTEXT(2) 
PARAMETRIC_REPRESENTATION_CONTEXT() REPRESENTATION_CONTEXT('2D SPACE',''
  ) );
#17681 = ORIENTED_EDGE('',*,*,#17201,.T.);
#17682 = ORIENTED_EDGE('',*,*,#17661,.T.);
#17683 = ADVANCED_FACE('',(#17684),#17249,.F.);
#17684 = FACE_BOUND('',#17685,.F.);
#17685 = EDGE_LOOP('',(#17686,#17687,#17708,#17709));
#17686 = ORIENTED_EDGE('',*,*,#17597,.F.);
#17687 = ORIENTED_EDGE('',*,*,#17688,.F.);
#17688 = EDGE_CURVE('',#17233,#17598,#17689,.T.);
#17689 = SEAM_CURVE('',#17690,(#17694,#17701),.PCURVE_S1.);
#17690 = LINE('',#17691,#17692);
#17691 = CARTESIAN_POINT('',(73.66,-326.39,213.3727));
#17692 = VECTOR('',#17693,1.);
#17693 = DIRECTION('',(0.,1.,0.));
#17694 = PCURVE('',#17249,#17695);
#17695 = DEFINITIONAL_REPRESENTATION('',(#17696),#17700);
#17696 = LINE('',#17697,#17698);
#17697 = CARTESIAN_POINT('',(6.28318530718,-0.));
#17698 = VECTOR('',#17699,1.);
#17699 = DIRECTION('',(0.,1.));
#17700 = ( GEOMETRIC_REPRESENTATION_CONTEXT(2) 
PARAMETRIC_REPRESENTATION_CONTEXT() REPRESENTATION_CONTEXT('2D SPACE',''
  ) );
#17701 = PCURVE('',#17249,#17702);
#17702 = DEFINITIONAL_REPRESENTATION('',(#17703),#17707);
#17703 = LINE('',#17704,#17705);
#17704 = CARTESIAN_POINT('',(0.,-0.));
#17705 = VECTOR('',#17706,1.);
#17706 = DIRECTION('',(0.,1.));
#17707 = ( GEOMETRIC_REPRESENTATION_CONTEXT(2) 
PARAMETRIC_REPRESENTATION_CONTEXT() REPRESENTATION_CONTEXT('2D SPACE',''
  ) );
#17708 = ORIENTED_EDGE('',*,*,#17232,.T.);
#17709 = ORIENTED_EDGE('',*,*,#17688,.T.);
#17710 = ADVANCED_FACE('',(#17711),#17329,.F.);
#17711 = FACE_BOUND('',#17712,.F.);
#17712 = EDGE_LOOP('',(#17713,#17714,#17735,#17736));
#17713 = ORIENTED_EDGE('',*,*,#17470,.F.);
#17714 = ORIENTED_EDGE('',*,*,#17715,.F.);
#17715 = EDGE_CURVE('',#17313,#17471,#17716,.T.);
#17716 = SEAM_CURVE('',#17717,(#17721,#17728),.PCURVE_S1.);
#17717 = LINE('',#17718,#17719);
#17718 = CARTESIAN_POINT('',(55.8927,-309.88,114.3));
#17719 = VECTOR('',#17720,1.);
#17720 = DIRECTION('',(0.,0.,1.));
#17721 = PCURVE('',#17329,#17722);
#17722 = DEFINITIONAL_REPRESENTATION('',(#17723),#17727);
#17723 = LINE('',#17724,#17725);
#17724 = CARTESIAN_POINT('',(6.28318530718,-0.));
#17725 = VECTOR('',#17726,1.);
#17726 = DIRECTION('',(0.,1.));
#17727 = ( GEOMETRIC_REPRESENTATION_CONTEXT(2) 
PARAMETRIC_REPRESENTATION_CONTEXT() REPRESENTATION_CONTEXT('2D SPACE',''
  ) );
#17728 = PCURVE('',#17329,#17729);
#17729 = DEFINITIONAL_REPRESENTATION('',(#17730),#17734);
#17730 = LINE('',#17731,#17732);
#17731 = CARTESIAN_POINT('',(0.,-0.));
#17732 = VECTOR('',#17733,1.);
#17733 = DIRECTION('',(0.,1.));
#17734 = ( GEOMETRIC_REPRESENTATION_CONTEXT(2) 
PARAMETRIC_REPRESENTATION_CONTEXT() REPRESENTATION_CONTEXT('2D SPACE',''
  ) );
#17735 = ORIENTED_EDGE('',*,*,#17312,.T.);
#17736 = ORIENTED_EDGE('',*,*,#17715,.T.);
#17737 = ADVANCED_FACE('',(#17738),#17360,.F.);
#17738 = FACE_BOUND('',#17739,.F.);
#17739 = EDGE_LOOP('',(#17740,#17741,#17762,#17763));
#17740 = ORIENTED_EDGE('',*,*,#17496,.F.);
#17741 = ORIENTED_EDGE('',*,*,#17742,.F.);
#17742 = EDGE_CURVE('',#17344,#17497,#17743,.T.);
#17743 = SEAM_CURVE('',#17744,(#17748,#17755),.PCURVE_S1.);
#17744 = LINE('',#17745,#17746);
#17745 = CARTESIAN_POINT('',(76.2127,-309.88,114.3));
#17746 = VECTOR('',#17747,1.);
#17747 = DIRECTION('',(0.,0.,1.));
#17748 = PCURVE('',#17360,#17749);
#17749 = DEFINITIONAL_REPRESENTATION('',(#17750),#17754);
#17750 = LINE('',#17751,#17752);
#17751 = CARTESIAN_POINT('',(6.28318530718,-0.));
#17752 = VECTOR('',#17753,1.);
#17753 = DIRECTION('',(0.,1.));
#17754 = ( GEOMETRIC_REPRESENTATION_CONTEXT(2) 
PARAMETRIC_REPRESENTATION_CONTEXT() REPRESENTATION_CONTEXT('2D SPACE',''
  ) );
#17755 = PCURVE('',#17360,#17756);
#17756 = DEFINITIONAL_REPRESENTATION('',(#17757),#17761);
#17757 = LINE('',#17758,#17759);
#17758 = CARTESIAN_POINT('',(0.,-0.));
#17759 = VECTOR('',#17760,1.);
#17760 = DIRECTION('',(0.,1.));
#17761 = ( GEOMETRIC_REPRESENTATION_CONTEXT(2) 
PARAMETRIC_REPRESENTATION_CONTEXT() REPRESENTATION_CONTEXT('2D SPACE',''
  ) );
#17762 = ORIENTED_EDGE('',*,*,#17343,.T.);
#17763 = ORIENTED_EDGE('',*,*,#17742,.T.);
#17764 = ( GEOMETRIC_REPRESENTATION_CONTEXT(3) 
GLOBAL_UNCERTAINTY_ASSIGNED_CONTEXT((#17768)) 
GLOBAL_UNIT_ASSIGNED_CONTEXT((#17765,#17766,#17767)) 
REPRESENTATION_CONTEXT('Context #1',
  '3D Context with UNIT and UNCERTAINTY') );
#17765 = ( LENGTH_UNIT() NAMED_UNIT(*) SI_UNIT(.MILLI.,.METRE.) );
#17766 = ( NAMED_UNIT(*) PLANE_ANGLE_UNIT() SI_UNIT($,.RADIAN.) );
#17767 = ( NAMED_UNIT(*) SI_UNIT($,.STERADIAN.) SOLID_ANGLE_UNIT() );
#17768 = UNCERTAINTY_MEASURE_WITH_UNIT(LENGTH_MEASURE(1.E-07),#17765,
  'distance_accuracy_value','confusion accuracy');
#17769 = CONTEXT_DEPENDENT_SHAPE_REPRESENTATION(#17770,#17772);
#17770 = ( REPRESENTATION_RELATIONSHIP('','',#16943,#10) 
REPRESENTATION_RELATIONSHIP_WITH_TRANSFORMATION(#17771) 
SHAPE_REPRESENTATION_RELATIONSHIP() );
#17771 = ITEM_DEFINED_TRANSFORMATION('','',#11,#27);
#17772 = PRODUCT_DEFINITION_SHAPE('Placement','Placement of an item',
  #17773);
#17773 = NEXT_ASSEMBLY_USAGE_OCCURRENCE('31','E-002 upright 3','',#5,
  #16938,$);
#17774 = PRODUCT_RELATED_PRODUCT_CATEGORY('part',$,(#16940));
#17775 = SHAPE_DEFINITION_REPRESENTATION(#17776,#17782);
#17776 = PRODUCT_DEFINITION_SHAPE('','',#17777);
#17777 = PRODUCT_DEFINITION('design','',#17778,#17781);
#17778 = PRODUCT_DEFINITION_FORMATION('','',#17779);
#17779 = PRODUCT('E-002 upright 4','E-002 upright 4','',(#17780));
#17780 = PRODUCT_CONTEXT('',#2,'mechanical');
#17781 = PRODUCT_DEFINITION_CONTEXT('part definition',#2,'design');
#17782 = ADVANCED_BREP_SHAPE_REPRESENTATION('',(#11,#17783),#18603);
#17783 = MANIFOLD_SOLID_BREP('',#17784);
#17784 = CLOSED_SHELL('',(#17785,#17961,#18099,#18210,#18259,#18358,
    #18459,#18486,#18495,#18522,#18549,#18576));
#17785 = ADVANCED_FACE('',(#17786),#17800,.F.);
#17786 = FACE_BOUND('',#17787,.F.);
#17787 = EDGE_LOOP('',(#17788,#17823,#17851,#17879,#17907,#17935));
#17788 = ORIENTED_EDGE('',*,*,#17789,.F.);
#17789 = EDGE_CURVE('',#17790,#17792,#17794,.T.);
#17790 = VERTEX_POINT('',#17791);
#17791 = CARTESIAN_POINT('',(158.75,-323.85,117.475));
#17792 = VERTEX_POINT('',#17793);
#17793 = CARTESIAN_POINT('',(158.75,-323.85,218.44));
#17794 = SURFACE_CURVE('',#17795,(#17799,#17811),.PCURVE_S1.);
#17795 = LINE('',#17796,#17797);
#17796 = CARTESIAN_POINT('',(158.75,-323.85,117.475));
#17797 = VECTOR('',#17798,1.);
#17798 = DIRECTION('',(0.,0.,1.));
#17799 = PCURVE('',#17800,#17805);
#17800 = PLANE('',#17801);
#17801 = AXIS2_PLACEMENT_3D('',#17802,#17803,#17804);
#17802 = CARTESIAN_POINT('',(158.75,-323.85,117.475));
#17803 = DIRECTION('',(1.,0.,-0.));
#17804 = DIRECTION('',(0.,0.,1.));
#17805 = DEFINITIONAL_REPRESENTATION('',(#17806),#17810);
#17806 = LINE('',#17807,#17808);
#17807 = CARTESIAN_POINT('',(0.,0.));
#17808 = VECTOR('',#17809,1.);
#17809 = DIRECTION('',(1.,0.));
#17810 = ( GEOMETRIC_REPRESENTATION_CONTEXT(2) 
PARAMETRIC_REPRESENTATION_CONTEXT() REPRESENTATION_CONTEXT('2D SPACE',''
  ) );
#17811 = PCURVE('',#17812,#17817);
#17812 = PLANE('',#17813);
#17813 = AXIS2_PLACEMENT_3D('',#17814,#17815,#17816);
#17814 = CARTESIAN_POINT('',(158.75,-323.85,117.475));
#17815 = DIRECTION('',(-0.,1.,0.));
#17816 = DIRECTION('',(0.,0.,1.));
#17817 = DEFINITIONAL_REPRESENTATION('',(#17818),#17822);
#17818 = LINE('',#17819,#17820);
#17819 = CARTESIAN_POINT('',(0.,0.));
#17820 = VECTOR('',#17821,1.);
#17821 = DIRECTION('',(1.,0.));
#17822 = ( GEOMETRIC_REPRESENTATION_CONTEXT(2) 
PARAMETRIC_REPRESENTATION_CONTEXT() REPRESENTATION_CONTEXT('2D SPACE',''
  ) );
#17823 = ORIENTED_EDGE('',*,*,#17824,.F.);
#17824 = EDGE_CURVE('',#17825,#17790,#17827,.T.);
#17825 = VERTEX_POINT('',#17826);
#17826 = CARTESIAN_POINT('',(158.75,-298.45,117.475));
#17827 = SURFACE_CURVE('',#17828,(#17832,#17839),.PCURVE_S1.);
#17828 = LINE('',#17829,#17830);
#17829 = CARTESIAN_POINT('',(158.75,-298.45,117.475));
#17830 = VECTOR('',#17831,1.);
#17831 = DIRECTION('',(0.,-1.,0.));
#17832 = PCURVE('',#17800,#17833);
#17833 = DEFINITIONAL_REPRESENTATION('',(#17834),#17838);
#17834 = LINE('',#17835,#17836);
#17835 = CARTESIAN_POINT('',(0.,-25.4));
#17836 = VECTOR('',#17837,1.);
#17837 = DIRECTION('',(0.,1.));
#17838 = ( GEOMETRIC_REPRESENTATION_CONTEXT(2) 
PARAMETRIC_REPRESENTATION_CONTEXT() REPRESENTATION_CONTEXT('2D SPACE',''
  ) );
#17839 = PCURVE('',#17840,#17845);
#17840 = PLANE('',#17841);
#17841 = AXIS2_PLACEMENT_3D('',#17842,#17843,#17844);
#17842 = CARTESIAN_POINT('',(158.75,-323.85,117.475));
#17843 = DIRECTION('',(0.,0.,1.));
#17844 = DIRECTION('',(1.,0.,-0.));
#17845 = DEFINITIONAL_REPRESENTATION('',(#17846),#17850);
#17846 = LINE('',#17847,#17848);
#17847 = CARTESIAN_POINT('',(0.,25.4));
#17848 = VECTOR('',#17849,1.);
#17849 = DIRECTION('',(0.,-1.));
#17850 = ( GEOMETRIC_REPRESENTATION_CONTEXT(2) 
PARAMETRIC_REPRESENTATION_CONTEXT() REPRESENTATION_CONTEXT('2D SPACE',''
  ) );
#17851 = ORIENTED_EDGE('',*,*,#17852,.T.);
#17852 = EDGE_CURVE('',#17825,#17853,#17855,.T.);
#17853 = VERTEX_POINT('',#17854);
#17854 = CARTESIAN_POINT('',(158.75,-298.45,120.65));
#17855 = SURFACE_CURVE('',#17856,(#17860,#17867),.PCURVE_S1.);
#17856 = LINE('',#17857,#17858);
#17857 = CARTESIAN_POINT('',(158.75,-298.45,117.475));
#17858 = VECTOR('',#17859,1.);
#17859 = DIRECTION('',(0.,0.,1.));
#17860 = PCURVE('',#17800,#17861);
#17861 = DEFINITIONAL_REPRESENTATION('',(#17862),#17866);
#17862 = LINE('',#17863,#17864);
#17863 = CARTESIAN_POINT('',(0.,-25.4));
#17864 = VECTOR('',#17865,1.);
#17865 = DIRECTION('',(1.,0.));
#17866 = ( GEOMETRIC_REPRESENTATION_CONTEXT(2) 
PARAMETRIC_REPRESENTATION_CONTEXT() REPRESENTATION_CONTEXT('2D SPACE',''
  ) );
#17867 = PCURVE('',#17868,#17873);
#17868 = PLANE('',#17869);
#17869 = AXIS2_PLACEMENT_3D('',#17870,#17871,#17872);
#17870 = CARTESIAN_POINT('',(158.75,-298.45,117.475));
#17871 = DIRECTION('',(-0.,1.,0.));
#17872 = DIRECTION('',(0.,0.,1.));
#17873 = DEFINITIONAL_REPRESENTATION('',(#17874),#17878);
#17874 = LINE('',#17875,#17876);
#17875 = CARTESIAN_POINT('',(0.,0.));
#17876 = VECTOR('',#17877,1.);
#17877 = DIRECTION('',(1.,0.));
#17878 = ( GEOMETRIC_REPRESENTATION_CONTEXT(2) 
PARAMETRIC_REPRESENTATION_CONTEXT() REPRESENTATION_CONTEXT('2D SPACE',''
  ) );
#17879 = ORIENTED_EDGE('',*,*,#17880,.F.);
#17880 = EDGE_CURVE('',#17881,#17853,#17883,.T.);
#17881 = VERTEX_POINT('',#17882);
#17882 = CARTESIAN_POINT('',(158.75,-320.675,120.65));
#17883 = SURFACE_CURVE('',#17884,(#17888,#17895),.PCURVE_S1.);
#17884 = LINE('',#17885,#17886);
#17885 = CARTESIAN_POINT('',(158.75,-323.85,120.65));
#17886 = VECTOR('',#17887,1.);
#17887 = DIRECTION('',(-0.,1.,0.));
#17888 = PCURVE('',#17800,#17889);
#17889 = DEFINITIONAL_REPRESENTATION('',(#17890),#17894);
#17890 = LINE('',#17891,#17892);
#17891 = CARTESIAN_POINT('',(3.175,0.));
#17892 = VECTOR('',#17893,1.);
#17893 = DIRECTION('',(0.,-1.));
#17894 = ( GEOMETRIC_REPRESENTATION_CONTEXT(2) 
PARAMETRIC_REPRESENTATION_CONTEXT() REPRESENTATION_CONTEXT('2D SPACE',''
  ) );
#17895 = PCURVE('',#17896,#17901);
#17896 = PLANE('',#17897);
#17897 = AXIS2_PLACEMENT_3D('',#17898,#17899,#17900);
#17898 = CARTESIAN_POINT('',(158.75,-323.85,120.65));
#17899 = DIRECTION('',(0.,0.,1.));
#17900 = DIRECTION('',(1.,0.,-0.));
#17901 = DEFINITIONAL_REPRESENTATION('',(#17902),#17906);
#17902 = LINE('',#17903,#17904);
#17903 = CARTESIAN_POINT('',(0.,0.));
#17904 = VECTOR('',#17905,1.);
#17905 = DIRECTION('',(0.,1.));
#17906 = ( GEOMETRIC_REPRESENTATION_CONTEXT(2) 
PARAMETRIC_REPRESENTATION_CONTEXT() REPRESENTATION_CONTEXT('2D SPACE',''
  ) );
#17907 = ORIENTED_EDGE('',*,*,#17908,.T.);
#17908 = EDGE_CURVE('',#17881,#17909,#17911,.T.);
#17909 = VERTEX_POINT('',#17910);
#17910 = CARTESIAN_POINT('',(158.75,-320.675,218.44));
#17911 = SURFACE_CURVE('',#17912,(#17916,#17923),.PCURVE_S1.);
#17912 = LINE('',#17913,#17914);
#17913 = CARTESIAN_POINT('',(158.75,-320.675,117.475));
#17914 = VECTOR('',#17915,1.);
#17915 = DIRECTION('',(0.,0.,1.));
#17916 = PCURVE('',#17800,#17917);
#17917 = DEFINITIONAL_REPRESENTATION('',(#17918),#17922);
#17918 = LINE('',#17919,#17920);
#17919 = CARTESIAN_POINT('',(0.,-3.175));
#17920 = VECTOR('',#17921,1.);
#17921 = DIRECTION('',(1.,0.));
#17922 = ( GEOMETRIC_REPRESENTATION_CONTEXT(2) 
PARAMETRIC_REPRESENTATION_CONTEXT() REPRESENTATION_CONTEXT('2D SPACE',''
  ) );
#17923 = PCURVE('',#17924,#17929);
#17924 = PLANE('',#17925);
#17925 = AXIS2_PLACEMENT_3D('',#17926,#17927,#17928);
#17926 = CARTESIAN_POINT('',(158.75,-320.675,117.475));
#17927 = DIRECTION('',(-0.,1.,0.));
#17928 = DIRECTION('',(0.,0.,1.));
#17929 = DEFINITIONAL_REPRESENTATION('',(#17930),#17934);
#17930 = LINE('',#17931,#17932);
#17931 = CARTESIAN_POINT('',(0.,0.));
#17932 = VECTOR('',#17933,1.);
#17933 = DIRECTION('',(1.,0.));
#17934 = ( GEOMETRIC_REPRESENTATION_CONTEXT(2) 
PARAMETRIC_REPRESENTATION_CONTEXT() REPRESENTATION_CONTEXT('2D SPACE',''
  ) );
#17935 = ORIENTED_EDGE('',*,*,#17936,.F.);
#17936 = EDGE_CURVE('',#17792,#17909,#17937,.T.);
#17937 = SURFACE_CURVE('',#17938,(#17942,#17949),.PCURVE_S1.);
#17938 = LINE('',#17939,#17940);
#17939 = CARTESIAN_POINT('',(158.75,-323.85,218.44));
#17940 = VECTOR('',#17941,1.);
#17941 = DIRECTION('',(-0.,1.,0.));
#17942 = PCURVE('',#17800,#17943);
#17943 = DEFINITIONAL_REPRESENTATION('',(#17944),#17948);
#17944 = LINE('',#17945,#17946);
#17945 = CARTESIAN_POINT('',(100.965,0.));
#17946 = VECTOR('',#17947,1.);
#17947 = DIRECTION('',(0.,-1.));
#17948 = ( GEOMETRIC_REPRESENTATION_CONTEXT(2) 
PARAMETRIC_REPRESENTATION_CONTEXT() REPRESENTATION_CONTEXT('2D SPACE',''
  ) );
#17949 = PCURVE('',#17950,#17955);
#17950 = PLANE('',#17951);
#17951 = AXIS2_PLACEMENT_3D('',#17952,#17953,#17954);
#17952 = CARTESIAN_POINT('',(158.75,-323.85,218.44));
#17953 = DIRECTION('',(0.,0.,1.));
#17954 = DIRECTION('',(1.,0.,-0.));
#17955 = DEFINITIONAL_REPRESENTATION('',(#17956),#17960);
#17956 = LINE('',#17957,#17958);
#17957 = CARTESIAN_POINT('',(0.,0.));
#17958 = VECTOR('',#17959,1.);
#17959 = DIRECTION('',(0.,1.));
#17960 = ( GEOMETRIC_REPRESENTATION_CONTEXT(2) 
PARAMETRIC_REPRESENTATION_CONTEXT() REPRESENTATION_CONTEXT('2D SPACE',''
  ) );
#17961 = ADVANCED_FACE('',(#17962,#18037,#18068),#17812,.F.);
#17962 = FACE_BOUND('',#17963,.F.);
#17963 = EDGE_LOOP('',(#17964,#17987,#17988,#18011));
#17964 = ORIENTED_EDGE('',*,*,#17965,.F.);
#17965 = EDGE_CURVE('',#17790,#17966,#17968,.T.);
#17966 = VERTEX_POINT('',#17967);
#17967 = CARTESIAN_POINT('',(196.85,-323.85,117.475));
#17968 = SURFACE_CURVE('',#17969,(#17973,#17980),.PCURVE_S1.);
#17969 = LINE('',#17970,#17971);
#17970 = CARTESIAN_POINT('',(158.75,-323.85,117.475));
#17971 = VECTOR('',#17972,1.);
#17972 = DIRECTION('',(1.,0.,-0.));
#17973 = PCURVE('',#17812,#17974);
#17974 = DEFINITIONAL_REPRESENTATION('',(#17975),#17979);
#17975 = LINE('',#17976,#17977);
#17976 = CARTESIAN_POINT('',(0.,0.));
#17977 = VECTOR('',#17978,1.);
#17978 = DIRECTION('',(0.,1.));
#17979 = ( GEOMETRIC_REPRESENTATION_CONTEXT(2) 
PARAMETRIC_REPRESENTATION_CONTEXT() REPRESENTATION_CONTEXT('2D SPACE',''
  ) );
#17980 = PCURVE('',#17840,#17981);
#17981 = DEFINITIONAL_REPRESENTATION('',(#17982),#17986);
#17982 = LINE('',#17983,#17984);
#17983 = CARTESIAN_POINT('',(0.,0.));
#17984 = VECTOR('',#17985,1.);
#17985 = DIRECTION('',(1.,0.));
#17986 = ( GEOMETRIC_REPRESENTATION_CONTEXT(2) 
PARAMETRIC_REPRESENTATION_CONTEXT() REPRESENTATION_CONTEXT('2D SPACE',''
  ) );
#17987 = ORIENTED_EDGE('',*,*,#17789,.T.);
#17988 = ORIENTED_EDGE('',*,*,#17989,.T.);
#17989 = EDGE_CURVE('',#17792,#17990,#17992,.T.);
#17990 = VERTEX_POINT('',#17991);
#17991 = CARTESIAN_POINT('',(196.85,-323.85,218.44));
#17992 = SURFACE_CURVE('',#17993,(#17997,#18004),.PCURVE_S1.);
#17993 = LINE('',#17994,#17995);
#17994 = CARTESIAN_POINT('',(158.75,-323.85,218.44));
#17995 = VECTOR('',#17996,1.);
#17996 = DIRECTION('',(1.,0.,-0.));
#17997 = PCURVE('',#17812,#17998);
#17998 = DEFINITIONAL_REPRESENTATION('',(#17999),#18003);
#17999 = LINE('',#18000,#18001);
#18000 = CARTESIAN_POINT('',(100.965,0.));
#18001 = VECTOR('',#18002,1.);
#18002 = DIRECTION('',(0.,1.));
#18003 = ( GEOMETRIC_REPRESENTATION_CONTEXT(2) 
PARAMETRIC_REPRESENTATION_CONTEXT() REPRESENTATION_CONTEXT('2D SPACE',''
  ) );
#18004 = PCURVE('',#17950,#18005);
#18005 = DEFINITIONAL_REPRESENTATION('',(#18006),#18010);
#18006 = LINE('',#18007,#18008);
#18007 = CARTESIAN_POINT('',(0.,0.));
#18008 = VECTOR('',#18009,1.);
#18009 = DIRECTION('',(1.,0.));
#18010 = ( GEOMETRIC_REPRESENTATION_CONTEXT(2) 
PARAMETRIC_REPRESENTATION_CONTEXT() REPRESENTATION_CONTEXT('2D SPACE',''
  ) );
#18011 = ORIENTED_EDGE('',*,*,#18012,.F.);
#18012 = EDGE_CURVE('',#17966,#17990,#18013,.T.);
#18013 = SURFACE_CURVE('',#18014,(#18018,#18025),.PCURVE_S1.);
#18014 = LINE('',#18015,#18016);
#18015 = CARTESIAN_POINT('',(196.85,-323.85,117.475));
#18016 = VECTOR('',#18017,1.);
#18017 = DIRECTION('',(0.,0.,1.));
#18018 = PCURVE('',#17812,#18019);
#18019 = DEFINITIONAL_REPRESENTATION('',(#18020),#18024);
#18020 = LINE('',#18021,#18022);
#18021 = CARTESIAN_POINT('',(0.,38.1));
#18022 = VECTOR('',#18023,1.);
#18023 = DIRECTION('',(1.,0.));
#18024 = ( GEOMETRIC_REPRESENTATION_CONTEXT(2) 
PARAMETRIC_REPRESENTATION_CONTEXT() REPRESENTATION_CONTEXT('2D SPACE',''
  ) );
#18025 = PCURVE('',#18026,#18031);
#18026 = PLANE('',#18027);
#18027 = AXIS2_PLACEMENT_3D('',#18028,#18029,#18030);
#18028 = CARTESIAN_POINT('',(196.85,-323.85,117.475));
#18029 = DIRECTION('',(1.,0.,-0.));
#18030 = DIRECTION('',(0.,0.,1.));
#18031 = DEFINITIONAL_REPRESENTATION('',(#18032),#18036);
#18032 = LINE('',#18033,#18034);
#18033 = CARTESIAN_POINT('',(0.,0.));
#18034 = VECTOR('',#18035,1.);
#18035 = DIRECTION('',(1.,0.));
#18036 = ( GEOMETRIC_REPRESENTATION_CONTEXT(2) 
PARAMETRIC_REPRESENTATION_CONTEXT() REPRESENTATION_CONTEXT('2D SPACE',''
  ) );
#18037 = FACE_BOUND('',#18038,.F.);
#18038 = EDGE_LOOP('',(#18039));
#18039 = ORIENTED_EDGE('',*,*,#18040,.F.);
#18040 = EDGE_CURVE('',#18041,#18041,#18043,.T.);
#18041 = VERTEX_POINT('',#18042);
#18042 = CARTESIAN_POINT('',(167.64,-323.85,213.3727));
#18043 = SURFACE_CURVE('',#18044,(#18049,#18056),.PCURVE_S1.);
#18044 = CIRCLE('',#18045,2.5527);
#18045 = AXIS2_PLACEMENT_3D('',#18046,#18047,#18048);
#18046 = CARTESIAN_POINT('',(167.64,-323.85,210.82));
#18047 = DIRECTION('',(0.,1.,0.));
#18048 = DIRECTION('',(0.,-0.,1.));
#18049 = PCURVE('',#17812,#18050);
#18050 = DEFINITIONAL_REPRESENTATION('',(#18051),#18055);
#18051 = CIRCLE('',#18052,2.5527);
#18052 = AXIS2_PLACEMENT_2D('',#18053,#18054);
#18053 = CARTESIAN_POINT('',(93.345,8.89));
#18054 = DIRECTION('',(1.,0.));
#18055 = ( GEOMETRIC_REPRESENTATION_CONTEXT(2) 
PARAMETRIC_REPRESENTATION_CONTEXT() REPRESENTATION_CONTEXT('2D SPACE',''
  ) );
#18056 = PCURVE('',#18057,#18062);
#18057 = CYLINDRICAL_SURFACE('',#18058,2.5527);
#18058 = AXIS2_PLACEMENT_3D('',#18059,#18060,#18061);
#18059 = CARTESIAN_POINT('',(167.64,-326.39,210.82));
#18060 = DIRECTION('',(0.,1.,0.));
#18061 = DIRECTION('',(0.,-0.,1.));
#18062 = DEFINITIONAL_REPRESENTATION('',(#18063),#18067);
#18063 = LINE('',#18064,#18065);
#18064 = CARTESIAN_POINT('',(0.,2.54));
#18065 = VECTOR('',#18066,1.);
#18066 = DIRECTION('',(1.,0.));
#18067 = ( GEOMETRIC_REPRESENTATION_CONTEXT(2) 
PARAMETRIC_REPRESENTATION_CONTEXT() REPRESENTATION_CONTEXT('2D SPACE',''
  ) );
#18068 = FACE_BOUND('',#18069,.F.);
#18069 = EDGE_LOOP('',(#18070));
#18070 = ORIENTED_EDGE('',*,*,#18071,.F.);
#18071 = EDGE_CURVE('',#18072,#18072,#18074,.T.);
#18072 = VERTEX_POINT('',#18073);
#18073 = CARTESIAN_POINT('',(187.96,-323.85,213.3727));
#18074 = SURFACE_CURVE('',#18075,(#18080,#18087),.PCURVE_S1.);
#18075 = CIRCLE('',#18076,2.5527);
#18076 = AXIS2_PLACEMENT_3D('',#18077,#18078,#18079);
#18077 = CARTESIAN_POINT('',(187.96,-323.85,210.82));
#18078 = DIRECTION('',(0.,1.,0.));
#18079 = DIRECTION('',(0.,-0.,1.));
#18080 = PCURVE('',#17812,#18081);
#18081 = DEFINITIONAL_REPRESENTATION('',(#18082),#18086);
#18082 = CIRCLE('',#18083,2.5527);
#18083 = AXIS2_PLACEMENT_2D('',#18084,#18085);
#18084 = CARTESIAN_POINT('',(93.345,29.21));
#18085 = DIRECTION('',(1.,0.));
#18086 = ( GEOMETRIC_REPRESENTATION_CONTEXT(2) 
PARAMETRIC_REPRESENTATION_CONTEXT() REPRESENTATION_CONTEXT('2D SPACE',''
  ) );
#18087 = PCURVE('',#18088,#18093);
#18088 = CYLINDRICAL_SURFACE('',#18089,2.5527);
#18089 = AXIS2_PLACEMENT_3D('',#18090,#18091,#18092);
#18090 = CARTESIAN_POINT('',(187.96,-326.39,210.82));
#18091 = DIRECTION('',(0.,1.,0.));
#18092 = DIRECTION('',(0.,-0.,1.));
#18093 = DEFINITIONAL_REPRESENTATION('',(#18094),#18098);
#18094 = LINE('',#18095,#18096);
#18095 = CARTESIAN_POINT('',(0.,2.54));
#18096 = VECTOR('',#18097,1.);
#18097 = DIRECTION('',(1.,0.));
#18098 = ( GEOMETRIC_REPRESENTATION_CONTEXT(2) 
PARAMETRIC_REPRESENTATION_CONTEXT() REPRESENTATION_CONTEXT('2D SPACE',''
  ) );
#18099 = ADVANCED_FACE('',(#18100,#18148,#18179),#17840,.F.);
#18100 = FACE_BOUND('',#18101,.F.);
#18101 = EDGE_LOOP('',(#18102,#18103,#18126,#18147));
#18102 = ORIENTED_EDGE('',*,*,#17965,.T.);
#18103 = ORIENTED_EDGE('',*,*,#18104,.F.);
#18104 = EDGE_CURVE('',#18105,#17966,#18107,.T.);
#18105 = VERTEX_POINT('',#18106);
#18106 = CARTESIAN_POINT('',(196.85,-298.45,117.475));
#18107 = SURFACE_CURVE('',#18108,(#18112,#18119),.PCURVE_S1.);
#18108 = LINE('',#18109,#18110);
#18109 = CARTESIAN_POINT('',(196.85,-298.45,117.475));
#18110 = VECTOR('',#18111,1.);
#18111 = DIRECTION('',(0.,-1.,0.));
#18112 = PCURVE('',#17840,#18113);
#18113 = DEFINITIONAL_REPRESENTATION('',(#18114),#18118);
#18114 = LINE('',#18115,#18116);
#18115 = CARTESIAN_POINT('',(38.1,25.4));
#18116 = VECTOR('',#18117,1.);
#18117 = DIRECTION('',(0.,-1.));
#18118 = ( GEOMETRIC_REPRESENTATION_CONTEXT(2) 
PARAMETRIC_REPRESENTATION_CONTEXT() REPRESENTATION_CONTEXT('2D SPACE',''
  ) );
#18119 = PCURVE('',#18026,#18120);
#18120 = DEFINITIONAL_REPRESENTATION('',(#18121),#18125);
#18121 = LINE('',#18122,#18123);
#18122 = CARTESIAN_POINT('',(0.,-25.4));
#18123 = VECTOR('',#18124,1.);
#18124 = DIRECTION('',(0.,1.));
#18125 = ( GEOMETRIC_REPRESENTATION_CONTEXT(2) 
PARAMETRIC_REPRESENTATION_CONTEXT() REPRESENTATION_CONTEXT('2D SPACE',''
  ) );
#18126 = ORIENTED_EDGE('',*,*,#18127,.F.);
#18127 = EDGE_CURVE('',#17825,#18105,#18128,.T.);
#18128 = SURFACE_CURVE('',#18129,(#18133,#18140),.PCURVE_S1.);
#18129 = LINE('',#18130,#18131);
#18130 = CARTESIAN_POINT('',(158.75,-298.45,117.475));
#18131 = VECTOR('',#18132,1.);
#18132 = DIRECTION('',(1.,0.,-0.));
#18133 = PCURVE('',#17840,#18134);
#18134 = DEFINITIONAL_REPRESENTATION('',(#18135),#18139);
#18135 = LINE('',#18136,#18137);
#18136 = CARTESIAN_POINT('',(0.,25.4));
#18137 = VECTOR('',#18138,1.);
#18138 = DIRECTION('',(1.,0.));
#18139 = ( GEOMETRIC_REPRESENTATION_CONTEXT(2) 
PARAMETRIC_REPRESENTATION_CONTEXT() REPRESENTATION_CONTEXT('2D SPACE',''
  ) );
#18140 = PCURVE('',#17868,#18141);
#18141 = DEFINITIONAL_REPRESENTATION('',(#18142),#18146);
#18142 = LINE('',#18143,#18144);
#18143 = CARTESIAN_POINT('',(0.,0.));
#18144 = VECTOR('',#18145,1.);
#18145 = DIRECTION('',(0.,1.));
#18146 = ( GEOMETRIC_REPRESENTATION_CONTEXT(2) 
PARAMETRIC_REPRESENTATION_CONTEXT() REPRESENTATION_CONTEXT('2D SPACE',''
  ) );
#18147 = ORIENTED_EDGE('',*,*,#17824,.T.);
#18148 = FACE_BOUND('',#18149,.F.);
#18149 = EDGE_LOOP('',(#18150));
#18150 = ORIENTED_EDGE('',*,*,#18151,.F.);
#18151 = EDGE_CURVE('',#18152,#18152,#18154,.T.);
#18152 = VERTEX_POINT('',#18153);
#18153 = CARTESIAN_POINT('',(170.1927,-309.88,117.475));
#18154 = SURFACE_CURVE('',#18155,(#18160,#18167),.PCURVE_S1.);
#18155 = CIRCLE('',#18156,2.5527);
#18156 = AXIS2_PLACEMENT_3D('',#18157,#18158,#18159);
#18157 = CARTESIAN_POINT('',(167.64,-309.88,117.475));
#18158 = DIRECTION('',(0.,0.,1.));
#18159 = DIRECTION('',(1.,0.,-0.));
#18160 = PCURVE('',#17840,#18161);
#18161 = DEFINITIONAL_REPRESENTATION('',(#18162),#18166);
#18162 = CIRCLE('',#18163,2.5527);
#18163 = AXIS2_PLACEMENT_2D('',#18164,#18165);
#18164 = CARTESIAN_POINT('',(8.89,13.97));
#18165 = DIRECTION('',(1.,0.));
#18166 = ( GEOMETRIC_REPRESENTATION_CONTEXT(2) 
PARAMETRIC_REPRESENTATION_CONTEXT() REPRESENTATION_CONTEXT('2D SPACE',''
  ) );
#18167 = PCURVE('',#18168,#18173);
#18168 = CYLINDRICAL_SURFACE('',#18169,2.5527);
#18169 = AXIS2_PLACEMENT_3D('',#18170,#18171,#18172);
#18170 = CARTESIAN_POINT('',(167.64,-309.88,114.3));
#18171 = DIRECTION('',(0.,0.,1.));
#18172 = DIRECTION('',(1.,0.,-0.));
#18173 = DEFINITIONAL_REPRESENTATION('',(#18174),#18178);
#18174 = LINE('',#18175,#18176);
#18175 = CARTESIAN_POINT('',(0.,3.175));
#18176 = VECTOR('',#18177,1.);
#18177 = DIRECTION('',(1.,0.));
#18178 = ( GEOMETRIC_REPRESENTATION_CONTEXT(2) 
PARAMETRIC_REPRESENTATION_CONTEXT() REPRESENTATION_CONTEXT('2D SPACE',''
  ) );
#18179 = FACE_BOUND('',#18180,.F.);
#18180 = EDGE_LOOP('',(#18181));
#18181 = ORIENTED_EDGE('',*,*,#18182,.F.);
#18182 = EDGE_CURVE('',#18183,#18183,#18185,.T.);
#18183 = VERTEX_POINT('',#18184);
#18184 = CARTESIAN_POINT('',(190.5127,-309.88,117.475));
#18185 = SURFACE_CURVE('',#18186,(#18191,#18198),.PCURVE_S1.);
#18186 = CIRCLE('',#18187,2.5527);
#18187 = AXIS2_PLACEMENT_3D('',#18188,#18189,#18190);
#18188 = CARTESIAN_POINT('',(187.96,-309.88,117.475));
#18189 = DIRECTION('',(0.,0.,1.));
#18190 = DIRECTION('',(1.,0.,-0.));
#18191 = PCURVE('',#17840,#18192);
#18192 = DEFINITIONAL_REPRESENTATION('',(#18193),#18197);
#18193 = CIRCLE('',#18194,2.5527);
#18194 = AXIS2_PLACEMENT_2D('',#18195,#18196);
#18195 = CARTESIAN_POINT('',(29.21,13.97));
#18196 = DIRECTION('',(1.,0.));
#18197 = ( GEOMETRIC_REPRESENTATION_CONTEXT(2) 
PARAMETRIC_REPRESENTATION_CONTEXT() REPRESENTATION_CONTEXT('2D SPACE',''
  ) );
#18198 = PCURVE('',#18199,#18204);
#18199 = CYLINDRICAL_SURFACE('',#18200,2.5527);
#18200 = AXIS2_PLACEMENT_3D('',#18201,#18202,#18203);
#18201 = CARTESIAN_POINT('',(187.96,-309.88,114.3));
#18202 = DIRECTION('',(0.,0.,1.));
#18203 = DIRECTION('',(1.,0.,-0.));
#18204 = DEFINITIONAL_REPRESENTATION('',(#18205),#18209);
#18205 = LINE('',#18206,#18207);
#18206 = CARTESIAN_POINT('',(0.,3.175));
#18207 = VECTOR('',#18208,1.);
#18208 = DIRECTION('',(1.,0.));
#18209 = ( GEOMETRIC_REPRESENTATION_CONTEXT(2) 
PARAMETRIC_REPRESENTATION_CONTEXT() REPRESENTATION_CONTEXT('2D SPACE',''
  ) );
#18210 = ADVANCED_FACE('',(#18211),#17868,.T.);
#18211 = FACE_BOUND('',#18212,.T.);
#18212 = EDGE_LOOP('',(#18213,#18214,#18215,#18238));
#18213 = ORIENTED_EDGE('',*,*,#18127,.F.);
#18214 = ORIENTED_EDGE('',*,*,#17852,.T.);
#18215 = ORIENTED_EDGE('',*,*,#18216,.T.);
#18216 = EDGE_CURVE('',#17853,#18217,#18219,.T.);
#18217 = VERTEX_POINT('',#18218);
#18218 = CARTESIAN_POINT('',(196.85,-298.45,120.65));
#18219 = SURFACE_CURVE('',#18220,(#18224,#18231),.PCURVE_S1.);
#18220 = LINE('',#18221,#18222);
#18221 = CARTESIAN_POINT('',(158.75,-298.45,120.65));
#18222 = VECTOR('',#18223,1.);
#18223 = DIRECTION('',(1.,0.,-0.));
#18224 = PCURVE('',#17868,#18225);
#18225 = DEFINITIONAL_REPRESENTATION('',(#18226),#18230);
#18226 = LINE('',#18227,#18228);
#18227 = CARTESIAN_POINT('',(3.175,0.));
#18228 = VECTOR('',#18229,1.);
#18229 = DIRECTION('',(0.,1.));
#18230 = ( GEOMETRIC_REPRESENTATION_CONTEXT(2) 
PARAMETRIC_REPRESENTATION_CONTEXT() REPRESENTATION_CONTEXT('2D SPACE',''
  ) );
#18231 = PCURVE('',#17896,#18232);
#18232 = DEFINITIONAL_REPRESENTATION('',(#18233),#18237);
#18233 = LINE('',#18234,#18235);
#18234 = CARTESIAN_POINT('',(0.,25.4));
#18235 = VECTOR('',#18236,1.);
#18236 = DIRECTION('',(1.,0.));
#18237 = ( GEOMETRIC_REPRESENTATION_CONTEXT(2) 
PARAMETRIC_REPRESENTATION_CONTEXT() REPRESENTATION_CONTEXT('2D SPACE',''
  ) );
#18238 = ORIENTED_EDGE('',*,*,#18239,.F.);
#18239 = EDGE_CURVE('',#18105,#18217,#18240,.T.);
#18240 = SURFACE_CURVE('',#18241,(#18245,#18252),.PCURVE_S1.);
#18241 = LINE('',#18242,#18243);
#18242 = CARTESIAN_POINT('',(196.85,-298.45,117.475));
#18243 = VECTOR('',#18244,1.);
#18244 = DIRECTION('',(0.,0.,1.));
#18245 = PCURVE('',#17868,#18246);
#18246 = DEFINITIONAL_REPRESENTATION('',(#18247),#18251);
#18247 = LINE('',#18248,#18249);
#18248 = CARTESIAN_POINT('',(0.,38.1));
#18249 = VECTOR('',#18250,1.);
#18250 = DIRECTION('',(1.,0.));
#18251 = ( GEOMETRIC_REPRESENTATION_CONTEXT(2) 
PARAMETRIC_REPRESENTATION_CONTEXT() REPRESENTATION_CONTEXT('2D SPACE',''
  ) );
#18252 = PCURVE('',#18026,#18253);
#18253 = DEFINITIONAL_REPRESENTATION('',(#18254),#18258);
#18254 = LINE('',#18255,#18256);
#18255 = CARTESIAN_POINT('',(0.,-25.4));
#18256 = VECTOR('',#18257,1.);
#18257 = DIRECTION('',(1.,0.));
#18258 = ( GEOMETRIC_REPRESENTATION_CONTEXT(2) 
PARAMETRIC_REPRESENTATION_CONTEXT() REPRESENTATION_CONTEXT('2D SPACE',''
  ) );
#18259 = ADVANCED_FACE('',(#18260,#18306,#18332),#17896,.T.);
#18260 = FACE_BOUND('',#18261,.T.);
#18261 = EDGE_LOOP('',(#18262,#18263,#18284,#18305));
#18262 = ORIENTED_EDGE('',*,*,#17880,.F.);
#18263 = ORIENTED_EDGE('',*,*,#18264,.T.);
#18264 = EDGE_CURVE('',#17881,#18265,#18267,.T.);
#18265 = VERTEX_POINT('',#18266);
#18266 = CARTESIAN_POINT('',(196.85,-320.675,120.65));
#18267 = SURFACE_CURVE('',#18268,(#18272,#18278),.PCURVE_S1.);
#18268 = LINE('',#18269,#18270);
#18269 = CARTESIAN_POINT('',(158.75,-320.675,120.65));
#18270 = VECTOR('',#18271,1.);
#18271 = DIRECTION('',(1.,0.,-0.));
#18272 = PCURVE('',#17896,#18273);
#18273 = DEFINITIONAL_REPRESENTATION('',(#18274),#18277);
#18274 = B_SPLINE_CURVE_WITH_KNOTS('',1,(#18275,#18276),.UNSPECIFIED.,
  .F.,.F.,(2,2),(0.,38.1),.PIECEWISE_BEZIER_KNOTS.);
#18275 = CARTESIAN_POINT('',(0.,3.175));
#18276 = CARTESIAN_POINT('',(38.1,3.175));
#18277 = ( GEOMETRIC_REPRESENTATION_CONTEXT(2) 
PARAMETRIC_REPRESENTATION_CONTEXT() REPRESENTATION_CONTEXT('2D SPACE',''
  ) );
#18278 = PCURVE('',#17924,#18279);
#18279 = DEFINITIONAL_REPRESENTATION('',(#18280),#18283);
#18280 = B_SPLINE_CURVE_WITH_KNOTS('',1,(#18281,#18282),.UNSPECIFIED.,
  .F.,.F.,(2,2),(0.,38.1),.PIECEWISE_BEZIER_KNOTS.);
#18281 = CARTESIAN_POINT('',(3.175,0.));
#18282 = CARTESIAN_POINT('',(3.175,38.1));
#18283 = ( GEOMETRIC_REPRESENTATION_CONTEXT(2) 
PARAMETRIC_REPRESENTATION_CONTEXT() REPRESENTATION_CONTEXT('2D SPACE',''
  ) );
#18284 = ORIENTED_EDGE('',*,*,#18285,.T.);
#18285 = EDGE_CURVE('',#18265,#18217,#18286,.T.);
#18286 = SURFACE_CURVE('',#18287,(#18291,#18298),.PCURVE_S1.);
#18287 = LINE('',#18288,#18289);
#18288 = CARTESIAN_POINT('',(196.85,-323.85,120.65));
#18289 = VECTOR('',#18290,1.);
#18290 = DIRECTION('',(-0.,1.,0.));
#18291 = PCURVE('',#17896,#18292);
#18292 = DEFINITIONAL_REPRESENTATION('',(#18293),#18297);
#18293 = LINE('',#18294,#18295);
#18294 = CARTESIAN_POINT('',(38.1,0.));
#18295 = VECTOR('',#18296,1.);
#18296 = DIRECTION('',(0.,1.));
#18297 = ( GEOMETRIC_REPRESENTATION_CONTEXT(2) 
PARAMETRIC_REPRESENTATION_CONTEXT() REPRESENTATION_CONTEXT('2D SPACE',''
  ) );
#18298 = PCURVE('',#18026,#18299);
#18299 = DEFINITIONAL_REPRESENTATION('',(#18300),#18304);
#18300 = LINE('',#18301,#18302);
#18301 = CARTESIAN_POINT('',(3.175,0.));
#18302 = VECTOR('',#18303,1.);
#18303 = DIRECTION('',(0.,-1.));
#18304 = ( GEOMETRIC_REPRESENTATION_CONTEXT(2) 
PARAMETRIC_REPRESENTATION_CONTEXT() REPRESENTATION_CONTEXT('2D SPACE',''
  ) );
#18305 = ORIENTED_EDGE('',*,*,#18216,.F.);
#18306 = FACE_BOUND('',#18307,.T.);
#18307 = EDGE_LOOP('',(#18308));
#18308 = ORIENTED_EDGE('',*,*,#18309,.F.);
#18309 = EDGE_CURVE('',#18310,#18310,#18312,.T.);
#18310 = VERTEX_POINT('',#18311);
#18311 = CARTESIAN_POINT('',(170.1927,-309.88,120.65));
#18312 = SURFACE_CURVE('',#18313,(#18318,#18325),.PCURVE_S1.);
#18313 = CIRCLE('',#18314,2.5527);
#18314 = AXIS2_PLACEMENT_3D('',#18315,#18316,#18317);
#18315 = CARTESIAN_POINT('',(167.64,-309.88,120.65));
#18316 = DIRECTION('',(0.,0.,1.));
#18317 = DIRECTION('',(1.,0.,-0.));
#18318 = PCURVE('',#17896,#18319);
#18319 = DEFINITIONAL_REPRESENTATION('',(#18320),#18324);
#18320 = CIRCLE('',#18321,2.5527);
#18321 = AXIS2_PLACEMENT_2D('',#18322,#18323);
#18322 = CARTESIAN_POINT('',(8.89,13.97));
#18323 = DIRECTION('',(1.,0.));
#18324 = ( GEOMETRIC_REPRESENTATION_CONTEXT(2) 
PARAMETRIC_REPRESENTATION_CONTEXT() REPRESENTATION_CONTEXT('2D SPACE',''
  ) );
#18325 = PCURVE('',#18168,#18326);
#18326 = DEFINITIONAL_REPRESENTATION('',(#18327),#18331);
#18327 = LINE('',#18328,#18329);
#18328 = CARTESIAN_POINT('',(0.,6.35));
#18329 = VECTOR('',#18330,1.);
#18330 = DIRECTION('',(1.,0.));
#18331 = ( GEOMETRIC_REPRESENTATION_CONTEXT(2) 
PARAMETRIC_REPRESENTATION_CONTEXT() REPRESENTATION_CONTEXT('2D SPACE',''
  ) );
#18332 = FACE_BOUND('',#18333,.T.);
#18333 = EDGE_LOOP('',(#18334));
#18334 = ORIENTED_EDGE('',*,*,#18335,.F.);
#18335 = EDGE_CURVE('',#18336,#18336,#18338,.T.);
#18336 = VERTEX_POINT('',#18337);
#18337 = CARTESIAN_POINT('',(190.5127,-309.88,120.65));
#18338 = SURFACE_CURVE('',#18339,(#18344,#18351),.PCURVE_S1.);
#18339 = CIRCLE('',#18340,2.5527);
#18340 = AXIS2_PLACEMENT_3D('',#18341,#18342,#18343);
#18341 = CARTESIAN_POINT('',(187.96,-309.88,120.65));
#18342 = DIRECTION('',(0.,0.,1.));
#18343 = DIRECTION('',(1.,0.,-0.));
#18344 = PCURVE('',#17896,#18345);
#18345 = DEFINITIONAL_REPRESENTATION('',(#18346),#18350);
#18346 = CIRCLE('',#18347,2.5527);
#18347 = AXIS2_PLACEMENT_2D('',#18348,#18349);
#18348 = CARTESIAN_POINT('',(29.21,13.97));
#18349 = DIRECTION('',(1.,0.));
#18350 = ( GEOMETRIC_REPRESENTATION_CONTEXT(2) 
PARAMETRIC_REPRESENTATION_CONTEXT() REPRESENTATION_CONTEXT('2D SPACE',''
  ) );
#18351 = PCURVE('',#18199,#18352);
#18352 = DEFINITIONAL_REPRESENTATION('',(#18353),#18357);
#18353 = LINE('',#18354,#18355);
#18354 = CARTESIAN_POINT('',(0.,6.35));
#18355 = VECTOR('',#18356,1.);
#18356 = DIRECTION('',(1.,0.));
#18357 = ( GEOMETRIC_REPRESENTATION_CONTEXT(2) 
PARAMETRIC_REPRESENTATION_CONTEXT() REPRESENTATION_CONTEXT('2D SPACE',''
  ) );
#18358 = ADVANCED_FACE('',(#18359,#18407,#18433),#17924,.T.);
#18359 = FACE_BOUND('',#18360,.T.);
#18360 = EDGE_LOOP('',(#18361,#18384,#18385,#18386));
#18361 = ORIENTED_EDGE('',*,*,#18362,.F.);
#18362 = EDGE_CURVE('',#18265,#18363,#18365,.T.);
#18363 = VERTEX_POINT('',#18364);
#18364 = CARTESIAN_POINT('',(196.85,-320.675,218.44));
#18365 = SURFACE_CURVE('',#18366,(#18370,#18377),.PCURVE_S1.);
#18366 = LINE('',#18367,#18368);
#18367 = CARTESIAN_POINT('',(196.85,-320.675,117.475));
#18368 = VECTOR('',#18369,1.);
#18369 = DIRECTION('',(0.,0.,1.));
#18370 = PCURVE('',#17924,#18371);
#18371 = DEFINITIONAL_REPRESENTATION('',(#18372),#18376);
#18372 = LINE('',#18373,#18374);
#18373 = CARTESIAN_POINT('',(0.,38.1));
#18374 = VECTOR('',#18375,1.);
#18375 = DIRECTION('',(1.,0.));
#18376 = ( GEOMETRIC_REPRESENTATION_CONTEXT(2) 
PARAMETRIC_REPRESENTATION_CONTEXT() REPRESENTATION_CONTEXT('2D SPACE',''
  ) );
#18377 = PCURVE('',#18026,#18378);
#18378 = DEFINITIONAL_REPRESENTATION('',(#18379),#18383);
#18379 = LINE('',#18380,#18381);
#18380 = CARTESIAN_POINT('',(0.,-3.175));
#18381 = VECTOR('',#18382,1.);
#18382 = DIRECTION('',(1.,0.));
#18383 = ( GEOMETRIC_REPRESENTATION_CONTEXT(2) 
PARAMETRIC_REPRESENTATION_CONTEXT() REPRESENTATION_CONTEXT('2D SPACE',''
  ) );
#18384 = ORIENTED_EDGE('',*,*,#18264,.F.);
#18385 = ORIENTED_EDGE('',*,*,#17908,.T.);
#18386 = ORIENTED_EDGE('',*,*,#18387,.T.);
#18387 = EDGE_CURVE('',#17909,#18363,#18388,.T.);
#18388 = SURFACE_CURVE('',#18389,(#18393,#18400),.PCURVE_S1.);
#18389 = LINE('',#18390,#18391);
#18390 = CARTESIAN_POINT('',(158.75,-320.675,218.44));
#18391 = VECTOR('',#18392,1.);
#18392 = DIRECTION('',(1.,0.,-0.));
#18393 = PCURVE('',#17924,#18394);
#18394 = DEFINITIONAL_REPRESENTATION('',(#18395),#18399);
#18395 = LINE('',#18396,#18397);
#18396 = CARTESIAN_POINT('',(100.965,0.));
#18397 = VECTOR('',#18398,1.);
#18398 = DIRECTION('',(0.,1.));
#18399 = ( GEOMETRIC_REPRESENTATION_CONTEXT(2) 
PARAMETRIC_REPRESENTATION_CONTEXT() REPRESENTATION_CONTEXT('2D SPACE',''
  ) );
#18400 = PCURVE('',#17950,#18401);
#18401 = DEFINITIONAL_REPRESENTATION('',(#18402),#18406);
#18402 = LINE('',#18403,#18404);
#18403 = CARTESIAN_POINT('',(0.,3.175));
#18404 = VECTOR('',#18405,1.);
#18405 = DIRECTION('',(1.,0.));
#18406 = ( GEOMETRIC_REPRESENTATION_CONTEXT(2) 
PARAMETRIC_REPRESENTATION_CONTEXT() REPRESENTATION_CONTEXT('2D SPACE',''
  ) );
#18407 = FACE_BOUND('',#18408,.T.);
#18408 = EDGE_LOOP('',(#18409));
#18409 = ORIENTED_EDGE('',*,*,#18410,.F.);
#18410 = EDGE_CURVE('',#18411,#18411,#18413,.T.);
#18411 = VERTEX_POINT('',#18412);
#18412 = CARTESIAN_POINT('',(167.64,-320.675,213.3727));
#18413 = SURFACE_CURVE('',#18414,(#18419,#18426),.PCURVE_S1.);
#18414 = CIRCLE('',#18415,2.5527);
#18415 = AXIS2_PLACEMENT_3D('',#18416,#18417,#18418);
#18416 = CARTESIAN_POINT('',(167.64,-320.675,210.82));
#18417 = DIRECTION('',(0.,1.,0.));
#18418 = DIRECTION('',(0.,-0.,1.));
#18419 = PCURVE('',#17924,#18420);
#18420 = DEFINITIONAL_REPRESENTATION('',(#18421),#18425);
#18421 = CIRCLE('',#18422,2.5527);
#18422 = AXIS2_PLACEMENT_2D('',#18423,#18424);
#18423 = CARTESIAN_POINT('',(93.345,8.89));
#18424 = DIRECTION('',(1.,0.));
#18425 = ( GEOMETRIC_REPRESENTATION_CONTEXT(2) 
PARAMETRIC_REPRESENTATION_CONTEXT() REPRESENTATION_CONTEXT('2D SPACE',''
  ) );
#18426 = PCURVE('',#18057,#18427);
#18427 = DEFINITIONAL_REPRESENTATION('',(#18428),#18432);
#18428 = LINE('',#18429,#18430);
#18429 = CARTESIAN_POINT('',(0.,5.715));
#18430 = VECTOR('',#18431,1.);
#18431 = DIRECTION('',(1.,0.));
#18432 = ( GEOMETRIC_REPRESENTATION_CONTEXT(2) 
PARAMETRIC_REPRESENTATION_CONTEXT() REPRESENTATION_CONTEXT('2D SPACE',''
  ) );
#18433 = FACE_BOUND('',#18434,.T.);
#18434 = EDGE_LOOP('',(#18435));
#18435 = ORIENTED_EDGE('',*,*,#18436,.F.);
#18436 = EDGE_CURVE('',#18437,#18437,#18439,.T.);
#18437 = VERTEX_POINT('',#18438);
#18438 = CARTESIAN_POINT('',(187.96,-320.675,213.3727));
#18439 = SURFACE_CURVE('',#18440,(#18445,#18452),.PCURVE_S1.);
#18440 = CIRCLE('',#18441,2.5527);
#18441 = AXIS2_PLACEMENT_3D('',#18442,#18443,#18444);
#18442 = CARTESIAN_POINT('',(187.96,-320.675,210.82));
#18443 = DIRECTION('',(0.,1.,0.));
#18444 = DIRECTION('',(0.,-0.,1.));
#18445 = PCURVE('',#17924,#18446);
#18446 = DEFINITIONAL_REPRESENTATION('',(#18447),#18451);
#18447 = CIRCLE('',#18448,2.5527);
#18448 = AXIS2_PLACEMENT_2D('',#18449,#18450);
#18449 = CARTESIAN_POINT('',(93.345,29.21));
#18450 = DIRECTION('',(1.,0.));
#18451 = ( GEOMETRIC_REPRESENTATION_CONTEXT(2) 
PARAMETRIC_REPRESENTATION_CONTEXT() REPRESENTATION_CONTEXT('2D SPACE',''
  ) );
#18452 = PCURVE('',#18088,#18453);
#18453 = DEFINITIONAL_REPRESENTATION('',(#18454),#18458);
#18454 = LINE('',#18455,#18456);
#18455 = CARTESIAN_POINT('',(0.,5.715));
#18456 = VECTOR('',#18457,1.);
#18457 = DIRECTION('',(1.,0.));
#18458 = ( GEOMETRIC_REPRESENTATION_CONTEXT(2) 
PARAMETRIC_REPRESENTATION_CONTEXT() REPRESENTATION_CONTEXT('2D SPACE',''
  ) );
#18459 = ADVANCED_FACE('',(#18460),#17950,.T.);
#18460 = FACE_BOUND('',#18461,.T.);
#18461 = EDGE_LOOP('',(#18462,#18463,#18464,#18485));
#18462 = ORIENTED_EDGE('',*,*,#17936,.F.);
#18463 = ORIENTED_EDGE('',*,*,#17989,.T.);
#18464 = ORIENTED_EDGE('',*,*,#18465,.T.);
#18465 = EDGE_CURVE('',#17990,#18363,#18466,.T.);
#18466 = SURFACE_CURVE('',#18467,(#18471,#18478),.PCURVE_S1.);
#18467 = LINE('',#18468,#18469);
#18468 = CARTESIAN_POINT('',(196.85,-323.85,218.44));
#18469 = VECTOR('',#18470,1.);
#18470 = DIRECTION('',(-0.,1.,0.));
#18471 = PCURVE('',#17950,#18472);
#18472 = DEFINITIONAL_REPRESENTATION('',(#18473),#18477);
#18473 = LINE('',#18474,#18475);
#18474 = CARTESIAN_POINT('',(38.1,0.));
#18475 = VECTOR('',#18476,1.);
#18476 = DIRECTION('',(0.,1.));
#18477 = ( GEOMETRIC_REPRESENTATION_CONTEXT(2) 
PARAMETRIC_REPRESENTATION_CONTEXT() REPRESENTATION_CONTEXT('2D SPACE',''
  ) );
#18478 = PCURVE('',#18026,#18479);
#18479 = DEFINITIONAL_REPRESENTATION('',(#18480),#18484);
#18480 = LINE('',#18481,#18482);
#18481 = CARTESIAN_POINT('',(100.965,0.));
#18482 = VECTOR('',#18483,1.);
#18483 = DIRECTION('',(0.,-1.));
#18484 = ( GEOMETRIC_REPRESENTATION_CONTEXT(2) 
PARAMETRIC_REPRESENTATION_CONTEXT() REPRESENTATION_CONTEXT('2D SPACE',''
  ) );
#18485 = ORIENTED_EDGE('',*,*,#18387,.F.);
#18486 = ADVANCED_FACE('',(#18487),#18026,.T.);
#18487 = FACE_BOUND('',#18488,.T.);
#18488 = EDGE_LOOP('',(#18489,#18490,#18491,#18492,#18493,#18494));
#18489 = ORIENTED_EDGE('',*,*,#18012,.F.);
#18490 = ORIENTED_EDGE('',*,*,#18104,.F.);
#18491 = ORIENTED_EDGE('',*,*,#18239,.T.);
#18492 = ORIENTED_EDGE('',*,*,#18285,.F.);
#18493 = ORIENTED_EDGE('',*,*,#18362,.T.);
#18494 = ORIENTED_EDGE('',*,*,#18465,.F.);
#18495 = ADVANCED_FACE('',(#18496),#18057,.F.);
#18496 = FACE_BOUND('',#18497,.F.);
#18497 = EDGE_LOOP('',(#18498,#18499,#18520,#18521));
#18498 = ORIENTED_EDGE('',*,*,#18410,.F.);
#18499 = ORIENTED_EDGE('',*,*,#18500,.F.);
#18500 = EDGE_CURVE('',#18041,#18411,#18501,.T.);
#18501 = SEAM_CURVE('',#18502,(#18506,#18513),.PCURVE_S1.);
#18502 = LINE('',#18503,#18504);
#18503 = CARTESIAN_POINT('',(167.64,-326.39,213.3727));
#18504 = VECTOR('',#18505,1.);
#18505 = DIRECTION('',(0.,1.,0.));
#18506 = PCURVE('',#18057,#18507);
#18507 = DEFINITIONAL_REPRESENTATION('',(#18508),#18512);
#18508 = LINE('',#18509,#18510);
#18509 = CARTESIAN_POINT('',(6.28318530718,-0.));
#18510 = VECTOR('',#18511,1.);
#18511 = DIRECTION('',(0.,1.));
#18512 = ( GEOMETRIC_REPRESENTATION_CONTEXT(2) 
PARAMETRIC_REPRESENTATION_CONTEXT() REPRESENTATION_CONTEXT('2D SPACE',''
  ) );
#18513 = PCURVE('',#18057,#18514);
#18514 = DEFINITIONAL_REPRESENTATION('',(#18515),#18519);
#18515 = LINE('',#18516,#18517);
#18516 = CARTESIAN_POINT('',(0.,-0.));
#18517 = VECTOR('',#18518,1.);
#18518 = DIRECTION('',(0.,1.));
#18519 = ( GEOMETRIC_REPRESENTATION_CONTEXT(2) 
PARAMETRIC_REPRESENTATION_CONTEXT() REPRESENTATION_CONTEXT('2D SPACE',''
  ) );
#18520 = ORIENTED_EDGE('',*,*,#18040,.T.);
#18521 = ORIENTED_EDGE('',*,*,#18500,.T.);
#18522 = ADVANCED_FACE('',(#18523),#18088,.F.);
#18523 = FACE_BOUND('',#18524,.F.);
#18524 = EDGE_LOOP('',(#18525,#18526,#18547,#18548));
#18525 = ORIENTED_EDGE('',*,*,#18436,.F.);
#18526 = ORIENTED_EDGE('',*,*,#18527,.F.);
#18527 = EDGE_CURVE('',#18072,#18437,#18528,.T.);
#18528 = SEAM_CURVE('',#18529,(#18533,#18540),.PCURVE_S1.);
#18529 = LINE('',#18530,#18531);
#18530 = CARTESIAN_POINT('',(187.96,-326.39,213.3727));
#18531 = VECTOR('',#18532,1.);
#18532 = DIRECTION('',(0.,1.,0.));
#18533 = PCURVE('',#18088,#18534);
#18534 = DEFINITIONAL_REPRESENTATION('',(#18535),#18539);
#18535 = LINE('',#18536,#18537);
#18536 = CARTESIAN_POINT('',(6.28318530718,-0.));
#18537 = VECTOR('',#18538,1.);
#18538 = DIRECTION('',(0.,1.));
#18539 = ( GEOMETRIC_REPRESENTATION_CONTEXT(2) 
PARAMETRIC_REPRESENTATION_CONTEXT() REPRESENTATION_CONTEXT('2D SPACE',''
  ) );
#18540 = PCURVE('',#18088,#18541);
#18541 = DEFINITIONAL_REPRESENTATION('',(#18542),#18546);
#18542 = LINE('',#18543,#18544);
#18543 = CARTESIAN_POINT('',(0.,-0.));
#18544 = VECTOR('',#18545,1.);
#18545 = DIRECTION('',(0.,1.));
#18546 = ( GEOMETRIC_REPRESENTATION_CONTEXT(2) 
PARAMETRIC_REPRESENTATION_CONTEXT() REPRESENTATION_CONTEXT('2D SPACE',''
  ) );
#18547 = ORIENTED_EDGE('',*,*,#18071,.T.);
#18548 = ORIENTED_EDGE('',*,*,#18527,.T.);
#18549 = ADVANCED_FACE('',(#18550),#18168,.F.);
#18550 = FACE_BOUND('',#18551,.F.);
#18551 = EDGE_LOOP('',(#18552,#18553,#18574,#18575));
#18552 = ORIENTED_EDGE('',*,*,#18309,.F.);
#18553 = ORIENTED_EDGE('',*,*,#18554,.F.);
#18554 = EDGE_CURVE('',#18152,#18310,#18555,.T.);
#18555 = SEAM_CURVE('',#18556,(#18560,#18567),.PCURVE_S1.);
#18556 = LINE('',#18557,#18558);
#18557 = CARTESIAN_POINT('',(170.1927,-309.88,114.3));
#18558 = VECTOR('',#18559,1.);
#18559 = DIRECTION('',(0.,0.,1.));
#18560 = PCURVE('',#18168,#18561);
#18561 = DEFINITIONAL_REPRESENTATION('',(#18562),#18566);
#18562 = LINE('',#18563,#18564);
#18563 = CARTESIAN_POINT('',(6.28318530718,-0.));
#18564 = VECTOR('',#18565,1.);
#18565 = DIRECTION('',(0.,1.));
#18566 = ( GEOMETRIC_REPRESENTATION_CONTEXT(2) 
PARAMETRIC_REPRESENTATION_CONTEXT() REPRESENTATION_CONTEXT('2D SPACE',''
  ) );
#18567 = PCURVE('',#18168,#18568);
#18568 = DEFINITIONAL_REPRESENTATION('',(#18569),#18573);
#18569 = LINE('',#18570,#18571);
#18570 = CARTESIAN_POINT('',(0.,-0.));
#18571 = VECTOR('',#18572,1.);
#18572 = DIRECTION('',(0.,1.));
#18573 = ( GEOMETRIC_REPRESENTATION_CONTEXT(2) 
PARAMETRIC_REPRESENTATION_CONTEXT() REPRESENTATION_CONTEXT('2D SPACE',''
  ) );
#18574 = ORIENTED_EDGE('',*,*,#18151,.T.);
#18575 = ORIENTED_EDGE('',*,*,#18554,.T.);
#18576 = ADVANCED_FACE('',(#18577),#18199,.F.);
#18577 = FACE_BOUND('',#18578,.F.);
#18578 = EDGE_LOOP('',(#18579,#18580,#18601,#18602));
#18579 = ORIENTED_EDGE('',*,*,#18335,.F.);
#18580 = ORIENTED_EDGE('',*,*,#18581,.F.);
#18581 = EDGE_CURVE('',#18183,#18336,#18582,.T.);
#18582 = SEAM_CURVE('',#18583,(#18587,#18594),.PCURVE_S1.);
#18583 = LINE('',#18584,#18585);
#18584 = CARTESIAN_POINT('',(190.5127,-309.88,114.3));
#18585 = VECTOR('',#18586,1.);
#18586 = DIRECTION('',(0.,0.,1.));
#18587 = PCURVE('',#18199,#18588);
#18588 = DEFINITIONAL_REPRESENTATION('',(#18589),#18593);
#18589 = LINE('',#18590,#18591);
#18590 = CARTESIAN_POINT('',(6.28318530718,-0.));
#18591 = VECTOR('',#18592,1.);
#18592 = DIRECTION('',(0.,1.));
#18593 = ( GEOMETRIC_REPRESENTATION_CONTEXT(2) 
PARAMETRIC_REPRESENTATION_CONTEXT() REPRESENTATION_CONTEXT('2D SPACE',''
  ) );
#18594 = PCURVE('',#18199,#18595);
#18595 = DEFINITIONAL_REPRESENTATION('',(#18596),#18600);
#18596 = LINE('',#18597,#18598);
#18597 = CARTESIAN_POINT('',(0.,-0.));
#18598 = VECTOR('',#18599,1.);
#18599 = DIRECTION('',(0.,1.));
#18600 = ( GEOMETRIC_REPRESENTATION_CONTEXT(2) 
PARAMETRIC_REPRESENTATION_CONTEXT() REPRESENTATION_CONTEXT('2D SPACE',''
  ) );
#18601 = ORIENTED_EDGE('',*,*,#18182,.T.);
#18602 = ORIENTED_EDGE('',*,*,#18581,.T.);
#18603 = ( GEOMETRIC_REPRESENTATION_CONTEXT(3) 
GLOBAL_UNCERTAINTY_ASSIGNED_CONTEXT((#18607)) 
GLOBAL_UNIT_ASSIGNED_CONTEXT((#18604,#18605,#18606)) 
REPRESENTATION_CONTEXT('Context #1',
  '3D Context with UNIT and UNCERTAINTY') );
#18604 = ( LENGTH_UNIT() NAMED_UNIT(*) SI_UNIT(.MILLI.,.METRE.) );
#18605 = ( NAMED_UNIT(*) PLANE_ANGLE_UNIT() SI_UNIT($,.RADIAN.) );
#18606 = ( NAMED_UNIT(*) SI_UNIT($,.STERADIAN.) SOLID_ANGLE_UNIT() );
#18607 = UNCERTAINTY_MEASURE_WITH_UNIT(LENGTH_MEASURE(1.E-07),#18604,
  'distance_accuracy_value','confusion accuracy');
#18608 = CONTEXT_DEPENDENT_SHAPE_REPRESENTATION(#18609,#18611);
#18609 = ( REPRESENTATION_RELATIONSHIP('','',#17782,#10) 
REPRESENTATION_RELATIONSHIP_WITH_TRANSFORMATION(#18610) 
SHAPE_REPRESENTATION_RELATIONSHIP() );
#18610 = ITEM_DEFINED_TRANSFORMATION('','',#11,#31);
#18611 = PRODUCT_DEFINITION_SHAPE('Placement','Placement of an item',
  #18612);
#18612 = NEXT_ASSEMBLY_USAGE_OCCURRENCE('32','E-002 upright 4','',#5,
  #17777,$);
#18613 = PRODUCT_RELATED_PRODUCT_CATEGORY('part',$,(#17779));
#18614 = SHAPE_DEFINITION_REPRESENTATION(#18615,#18621);
#18615 = PRODUCT_DEFINITION_SHAPE('','',#18616);
#18616 = PRODUCT_DEFINITION('design','',#18617,#18620);
#18617 = PRODUCT_DEFINITION_FORMATION('','',#18618);
#18618 = PRODUCT('ENVELOPE PDH REV-11-1850 (verified size)',
  'ENVELOPE PDH REV-11-1850 (verified size)','',(#18619));
#18619 = PRODUCT_CONTEXT('',#2,'mechanical');
#18620 = PRODUCT_DEFINITION_CONTEXT('part definition',#2,'design');
#18621 = ADVANCED_BREP_SHAPE_REPRESENTATION('',(#11,#18622),#18952);
#18622 = MANIFOLD_SOLID_BREP('',#18623);
#18623 = CLOSED_SHELL('',(#18624,#18744,#18844,#18891,#18938,#18945));
#18624 = ADVANCED_FACE('',(#18625),#18639,.F.);
#18625 = FACE_BOUND('',#18626,.F.);
#18626 = EDGE_LOOP('',(#18627,#18662,#18690,#18718));
#18627 = ORIENTED_EDGE('',*,*,#18628,.F.);
#18628 = EDGE_CURVE('',#18629,#18631,#18633,.T.);
#18629 = VERTEX_POINT('',#18630);
#18630 = CARTESIAN_POINT('',(-111.76,-323.85,223.52));
#18631 = VERTEX_POINT('',#18632);
#18632 = CARTESIAN_POINT('',(-111.76,-323.85,334.645));
#18633 = SURFACE_CURVE('',#18634,(#18638,#18650),.PCURVE_S1.);
#18634 = LINE('',#18635,#18636);
#18635 = CARTESIAN_POINT('',(-111.76,-323.85,223.52));
#18636 = VECTOR('',#18637,1.);
#18637 = DIRECTION('',(0.,0.,1.));
#18638 = PCURVE('',#18639,#18644);
#18639 = PLANE('',#18640);
#18640 = AXIS2_PLACEMENT_3D('',#18641,#18642,#18643);
#18641 = CARTESIAN_POINT('',(-111.76,-323.85,223.52));
#18642 = DIRECTION('',(1.,0.,-0.));
#18643 = DIRECTION('',(0.,0.,1.));
#18644 = DEFINITIONAL_REPRESENTATION('',(#18645),#18649);
#18645 = LINE('',#18646,#18647);
#18646 = CARTESIAN_POINT('',(0.,0.));
#18647 = VECTOR('',#18648,1.);
#18648 = DIRECTION('',(1.,0.));
#18649 = ( GEOMETRIC_REPRESENTATION_CONTEXT(2) 
PARAMETRIC_REPRESENTATION_CONTEXT() REPRESENTATION_CONTEXT('2D SPACE',''
  ) );
#18650 = PCURVE('',#18651,#18656);
#18651 = PLANE('',#18652);
#18652 = AXIS2_PLACEMENT_3D('',#18653,#18654,#18655);
#18653 = CARTESIAN_POINT('',(-111.76,-323.85,223.52));
#18654 = DIRECTION('',(-0.,1.,0.));
#18655 = DIRECTION('',(0.,0.,1.));
#18656 = DEFINITIONAL_REPRESENTATION('',(#18657),#18661);
#18657 = LINE('',#18658,#18659);
#18658 = CARTESIAN_POINT('',(0.,0.));
#18659 = VECTOR('',#18660,1.);
#18660 = DIRECTION('',(1.,0.));
#18661 = ( GEOMETRIC_REPRESENTATION_CONTEXT(2) 
PARAMETRIC_REPRESENTATION_CONTEXT() REPRESENTATION_CONTEXT('2D SPACE',''
  ) );
#18662 = ORIENTED_EDGE('',*,*,#18663,.T.);
#18663 = EDGE_CURVE('',#18629,#18664,#18666,.T.);
#18664 = VERTEX_POINT('',#18665);
#18665 = CARTESIAN_POINT('',(-111.76,-284.1498,223.52));
#18666 = SURFACE_CURVE('',#18667,(#18671,#18678),.PCURVE_S1.);
#18667 = LINE('',#18668,#18669);
#18668 = CARTESIAN_POINT('',(-111.76,-323.85,223.52));
#18669 = VECTOR('',#18670,1.);
#18670 = DIRECTION('',(-0.,1.,0.));
#18671 = PCURVE('',#18639,#18672);
#18672 = DEFINITIONAL_REPRESENTATION('',(#18673),#18677);
#18673 = LINE('',#18674,#18675);
#18674 = CARTESIAN_POINT('',(0.,0.));
#18675 = VECTOR('',#18676,1.);
#18676 = DIRECTION('',(0.,-1.));
#18677 = ( GEOMETRIC_REPRESENTATION_CONTEXT(2) 
PARAMETRIC_REPRESENTATION_CONTEXT() REPRESENTATION_CONTEXT('2D SPACE',''
  ) );
#18678 = PCURVE('',#18679,#18684);
#18679 = PLANE('',#18680);
#18680 = AXIS2_PLACEMENT_3D('',#18681,#18682,#18683);
#18681 = CARTESIAN_POINT('',(-111.76,-323.85,223.52));
#18682 = DIRECTION('',(0.,0.,1.));
#18683 = DIRECTION('',(1.,0.,-0.));
#18684 = DEFINITIONAL_REPRESENTATION('',(#18685),#18689);
#18685 = LINE('',#18686,#18687);
#18686 = CARTESIAN_POINT('',(0.,0.));
#18687 = VECTOR('',#18688,1.);
#18688 = DIRECTION('',(0.,1.));
#18689 = ( GEOMETRIC_REPRESENTATION_CONTEXT(2) 
PARAMETRIC_REPRESENTATION_CONTEXT() REPRESENTATION_CONTEXT('2D SPACE',''
  ) );
#18690 = ORIENTED_EDGE('',*,*,#18691,.T.);
#18691 = EDGE_CURVE('',#18664,#18692,#18694,.T.);
#18692 = VERTEX_POINT('',#18693);
#18693 = CARTESIAN_POINT('',(-111.76,-284.1498,334.645));
#18694 = SURFACE_CURVE('',#18695,(#18699,#18706),.PCURVE_S1.);
#18695 = LINE('',#18696,#18697);
#18696 = CARTESIAN_POINT('',(-111.76,-284.1498,223.52));
#18697 = VECTOR('',#18698,1.);
#18698 = DIRECTION('',(0.,0.,1.));
#18699 = PCURVE('',#18639,#18700);
#18700 = DEFINITIONAL_REPRESENTATION('',(#18701),#18705);
#18701 = LINE('',#18702,#18703);
#18702 = CARTESIAN_POINT('',(0.,-39.7002));
#18703 = VECTOR('',#18704,1.);
#18704 = DIRECTION('',(1.,0.));
#18705 = ( GEOMETRIC_REPRESENTATION_CONTEXT(2) 
PARAMETRIC_REPRESENTATION_CONTEXT() REPRESENTATION_CONTEXT('2D SPACE',''
  ) );
#18706 = PCURVE('',#18707,#18712);
#18707 = PLANE('',#18708);
#18708 = AXIS2_PLACEMENT_3D('',#18709,#18710,#18711);
#18709 = CARTESIAN_POINT('',(-111.76,-284.1498,223.52));
#18710 = DIRECTION('',(-0.,1.,0.));
#18711 = DIRECTION('',(0.,0.,1.));
#18712 = DEFINITIONAL_REPRESENTATION('',(#18713),#18717);
#18713 = LINE('',#18714,#18715);
#18714 = CARTESIAN_POINT('',(0.,0.));
#18715 = VECTOR('',#18716,1.);
#18716 = DIRECTION('',(1.,0.));
#18717 = ( GEOMETRIC_REPRESENTATION_CONTEXT(2) 
PARAMETRIC_REPRESENTATION_CONTEXT() REPRESENTATION_CONTEXT('2D SPACE',''
  ) );
#18718 = ORIENTED_EDGE('',*,*,#18719,.F.);
#18719 = EDGE_CURVE('',#18631,#18692,#18720,.T.);
#18720 = SURFACE_CURVE('',#18721,(#18725,#18732),.PCURVE_S1.);
#18721 = LINE('',#18722,#18723);
#18722 = CARTESIAN_POINT('',(-111.76,-323.85,334.645));
#18723 = VECTOR('',#18724,1.);
#18724 = DIRECTION('',(-0.,1.,0.));
#18725 = PCURVE('',#18639,#18726);
#18726 = DEFINITIONAL_REPRESENTATION('',(#18727),#18731);
#18727 = LINE('',#18728,#18729);
#18728 = CARTESIAN_POINT('',(111.125,0.));
#18729 = VECTOR('',#18730,1.);
#18730 = DIRECTION('',(0.,-1.));
#18731 = ( GEOMETRIC_REPRESENTATION_CONTEXT(2) 
PARAMETRIC_REPRESENTATION_CONTEXT() REPRESENTATION_CONTEXT('2D SPACE',''
  ) );
#18732 = PCURVE('',#18733,#18738);
#18733 = PLANE('',#18734);
#18734 = AXIS2_PLACEMENT_3D('',#18735,#18736,#18737);
#18735 = CARTESIAN_POINT('',(-111.76,-323.85,334.645));
#18736 = DIRECTION('',(0.,0.,1.));
#18737 = DIRECTION('',(1.,0.,-0.));
#18738 = DEFINITIONAL_REPRESENTATION('',(#18739),#18743);
#18739 = LINE('',#18740,#18741);
#18740 = CARTESIAN_POINT('',(0.,0.));
#18741 = VECTOR('',#18742,1.);
#18742 = DIRECTION('',(0.,1.));
#18743 = ( GEOMETRIC_REPRESENTATION_CONTEXT(2) 
PARAMETRIC_REPRESENTATION_CONTEXT() REPRESENTATION_CONTEXT('2D SPACE',''
  ) );
#18744 = ADVANCED_FACE('',(#18745),#18759,.T.);
#18745 = FACE_BOUND('',#18746,.T.);
#18746 = EDGE_LOOP('',(#18747,#18777,#18800,#18823));
#18747 = ORIENTED_EDGE('',*,*,#18748,.F.);
#18748 = EDGE_CURVE('',#18749,#18751,#18753,.T.);
#18749 = VERTEX_POINT('',#18750);
#18750 = CARTESIAN_POINT('',(113.665,-323.85,223.52));
#18751 = VERTEX_POINT('',#18752);
#18752 = CARTESIAN_POINT('',(113.665,-323.85,334.645));
#18753 = SURFACE_CURVE('',#18754,(#18758,#18770),.PCURVE_S1.);
#18754 = LINE('',#18755,#18756);
#18755 = CARTESIAN_POINT('',(113.665,-323.85,223.52));
#18756 = VECTOR('',#18757,1.);
#18757 = DIRECTION('',(0.,0.,1.));
#18758 = PCURVE('',#18759,#18764);
#18759 = PLANE('',#18760);
#18760 = AXIS2_PLACEMENT_3D('',#18761,#18762,#18763);
#18761 = CARTESIAN_POINT('',(113.665,-323.85,223.52));
#18762 = DIRECTION('',(1.,0.,-0.));
#18763 = DIRECTION('',(0.,0.,1.));
#18764 = DEFINITIONAL_REPRESENTATION('',(#18765),#18769);
#18765 = LINE('',#18766,#18767);
#18766 = CARTESIAN_POINT('',(0.,0.));
#18767 = VECTOR('',#18768,1.);
#18768 = DIRECTION('',(1.,0.));
#18769 = ( GEOMETRIC_REPRESENTATION_CONTEXT(2) 
PARAMETRIC_REPRESENTATION_CONTEXT() REPRESENTATION_CONTEXT('2D SPACE',''
  ) );
#18770 = PCURVE('',#18651,#18771);
#18771 = DEFINITIONAL_REPRESENTATION('',(#18772),#18776);
#18772 = LINE('',#18773,#18774);
#18773 = CARTESIAN_POINT('',(0.,225.425));
#18774 = VECTOR('',#18775,1.);
#18775 = DIRECTION('',(1.,0.));
#18776 = ( GEOMETRIC_REPRESENTATION_CONTEXT(2) 
PARAMETRIC_REPRESENTATION_CONTEXT() REPRESENTATION_CONTEXT('2D SPACE',''
  ) );
#18777 = ORIENTED_EDGE('',*,*,#18778,.T.);
#18778 = EDGE_CURVE('',#18749,#18779,#18781,.T.);
#18779 = VERTEX_POINT('',#18780);
#18780 = CARTESIAN_POINT('',(113.665,-284.1498,223.52));
#18781 = SURFACE_CURVE('',#18782,(#18786,#18793),.PCURVE_S1.);
#18782 = LINE('',#18783,#18784);
#18783 = CARTESIAN_POINT('',(113.665,-323.85,223.52));
#18784 = VECTOR('',#18785,1.);
#18785 = DIRECTION('',(-0.,1.,0.));
#18786 = PCURVE('',#18759,#18787);
#18787 = DEFINITIONAL_REPRESENTATION('',(#18788),#18792);
#18788 = LINE('',#18789,#18790);
#18789 = CARTESIAN_POINT('',(0.,0.));
#18790 = VECTOR('',#18791,1.);
#18791 = DIRECTION('',(0.,-1.));
#18792 = ( GEOMETRIC_REPRESENTATION_CONTEXT(2) 
PARAMETRIC_REPRESENTATION_CONTEXT() REPRESENTATION_CONTEXT('2D SPACE',''
  ) );
#18793 = PCURVE('',#18679,#18794);
#18794 = DEFINITIONAL_REPRESENTATION('',(#18795),#18799);
#18795 = LINE('',#18796,#18797);
#18796 = CARTESIAN_POINT('',(225.425,0.));
#18797 = VECTOR('',#18798,1.);
#18798 = DIRECTION('',(0.,1.));
#18799 = ( GEOMETRIC_REPRESENTATION_CONTEXT(2) 
PARAMETRIC_REPRESENTATION_CONTEXT() REPRESENTATION_CONTEXT('2D SPACE',''
  ) );
#18800 = ORIENTED_EDGE('',*,*,#18801,.T.);
#18801 = EDGE_CURVE('',#18779,#18802,#18804,.T.);
#18802 = VERTEX_POINT('',#18803);
#18803 = CARTESIAN_POINT('',(113.665,-284.1498,334.645));
#18804 = SURFACE_CURVE('',#18805,(#18809,#18816),.PCURVE_S1.);
#18805 = LINE('',#18806,#18807);
#18806 = CARTESIAN_POINT('',(113.665,-284.1498,223.52));
#18807 = VECTOR('',#18808,1.);
#18808 = DIRECTION('',(0.,0.,1.));
#18809 = PCURVE('',#18759,#18810);
#18810 = DEFINITIONAL_REPRESENTATION('',(#18811),#18815);
#18811 = LINE('',#18812,#18813);
#18812 = CARTESIAN_POINT('',(0.,-39.7002));
#18813 = VECTOR('',#18814,1.);
#18814 = DIRECTION('',(1.,0.));
#18815 = ( GEOMETRIC_REPRESENTATION_CONTEXT(2) 
PARAMETRIC_REPRESENTATION_CONTEXT() REPRESENTATION_CONTEXT('2D SPACE',''
  ) );
#18816 = PCURVE('',#18707,#18817);
#18817 = DEFINITIONAL_REPRESENTATION('',(#18818),#18822);
#18818 = LINE('',#18819,#18820);
#18819 = CARTESIAN_POINT('',(0.,225.425));
#18820 = VECTOR('',#18821,1.);
#18821 = DIRECTION('',(1.,0.));
#18822 = ( GEOMETRIC_REPRESENTATION_CONTEXT(2) 
PARAMETRIC_REPRESENTATION_CONTEXT() REPRESENTATION_CONTEXT('2D SPACE',''
  ) );
#18823 = ORIENTED_EDGE('',*,*,#18824,.F.);
#18824 = EDGE_CURVE('',#18751,#18802,#18825,.T.);
#18825 = SURFACE_CURVE('',#18826,(#18830,#18837),.PCURVE_S1.);
#18826 = LINE('',#18827,#18828);
#18827 = CARTESIAN_POINT('',(113.665,-323.85,334.645));
#18828 = VECTOR('',#18829,1.);
#18829 = DIRECTION('',(-0.,1.,0.));
#18830 = PCURVE('',#18759,#18831);
#18831 = DEFINITIONAL_REPRESENTATION('',(#18832),#18836);
#18832 = LINE('',#18833,#18834);
#18833 = CARTESIAN_POINT('',(111.125,0.));
#18834 = VECTOR('',#18835,1.);
#18835 = DIRECTION('',(0.,-1.));
#18836 = ( GEOMETRIC_REPRESENTATION_CONTEXT(2) 
PARAMETRIC_REPRESENTATION_CONTEXT() REPRESENTATION_CONTEXT('2D SPACE',''
  ) );
#18837 = PCURVE('',#18733,#18838);
#18838 = DEFINITIONAL_REPRESENTATION('',(#18839),#18843);
#18839 = LINE('',#18840,#18841);
#18840 = CARTESIAN_POINT('',(225.425,0.));
#18841 = VECTOR('',#18842,1.);
#18842 = DIRECTION('',(0.,1.));
#18843 = ( GEOMETRIC_REPRESENTATION_CONTEXT(2) 
PARAMETRIC_REPRESENTATION_CONTEXT() REPRESENTATION_CONTEXT('2D SPACE',''
  ) );
#18844 = ADVANCED_FACE('',(#18845),#18651,.F.);
#18845 = FACE_BOUND('',#18846,.F.);
#18846 = EDGE_LOOP('',(#18847,#18868,#18869,#18890));
#18847 = ORIENTED_EDGE('',*,*,#18848,.F.);
#18848 = EDGE_CURVE('',#18629,#18749,#18849,.T.);
#18849 = SURFACE_CURVE('',#18850,(#18854,#18861),.PCURVE_S1.);
#18850 = LINE('',#18851,#18852);
#18851 = CARTESIAN_POINT('',(-111.76,-323.85,223.52));
#18852 = VECTOR('',#18853,1.);
#18853 = DIRECTION('',(1.,0.,-0.));
#18854 = PCURVE('',#18651,#18855);
#18855 = DEFINITIONAL_REPRESENTATION('',(#18856),#18860);
#18856 = LINE('',#18857,#18858);
#18857 = CARTESIAN_POINT('',(0.,0.));
#18858 = VECTOR('',#18859,1.);
#18859 = DIRECTION('',(0.,1.));
#18860 = ( GEOMETRIC_REPRESENTATION_CONTEXT(2) 
PARAMETRIC_REPRESENTATION_CONTEXT() REPRESENTATION_CONTEXT('2D SPACE',''
  ) );
#18861 = PCURVE('',#18679,#18862);
#18862 = DEFINITIONAL_REPRESENTATION('',(#18863),#18867);
#18863 = LINE('',#18864,#18865);
#18864 = CARTESIAN_POINT('',(0.,0.));
#18865 = VECTOR('',#18866,1.);
#18866 = DIRECTION('',(1.,0.));
#18867 = ( GEOMETRIC_REPRESENTATION_CONTEXT(2) 
PARAMETRIC_REPRESENTATION_CONTEXT() REPRESENTATION_CONTEXT('2D SPACE',''
  ) );
#18868 = ORIENTED_EDGE('',*,*,#18628,.T.);
#18869 = ORIENTED_EDGE('',*,*,#18870,.T.);
#18870 = EDGE_CURVE('',#18631,#18751,#18871,.T.);
#18871 = SURFACE_CURVE('',#18872,(#18876,#18883),.PCURVE_S1.);
#18872 = LINE('',#18873,#18874);
#18873 = CARTESIAN_POINT('',(-111.76,-323.85,334.645));
#18874 = VECTOR('',#18875,1.);
#18875 = DIRECTION('',(1.,0.,-0.));
#18876 = PCURVE('',#18651,#18877);
#18877 = DEFINITIONAL_REPRESENTATION('',(#18878),#18882);
#18878 = LINE('',#18879,#18880);
#18879 = CARTESIAN_POINT('',(111.125,0.));
#18880 = VECTOR('',#18881,1.);
#18881 = DIRECTION('',(0.,1.));
#18882 = ( GEOMETRIC_REPRESENTATION_CONTEXT(2) 
PARAMETRIC_REPRESENTATION_CONTEXT() REPRESENTATION_CONTEXT('2D SPACE',''
  ) );
#18883 = PCURVE('',#18733,#18884);
#18884 = DEFINITIONAL_REPRESENTATION('',(#18885),#18889);
#18885 = LINE('',#18886,#18887);
#18886 = CARTESIAN_POINT('',(0.,0.));
#18887 = VECTOR('',#18888,1.);
#18888 = DIRECTION('',(1.,0.));
#18889 = ( GEOMETRIC_REPRESENTATION_CONTEXT(2) 
PARAMETRIC_REPRESENTATION_CONTEXT() REPRESENTATION_CONTEXT('2D SPACE',''
  ) );
#18890 = ORIENTED_EDGE('',*,*,#18748,.F.);
#18891 = ADVANCED_FACE('',(#18892),#18707,.T.);
#18892 = FACE_BOUND('',#18893,.T.);
#18893 = EDGE_LOOP('',(#18894,#18915,#18916,#18937));
#18894 = ORIENTED_EDGE('',*,*,#18895,.F.);
#18895 = EDGE_CURVE('',#18664,#18779,#18896,.T.);
#18896 = SURFACE_CURVE('',#18897,(#18901,#18908),.PCURVE_S1.);
#18897 = LINE('',#18898,#18899);
#18898 = CARTESIAN_POINT('',(-111.76,-284.1498,223.52));
#18899 = VECTOR('',#18900,1.);
#18900 = DIRECTION('',(1.,0.,-0.));
#18901 = PCURVE('',#18707,#18902);
#18902 = DEFINITIONAL_REPRESENTATION('',(#18903),#18907);
#18903 = LINE('',#18904,#18905);
#18904 = CARTESIAN_POINT('',(0.,0.));
#18905 = VECTOR('',#18906,1.);
#18906 = DIRECTION('',(0.,1.));
#18907 = ( GEOMETRIC_REPRESENTATION_CONTEXT(2) 
PARAMETRIC_REPRESENTATION_CONTEXT() REPRESENTATION_CONTEXT('2D SPACE',''
  ) );
#18908 = PCURVE('',#18679,#18909);
#18909 = DEFINITIONAL_REPRESENTATION('',(#18910),#18914);
#18910 = LINE('',#18911,#18912);
#18911 = CARTESIAN_POINT('',(0.,39.7002));
#18912 = VECTOR('',#18913,1.);
#18913 = DIRECTION('',(1.,0.));
#18914 = ( GEOMETRIC_REPRESENTATION_CONTEXT(2) 
PARAMETRIC_REPRESENTATION_CONTEXT() REPRESENTATION_CONTEXT('2D SPACE',''
  ) );
#18915 = ORIENTED_EDGE('',*,*,#18691,.T.);
#18916 = ORIENTED_EDGE('',*,*,#18917,.T.);
#18917 = EDGE_CURVE('',#18692,#18802,#18918,.T.);
#18918 = SURFACE_CURVE('',#18919,(#18923,#18930),.PCURVE_S1.);
#18919 = LINE('',#18920,#18921);
#18920 = CARTESIAN_POINT('',(-111.76,-284.1498,334.645));
#18921 = VECTOR('',#18922,1.);
#18922 = DIRECTION('',(1.,0.,-0.));
#18923 = PCURVE('',#18707,#18924);
#18924 = DEFINITIONAL_REPRESENTATION('',(#18925),#18929);
#18925 = LINE('',#18926,#18927);
#18926 = CARTESIAN_POINT('',(111.125,0.));
#18927 = VECTOR('',#18928,1.);
#18928 = DIRECTION('',(0.,1.));
#18929 = ( GEOMETRIC_REPRESENTATION_CONTEXT(2) 
PARAMETRIC_REPRESENTATION_CONTEXT() REPRESENTATION_CONTEXT('2D SPACE',''
  ) );
#18930 = PCURVE('',#18733,#18931);
#18931 = DEFINITIONAL_REPRESENTATION('',(#18932),#18936);
#18932 = LINE('',#18933,#18934);
#18933 = CARTESIAN_POINT('',(0.,39.7002));
#18934 = VECTOR('',#18935,1.);
#18935 = DIRECTION('',(1.,0.));
#18936 = ( GEOMETRIC_REPRESENTATION_CONTEXT(2) 
PARAMETRIC_REPRESENTATION_CONTEXT() REPRESENTATION_CONTEXT('2D SPACE',''
  ) );
#18937 = ORIENTED_EDGE('',*,*,#18801,.F.);
#18938 = ADVANCED_FACE('',(#18939),#18679,.F.);
#18939 = FACE_BOUND('',#18940,.F.);
#18940 = EDGE_LOOP('',(#18941,#18942,#18943,#18944));
#18941 = ORIENTED_EDGE('',*,*,#18663,.F.);
#18942 = ORIENTED_EDGE('',*,*,#18848,.T.);
#18943 = ORIENTED_EDGE('',*,*,#18778,.T.);
#18944 = ORIENTED_EDGE('',*,*,#18895,.F.);
#18945 = ADVANCED_FACE('',(#18946),#18733,.T.);
#18946 = FACE_BOUND('',#18947,.T.);
#18947 = EDGE_LOOP('',(#18948,#18949,#18950,#18951));
#18948 = ORIENTED_EDGE('',*,*,#18719,.F.);
#18949 = ORIENTED_EDGE('',*,*,#18870,.T.);
#18950 = ORIENTED_EDGE('',*,*,#18824,.T.);
#18951 = ORIENTED_EDGE('',*,*,#18917,.F.);
#18952 = ( GEOMETRIC_REPRESENTATION_CONTEXT(3) 
GLOBAL_UNCERTAINTY_ASSIGNED_CONTEXT((#18956)) 
GLOBAL_UNIT_ASSIGNED_CONTEXT((#18953,#18954,#18955)) 
REPRESENTATION_CONTEXT('Context #1',
  '3D Context with UNIT and UNCERTAINTY') );
#18953 = ( LENGTH_UNIT() NAMED_UNIT(*) SI_UNIT(.MILLI.,.METRE.) );
#18954 = ( NAMED_UNIT(*) PLANE_ANGLE_UNIT() SI_UNIT($,.RADIAN.) );
#18955 = ( NAMED_UNIT(*) SI_UNIT($,.STERADIAN.) SOLID_ANGLE_UNIT() );
#18956 = UNCERTAINTY_MEASURE_WITH_UNIT(LENGTH_MEASURE(1.E-07),#18953,
  'distance_accuracy_value','confusion accuracy');
#18957 = CONTEXT_DEPENDENT_SHAPE_REPRESENTATION(#18958,#18960);
#18958 = ( REPRESENTATION_RELATIONSHIP('','',#18621,#10) 
REPRESENTATION_RELATIONSHIP_WITH_TRANSFORMATION(#18959) 
SHAPE_REPRESENTATION_RELATIONSHIP() );
#18959 = ITEM_DEFINED_TRANSFORMATION('','',#11,#35);
#18960 = PRODUCT_DEFINITION_SHAPE('Placement','Placement of an item',
  #18961);
#18961 = NEXT_ASSEMBLY_USAGE_OCCURRENCE('33',
  'ENVELOPE PDH REV-11-1850 (verified size)','',#5,#18616,$);
#18962 = PRODUCT_RELATED_PRODUCT_CATEGORY('part',$,(#18618));
#18963 = SHAPE_DEFINITION_REPRESENTATION(#18964,#18970);
#18964 = PRODUCT_DEFINITION_SHAPE('','',#18965);
#18965 = PRODUCT_DEFINITION('design','',#18966,#18969);
#18966 = PRODUCT_DEFINITION_FORMATION('','',#18967);
#18967 = PRODUCT('ENVELOPE roboRIO 2.0 (PLACEHOLDER size)',
  'ENVELOPE roboRIO 2.0 (PLACEHOLDER size)','',(#18968));
#18968 = PRODUCT_CONTEXT('',#2,'mechanical');
#18969 = PRODUCT_DEFINITION_CONTEXT('part definition',#2,'design');
#18970 = ADVANCED_BREP_SHAPE_REPRESENTATION('',(#11,#18971),#19301);
#18971 = MANIFOLD_SOLID_BREP('',#18972);
#18972 = CLOSED_SHELL('',(#18973,#19093,#19193,#19240,#19287,#19294));
#18973 = ADVANCED_FACE('',(#18974),#18988,.F.);
#18974 = FACE_BOUND('',#18975,.F.);
#18975 = EDGE_LOOP('',(#18976,#19011,#19039,#19067));
#18976 = ORIENTED_EDGE('',*,*,#18977,.F.);
#18977 = EDGE_CURVE('',#18978,#18980,#18982,.T.);
#18978 = VERTEX_POINT('',#18979);
#18979 = CARTESIAN_POINT('',(-302.26,-323.85,218.44));
#18980 = VERTEX_POINT('',#18981);
#18981 = CARTESIAN_POINT('',(-302.26,-323.85,355.6));
#18982 = SURFACE_CURVE('',#18983,(#18987,#18999),.PCURVE_S1.);
#18983 = LINE('',#18984,#18985);
#18984 = CARTESIAN_POINT('',(-302.26,-323.85,218.44));
#18985 = VECTOR('',#18986,1.);
#18986 = DIRECTION('',(0.,0.,1.));
#18987 = PCURVE('',#18988,#18993);
#18988 = PLANE('',#18989);
#18989 = AXIS2_PLACEMENT_3D('',#18990,#18991,#18992);
#18990 = CARTESIAN_POINT('',(-302.26,-323.85,218.44));
#18991 = DIRECTION('',(1.,0.,-0.));
#18992 = DIRECTION('',(0.,0.,1.));
#18993 = DEFINITIONAL_REPRESENTATION('',(#18994),#18998);
#18994 = LINE('',#18995,#18996);
#18995 = CARTESIAN_POINT('',(0.,0.));
#18996 = VECTOR('',#18997,1.);
#18997 = DIRECTION('',(1.,0.));
#18998 = ( GEOMETRIC_REPRESENTATION_CONTEXT(2) 
PARAMETRIC_REPRESENTATION_CONTEXT() REPRESENTATION_CONTEXT('2D SPACE',''
  ) );
#18999 = PCURVE('',#19000,#19005);
#19000 = PLANE('',#19001);
#19001 = AXIS2_PLACEMENT_3D('',#19002,#19003,#19004);
#19002 = CARTESIAN_POINT('',(-302.26,-323.85,218.44));
#19003 = DIRECTION('',(-0.,1.,0.));
#19004 = DIRECTION('',(0.,0.,1.));
#19005 = DEFINITIONAL_REPRESENTATION('',(#19006),#19010);
#19006 = LINE('',#19007,#19008);
#19007 = CARTESIAN_POINT('',(0.,0.));
#19008 = VECTOR('',#19009,1.);
#19009 = DIRECTION('',(1.,0.));
#19010 = ( GEOMETRIC_REPRESENTATION_CONTEXT(2) 
PARAMETRIC_REPRESENTATION_CONTEXT() REPRESENTATION_CONTEXT('2D SPACE',''
  ) );
#19011 = ORIENTED_EDGE('',*,*,#19012,.T.);
#19012 = EDGE_CURVE('',#18978,#19013,#19015,.T.);
#19013 = VERTEX_POINT('',#19014);
#19014 = CARTESIAN_POINT('',(-302.26,-283.21,218.44));
#19015 = SURFACE_CURVE('',#19016,(#19020,#19027),.PCURVE_S1.);
#19016 = LINE('',#19017,#19018);
#19017 = CARTESIAN_POINT('',(-302.26,-323.85,218.44));
#19018 = VECTOR('',#19019,1.);
#19019 = DIRECTION('',(-0.,1.,0.));
#19020 = PCURVE('',#18988,#19021);
#19021 = DEFINITIONAL_REPRESENTATION('',(#19022),#19026);
#19022 = LINE('',#19023,#19024);
#19023 = CARTESIAN_POINT('',(0.,0.));
#19024 = VECTOR('',#19025,1.);
#19025 = DIRECTION('',(0.,-1.));
#19026 = ( GEOMETRIC_REPRESENTATION_CONTEXT(2) 
PARAMETRIC_REPRESENTATION_CONTEXT() REPRESENTATION_CONTEXT('2D SPACE',''
  ) );
#19027 = PCURVE('',#19028,#19033);
#19028 = PLANE('',#19029);
#19029 = AXIS2_PLACEMENT_3D('',#19030,#19031,#19032);
#19030 = CARTESIAN_POINT('',(-302.26,-323.85,218.44));
#19031 = DIRECTION('',(0.,0.,1.));
#19032 = DIRECTION('',(1.,0.,-0.));
#19033 = DEFINITIONAL_REPRESENTATION('',(#19034),#19038);
#19034 = LINE('',#19035,#19036);
#19035 = CARTESIAN_POINT('',(0.,0.));
#19036 = VECTOR('',#19037,1.);
#19037 = DIRECTION('',(0.,1.));
#19038 = ( GEOMETRIC_REPRESENTATION_CONTEXT(2) 
PARAMETRIC_REPRESENTATION_CONTEXT() REPRESENTATION_CONTEXT('2D SPACE',''
  ) );
#19039 = ORIENTED_EDGE('',*,*,#19040,.T.);
#19040 = EDGE_CURVE('',#19013,#19041,#19043,.T.);
#19041 = VERTEX_POINT('',#19042);
#19042 = CARTESIAN_POINT('',(-302.26,-283.21,355.6));
#19043 = SURFACE_CURVE('',#19044,(#19048,#19055),.PCURVE_S1.);
#19044 = LINE('',#19045,#19046);
#19045 = CARTESIAN_POINT('',(-302.26,-283.21,218.44));
#19046 = VECTOR('',#19047,1.);
#19047 = DIRECTION('',(0.,0.,1.));
#19048 = PCURVE('',#18988,#19049);
#19049 = DEFINITIONAL_REPRESENTATION('',(#19050),#19054);
#19050 = LINE('',#19051,#19052);
#19051 = CARTESIAN_POINT('',(0.,-40.64));
#19052 = VECTOR('',#19053,1.);
#19053 = DIRECTION('',(1.,0.));
#19054 = ( GEOMETRIC_REPRESENTATION_CONTEXT(2) 
PARAMETRIC_REPRESENTATION_CONTEXT() REPRESENTATION_CONTEXT('2D SPACE',''
  ) );
#19055 = PCURVE('',#19056,#19061);
#19056 = PLANE('',#19057);
#19057 = AXIS2_PLACEMENT_3D('',#19058,#19059,#19060);
#19058 = CARTESIAN_POINT('',(-302.26,-283.21,218.44));
#19059 = DIRECTION('',(-0.,1.,0.));
#19060 = DIRECTION('',(0.,0.,1.));
#19061 = DEFINITIONAL_REPRESENTATION('',(#19062),#19066);
#19062 = LINE('',#19063,#19064);
#19063 = CARTESIAN_POINT('',(0.,0.));
#19064 = VECTOR('',#19065,1.);
#19065 = DIRECTION('',(1.,0.));
#19066 = ( GEOMETRIC_REPRESENTATION_CONTEXT(2) 
PARAMETRIC_REPRESENTATION_CONTEXT() REPRESENTATION_CONTEXT('2D SPACE',''
  ) );
#19067 = ORIENTED_EDGE('',*,*,#19068,.F.);
#19068 = EDGE_CURVE('',#18980,#19041,#19069,.T.);
#19069 = SURFACE_CURVE('',#19070,(#19074,#19081),.PCURVE_S1.);
#19070 = LINE('',#19071,#19072);
#19071 = CARTESIAN_POINT('',(-302.26,-323.85,355.6));
#19072 = VECTOR('',#19073,1.);
#19073 = DIRECTION('',(-0.,1.,0.));
#19074 = PCURVE('',#18988,#19075);
#19075 = DEFINITIONAL_REPRESENTATION('',(#19076),#19080);
#19076 = LINE('',#19077,#19078);
#19077 = CARTESIAN_POINT('',(137.16,0.));
#19078 = VECTOR('',#19079,1.);
#19079 = DIRECTION('',(0.,-1.));
#19080 = ( GEOMETRIC_REPRESENTATION_CONTEXT(2) 
PARAMETRIC_REPRESENTATION_CONTEXT() REPRESENTATION_CONTEXT('2D SPACE',''
  ) );
#19081 = PCURVE('',#19082,#19087);
#19082 = PLANE('',#19083);
#19083 = AXIS2_PLACEMENT_3D('',#19084,#19085,#19086);
#19084 = CARTESIAN_POINT('',(-302.26,-323.85,355.6));
#19085 = DIRECTION('',(0.,0.,1.));
#19086 = DIRECTION('',(1.,0.,-0.));
#19087 = DEFINITIONAL_REPRESENTATION('',(#19088),#19092);
#19088 = LINE('',#19089,#19090);
#19089 = CARTESIAN_POINT('',(0.,0.));
#19090 = VECTOR('',#19091,1.);
#19091 = DIRECTION('',(0.,1.));
#19092 = ( GEOMETRIC_REPRESENTATION_CONTEXT(2) 
PARAMETRIC_REPRESENTATION_CONTEXT() REPRESENTATION_CONTEXT('2D SPACE',''
  ) );
#19093 = ADVANCED_FACE('',(#19094),#19108,.T.);
#19094 = FACE_BOUND('',#19095,.T.);
#19095 = EDGE_LOOP('',(#19096,#19126,#19149,#19172));
#19096 = ORIENTED_EDGE('',*,*,#19097,.F.);
#19097 = EDGE_CURVE('',#19098,#19100,#19102,.T.);
#19098 = VERTEX_POINT('',#19099);
#19099 = CARTESIAN_POINT('',(-165.1,-323.85,218.44));
#19100 = VERTEX_POINT('',#19101);
#19101 = CARTESIAN_POINT('',(-165.1,-323.85,355.6));
#19102 = SURFACE_CURVE('',#19103,(#19107,#19119),.PCURVE_S1.);
#19103 = LINE('',#19104,#19105);
#19104 = CARTESIAN_POINT('',(-165.1,-323.85,218.44));
#19105 = VECTOR('',#19106,1.);
#19106 = DIRECTION('',(0.,0.,1.));
#19107 = PCURVE('',#19108,#19113);
#19108 = PLANE('',#19109);
#19109 = AXIS2_PLACEMENT_3D('',#19110,#19111,#19112);
#19110 = CARTESIAN_POINT('',(-165.1,-323.85,218.44));
#19111 = DIRECTION('',(1.,0.,-0.));
#19112 = DIRECTION('',(0.,0.,1.));
#19113 = DEFINITIONAL_REPRESENTATION('',(#19114),#19118);
#19114 = LINE('',#19115,#19116);
#19115 = CARTESIAN_POINT('',(0.,0.));
#19116 = VECTOR('',#19117,1.);
#19117 = DIRECTION('',(1.,0.));
#19118 = ( GEOMETRIC_REPRESENTATION_CONTEXT(2) 
PARAMETRIC_REPRESENTATION_CONTEXT() REPRESENTATION_CONTEXT('2D SPACE',''
  ) );
#19119 = PCURVE('',#19000,#19120);
#19120 = DEFINITIONAL_REPRESENTATION('',(#19121),#19125);
#19121 = LINE('',#19122,#19123);
#19122 = CARTESIAN_POINT('',(0.,137.16));
#19123 = VECTOR('',#19124,1.);
#19124 = DIRECTION('',(1.,0.));
#19125 = ( GEOMETRIC_REPRESENTATION_CONTEXT(2) 
PARAMETRIC_REPRESENTATION_CONTEXT() REPRESENTATION_CONTEXT('2D SPACE',''
  ) );
#19126 = ORIENTED_EDGE('',*,*,#19127,.T.);
#19127 = EDGE_CURVE('',#19098,#19128,#19130,.T.);
#19128 = VERTEX_POINT('',#19129);
#19129 = CARTESIAN_POINT('',(-165.1,-283.21,218.44));
#19130 = SURFACE_CURVE('',#19131,(#19135,#19142),.PCURVE_S1.);
#19131 = LINE('',#19132,#19133);
#19132 = CARTESIAN_POINT('',(-165.1,-323.85,218.44));
#19133 = VECTOR('',#19134,1.);
#19134 = DIRECTION('',(-0.,1.,0.));
#19135 = PCURVE('',#19108,#19136);
#19136 = DEFINITIONAL_REPRESENTATION('',(#19137),#19141);
#19137 = LINE('',#19138,#19139);
#19138 = CARTESIAN_POINT('',(0.,0.));
#19139 = VECTOR('',#19140,1.);
#19140 = DIRECTION('',(0.,-1.));
#19141 = ( GEOMETRIC_REPRESENTATION_CONTEXT(2) 
PARAMETRIC_REPRESENTATION_CONTEXT() REPRESENTATION_CONTEXT('2D SPACE',''
  ) );
#19142 = PCURVE('',#19028,#19143);
#19143 = DEFINITIONAL_REPRESENTATION('',(#19144),#19148);
#19144 = LINE('',#19145,#19146);
#19145 = CARTESIAN_POINT('',(137.16,0.));
#19146 = VECTOR('',#19147,1.);
#19147 = DIRECTION('',(0.,1.));
#19148 = ( GEOMETRIC_REPRESENTATION_CONTEXT(2) 
PARAMETRIC_REPRESENTATION_CONTEXT() REPRESENTATION_CONTEXT('2D SPACE',''
  ) );
#19149 = ORIENTED_EDGE('',*,*,#19150,.T.);
#19150 = EDGE_CURVE('',#19128,#19151,#19153,.T.);
#19151 = VERTEX_POINT('',#19152);
#19152 = CARTESIAN_POINT('',(-165.1,-283.21,355.6));
#19153 = SURFACE_CURVE('',#19154,(#19158,#19165),.PCURVE_S1.);
#19154 = LINE('',#19155,#19156);
#19155 = CARTESIAN_POINT('',(-165.1,-283.21,218.44));
#19156 = VECTOR('',#19157,1.);
#19157 = DIRECTION('',(0.,0.,1.));
#19158 = PCURVE('',#19108,#19159);
#19159 = DEFINITIONAL_REPRESENTATION('',(#19160),#19164);
#19160 = LINE('',#19161,#19162);
#19161 = CARTESIAN_POINT('',(0.,-40.64));
#19162 = VECTOR('',#19163,1.);
#19163 = DIRECTION('',(1.,0.));
#19164 = ( GEOMETRIC_REPRESENTATION_CONTEXT(2) 
PARAMETRIC_REPRESENTATION_CONTEXT() REPRESENTATION_CONTEXT('2D SPACE',''
  ) );
#19165 = PCURVE('',#19056,#19166);
#19166 = DEFINITIONAL_REPRESENTATION('',(#19167),#19171);
#19167 = LINE('',#19168,#19169);
#19168 = CARTESIAN_POINT('',(0.,137.16));
#19169 = VECTOR('',#19170,1.);
#19170 = DIRECTION('',(1.,0.));
#19171 = ( GEOMETRIC_REPRESENTATION_CONTEXT(2) 
PARAMETRIC_REPRESENTATION_CONTEXT() REPRESENTATION_CONTEXT('2D SPACE',''
  ) );
#19172 = ORIENTED_EDGE('',*,*,#19173,.F.);
#19173 = EDGE_CURVE('',#19100,#19151,#19174,.T.);
#19174 = SURFACE_CURVE('',#19175,(#19179,#19186),.PCURVE_S1.);
#19175 = LINE('',#19176,#19177);
#19176 = CARTESIAN_POINT('',(-165.1,-323.85,355.6));
#19177 = VECTOR('',#19178,1.);
#19178 = DIRECTION('',(-0.,1.,0.));
#19179 = PCURVE('',#19108,#19180);
#19180 = DEFINITIONAL_REPRESENTATION('',(#19181),#19185);
#19181 = LINE('',#19182,#19183);
#19182 = CARTESIAN_POINT('',(137.16,0.));
#19183 = VECTOR('',#19184,1.);
#19184 = DIRECTION('',(0.,-1.));
#19185 = ( GEOMETRIC_REPRESENTATION_CONTEXT(2) 
PARAMETRIC_REPRESENTATION_CONTEXT() REPRESENTATION_CONTEXT('2D SPACE',''
  ) );
#19186 = PCURVE('',#19082,#19187);
#19187 = DEFINITIONAL_REPRESENTATION('',(#19188),#19192);
#19188 = LINE('',#19189,#19190);
#19189 = CARTESIAN_POINT('',(137.16,0.));
#19190 = VECTOR('',#19191,1.);
#19191 = DIRECTION('',(0.,1.));
#19192 = ( GEOMETRIC_REPRESENTATION_CONTEXT(2) 
PARAMETRIC_REPRESENTATION_CONTEXT() REPRESENTATION_CONTEXT('2D SPACE',''
  ) );
#19193 = ADVANCED_FACE('',(#19194),#19000,.F.);
#19194 = FACE_BOUND('',#19195,.F.);
#19195 = EDGE_LOOP('',(#19196,#19217,#19218,#19239));
#19196 = ORIENTED_EDGE('',*,*,#19197,.F.);
#19197 = EDGE_CURVE('',#18978,#19098,#19198,.T.);
#19198 = SURFACE_CURVE('',#19199,(#19203,#19210),.PCURVE_S1.);
#19199 = LINE('',#19200,#19201);
#19200 = CARTESIAN_POINT('',(-302.26,-323.85,218.44));
#19201 = VECTOR('',#19202,1.);
#19202 = DIRECTION('',(1.,0.,-0.));
#19203 = PCURVE('',#19000,#19204);
#19204 = DEFINITIONAL_REPRESENTATION('',(#19205),#19209);
#19205 = LINE('',#19206,#19207);
#19206 = CARTESIAN_POINT('',(0.,0.));
#19207 = VECTOR('',#19208,1.);
#19208 = DIRECTION('',(0.,1.));
#19209 = ( GEOMETRIC_REPRESENTATION_CONTEXT(2) 
PARAMETRIC_REPRESENTATION_CONTEXT() REPRESENTATION_CONTEXT('2D SPACE',''
  ) );
#19210 = PCURVE('',#19028,#19211);
#19211 = DEFINITIONAL_REPRESENTATION('',(#19212),#19216);
#19212 = LINE('',#19213,#19214);
#19213 = CARTESIAN_POINT('',(0.,0.));
#19214 = VECTOR('',#19215,1.);
#19215 = DIRECTION('',(1.,0.));
#19216 = ( GEOMETRIC_REPRESENTATION_CONTEXT(2) 
PARAMETRIC_REPRESENTATION_CONTEXT() REPRESENTATION_CONTEXT('2D SPACE',''
  ) );
#19217 = ORIENTED_EDGE('',*,*,#18977,.T.);
#19218 = ORIENTED_EDGE('',*,*,#19219,.T.);
#19219 = EDGE_CURVE('',#18980,#19100,#19220,.T.);
#19220 = SURFACE_CURVE('',#19221,(#19225,#19232),.PCURVE_S1.);
#19221 = LINE('',#19222,#19223);
#19222 = CARTESIAN_POINT('',(-302.26,-323.85,355.6));
#19223 = VECTOR('',#19224,1.);
#19224 = DIRECTION('',(1.,0.,-0.));
#19225 = PCURVE('',#19000,#19226);
#19226 = DEFINITIONAL_REPRESENTATION('',(#19227),#19231);
#19227 = LINE('',#19228,#19229);
#19228 = CARTESIAN_POINT('',(137.16,0.));
#19229 = VECTOR('',#19230,1.);
#19230 = DIRECTION('',(0.,1.));
#19231 = ( GEOMETRIC_REPRESENTATION_CONTEXT(2) 
PARAMETRIC_REPRESENTATION_CONTEXT() REPRESENTATION_CONTEXT('2D SPACE',''
  ) );
#19232 = PCURVE('',#19082,#19233);
#19233 = DEFINITIONAL_REPRESENTATION('',(#19234),#19238);
#19234 = LINE('',#19235,#19236);
#19235 = CARTESIAN_POINT('',(0.,0.));
#19236 = VECTOR('',#19237,1.);
#19237 = DIRECTION('',(1.,0.));
#19238 = ( GEOMETRIC_REPRESENTATION_CONTEXT(2) 
PARAMETRIC_REPRESENTATION_CONTEXT() REPRESENTATION_CONTEXT('2D SPACE',''
  ) );
#19239 = ORIENTED_EDGE('',*,*,#19097,.F.);
#19240 = ADVANCED_FACE('',(#19241),#19056,.T.);
#19241 = FACE_BOUND('',#19242,.T.);
#19242 = EDGE_LOOP('',(#19243,#19264,#19265,#19286));
#19243 = ORIENTED_EDGE('',*,*,#19244,.F.);
#19244 = EDGE_CURVE('',#19013,#19128,#19245,.T.);
#19245 = SURFACE_CURVE('',#19246,(#19250,#19257),.PCURVE_S1.);
#19246 = LINE('',#19247,#19248);
#19247 = CARTESIAN_POINT('',(-302.26,-283.21,218.44));
#19248 = VECTOR('',#19249,1.);
#19249 = DIRECTION('',(1.,0.,-0.));
#19250 = PCURVE('',#19056,#19251);
#19251 = DEFINITIONAL_REPRESENTATION('',(#19252),#19256);
#19252 = LINE('',#19253,#19254);
#19253 = CARTESIAN_POINT('',(0.,0.));
#19254 = VECTOR('',#19255,1.);
#19255 = DIRECTION('',(0.,1.));
#19256 = ( GEOMETRIC_REPRESENTATION_CONTEXT(2) 
PARAMETRIC_REPRESENTATION_CONTEXT() REPRESENTATION_CONTEXT('2D SPACE',''
  ) );
#19257 = PCURVE('',#19028,#19258);
#19258 = DEFINITIONAL_REPRESENTATION('',(#19259),#19263);
#19259 = LINE('',#19260,#19261);
#19260 = CARTESIAN_POINT('',(0.,40.64));
#19261 = VECTOR('',#19262,1.);
#19262 = DIRECTION('',(1.,0.));
#19263 = ( GEOMETRIC_REPRESENTATION_CONTEXT(2) 
PARAMETRIC_REPRESENTATION_CONTEXT() REPRESENTATION_CONTEXT('2D SPACE',''
  ) );
#19264 = ORIENTED_EDGE('',*,*,#19040,.T.);
#19265 = ORIENTED_EDGE('',*,*,#19266,.T.);
#19266 = EDGE_CURVE('',#19041,#19151,#19267,.T.);
#19267 = SURFACE_CURVE('',#19268,(#19272,#19279),.PCURVE_S1.);
#19268 = LINE('',#19269,#19270);
#19269 = CARTESIAN_POINT('',(-302.26,-283.21,355.6));
#19270 = VECTOR('',#19271,1.);
#19271 = DIRECTION('',(1.,0.,-0.));
#19272 = PCURVE('',#19056,#19273);
#19273 = DEFINITIONAL_REPRESENTATION('',(#19274),#19278);
#19274 = LINE('',#19275,#19276);
#19275 = CARTESIAN_POINT('',(137.16,0.));
#19276 = VECTOR('',#19277,1.);
#19277 = DIRECTION('',(0.,1.));
#19278 = ( GEOMETRIC_REPRESENTATION_CONTEXT(2) 
PARAMETRIC_REPRESENTATION_CONTEXT() REPRESENTATION_CONTEXT('2D SPACE',''
  ) );
#19279 = PCURVE('',#19082,#19280);
#19280 = DEFINITIONAL_REPRESENTATION('',(#19281),#19285);
#19281 = LINE('',#19282,#19283);
#19282 = CARTESIAN_POINT('',(0.,40.64));
#19283 = VECTOR('',#19284,1.);
#19284 = DIRECTION('',(1.,0.));
#19285 = ( GEOMETRIC_REPRESENTATION_CONTEXT(2) 
PARAMETRIC_REPRESENTATION_CONTEXT() REPRESENTATION_CONTEXT('2D SPACE',''
  ) );
#19286 = ORIENTED_EDGE('',*,*,#19150,.F.);
#19287 = ADVANCED_FACE('',(#19288),#19028,.F.);
#19288 = FACE_BOUND('',#19289,.F.);
#19289 = EDGE_LOOP('',(#19290,#19291,#19292,#19293));
#19290 = ORIENTED_EDGE('',*,*,#19012,.F.);
#19291 = ORIENTED_EDGE('',*,*,#19197,.T.);
#19292 = ORIENTED_EDGE('',*,*,#19127,.T.);
#19293 = ORIENTED_EDGE('',*,*,#19244,.F.);
#19294 = ADVANCED_FACE('',(#19295),#19082,.T.);
#19295 = FACE_BOUND('',#19296,.T.);
#19296 = EDGE_LOOP('',(#19297,#19298,#19299,#19300));
#19297 = ORIENTED_EDGE('',*,*,#19068,.F.);
#19298 = ORIENTED_EDGE('',*,*,#19219,.T.);
#19299 = ORIENTED_EDGE('',*,*,#19173,.T.);
#19300 = ORIENTED_EDGE('',*,*,#19266,.F.);
#19301 = ( GEOMETRIC_REPRESENTATION_CONTEXT(3) 
GLOBAL_UNCERTAINTY_ASSIGNED_CONTEXT((#19305)) 
GLOBAL_UNIT_ASSIGNED_CONTEXT((#19302,#19303,#19304)) 
REPRESENTATION_CONTEXT('Context #1',
  '3D Context with UNIT and UNCERTAINTY') );
#19302 = ( LENGTH_UNIT() NAMED_UNIT(*) SI_UNIT(.MILLI.,.METRE.) );
#19303 = ( NAMED_UNIT(*) PLANE_ANGLE_UNIT() SI_UNIT($,.RADIAN.) );
#19304 = ( NAMED_UNIT(*) SI_UNIT($,.STERADIAN.) SOLID_ANGLE_UNIT() );
#19305 = UNCERTAINTY_MEASURE_WITH_UNIT(LENGTH_MEASURE(1.E-07),#19302,
  'distance_accuracy_value','confusion accuracy');
#19306 = CONTEXT_DEPENDENT_SHAPE_REPRESENTATION(#19307,#19309);
#19307 = ( REPRESENTATION_RELATIONSHIP('','',#18970,#10) 
REPRESENTATION_RELATIONSHIP_WITH_TRANSFORMATION(#19308) 
SHAPE_REPRESENTATION_RELATIONSHIP() );
#19308 = ITEM_DEFINED_TRANSFORMATION('','',#11,#39);
#19309 = PRODUCT_DEFINITION_SHAPE('Placement','Placement of an item',
  #19310);
#19310 = NEXT_ASSEMBLY_USAGE_OCCURRENCE('34',
  'ENVELOPE roboRIO 2.0 (PLACEHOLDER size)','',#5,#18965,$);
#19311 = PRODUCT_RELATED_PRODUCT_CATEGORY('part',$,(#18967));
#19312 = SHAPE_DEFINITION_REPRESENTATION(#19313,#19319);
#19313 = PRODUCT_DEFINITION_SHAPE('','',#19314);
#19314 = PRODUCT_DEFINITION('design','',#19315,#19318);
#19315 = PRODUCT_DEFINITION_FORMATION('','',#19316);
#19316 = PRODUCT('ENVELOPE VH-109 radio (PLACEHOLDER size)',
  'ENVELOPE VH-109 radio (PLACEHOLDER size)','',(#19317));
#19317 = PRODUCT_CONTEXT('',#2,'mechanical');
#19318 = PRODUCT_DEFINITION_CONTEXT('part definition',#2,'design');
#19319 = ADVANCED_BREP_SHAPE_REPRESENTATION('',(#11,#19320),#19650);
#19320 = MANIFOLD_SOLID_BREP('',#19321);
#19321 = CLOSED_SHELL('',(#19322,#19442,#19542,#19589,#19636,#19643));
#19322 = ADVANCED_FACE('',(#19323),#19337,.F.);
#19323 = FACE_BOUND('',#19324,.F.);
#19324 = EDGE_LOOP('',(#19325,#19360,#19388,#19416));
#19325 = ORIENTED_EDGE('',*,*,#19326,.F.);
#19326 = EDGE_CURVE('',#19327,#19329,#19331,.T.);
#19327 = VERTEX_POINT('',#19328);
#19328 = CARTESIAN_POINT('',(162.56,-323.85,299.72));
#19329 = VERTEX_POINT('',#19330);
#19330 = CARTESIAN_POINT('',(162.56,-323.85,363.22));
#19331 = SURFACE_CURVE('',#19332,(#19336,#19348),.PCURVE_S1.);
#19332 = LINE('',#19333,#19334);
#19333 = CARTESIAN_POINT('',(162.56,-323.85,299.72));
#19334 = VECTOR('',#19335,1.);
#19335 = DIRECTION('',(0.,0.,1.));
#19336 = PCURVE('',#19337,#19342);
#19337 = PLANE('',#19338);
#19338 = AXIS2_PLACEMENT_3D('',#19339,#19340,#19341);
#19339 = CARTESIAN_POINT('',(162.56,-323.85,299.72));
#19340 = DIRECTION('',(1.,0.,-0.));
#19341 = DIRECTION('',(0.,0.,1.));
#19342 = DEFINITIONAL_REPRESENTATION('',(#19343),#19347);
#19343 = LINE('',#19344,#19345);
#19344 = CARTESIAN_POINT('',(0.,0.));
#19345 = VECTOR('',#19346,1.);
#19346 = DIRECTION('',(1.,0.));
#19347 = ( GEOMETRIC_REPRESENTATION_CONTEXT(2) 
PARAMETRIC_REPRESENTATION_CONTEXT() REPRESENTATION_CONTEXT('2D SPACE',''
  ) );
#19348 = PCURVE('',#19349,#19354);
#19349 = PLANE('',#19350);
#19350 = AXIS2_PLACEMENT_3D('',#19351,#19352,#19353);
#19351 = CARTESIAN_POINT('',(162.56,-323.85,299.72));
#19352 = DIRECTION('',(-0.,1.,0.));
#19353 = DIRECTION('',(0.,0.,1.));
#19354 = DEFINITIONAL_REPRESENTATION('',(#19355),#19359);
#19355 = LINE('',#19356,#19357);
#19356 = CARTESIAN_POINT('',(0.,0.));
#19357 = VECTOR('',#19358,1.);
#19358 = DIRECTION('',(1.,0.));
#19359 = ( GEOMETRIC_REPRESENTATION_CONTEXT(2) 
PARAMETRIC_REPRESENTATION_CONTEXT() REPRESENTATION_CONTEXT('2D SPACE',''
  ) );
#19360 = ORIENTED_EDGE('',*,*,#19361,.T.);
#19361 = EDGE_CURVE('',#19327,#19362,#19364,.T.);
#19362 = VERTEX_POINT('',#19363);
#19363 = CARTESIAN_POINT('',(162.56,-298.45,299.72));
#19364 = SURFACE_CURVE('',#19365,(#19369,#19376),.PCURVE_S1.);
#19365 = LINE('',#19366,#19367);
#19366 = CARTESIAN_POINT('',(162.56,-323.85,299.72));
#19367 = VECTOR('',#19368,1.);
#19368 = DIRECTION('',(-0.,1.,0.));
#19369 = PCURVE('',#19337,#19370);
#19370 = DEFINITIONAL_REPRESENTATION('',(#19371),#19375);
#19371 = LINE('',#19372,#19373);
#19372 = CARTESIAN_POINT('',(0.,0.));
#19373 = VECTOR('',#19374,1.);
#19374 = DIRECTION('',(0.,-1.));
#19375 = ( GEOMETRIC_REPRESENTATION_CONTEXT(2) 
PARAMETRIC_REPRESENTATION_CONTEXT() REPRESENTATION_CONTEXT('2D SPACE',''
  ) );
#19376 = PCURVE('',#19377,#19382);
#19377 = PLANE('',#19378);
#19378 = AXIS2_PLACEMENT_3D('',#19379,#19380,#19381);
#19379 = CARTESIAN_POINT('',(162.56,-323.85,299.72));
#19380 = DIRECTION('',(0.,0.,1.));
#19381 = DIRECTION('',(1.,0.,-0.));
#19382 = DEFINITIONAL_REPRESENTATION('',(#19383),#19387);
#19383 = LINE('',#19384,#19385);
#19384 = CARTESIAN_POINT('',(0.,0.));
#19385 = VECTOR('',#19386,1.);
#19386 = DIRECTION('',(0.,1.));
#19387 = ( GEOMETRIC_REPRESENTATION_CONTEXT(2) 
PARAMETRIC_REPRESENTATION_CONTEXT() REPRESENTATION_CONTEXT('2D SPACE',''
  ) );
#19388 = ORIENTED_EDGE('',*,*,#19389,.T.);
#19389 = EDGE_CURVE('',#19362,#19390,#19392,.T.);
#19390 = VERTEX_POINT('',#19391);
#19391 = CARTESIAN_POINT('',(162.56,-298.45,363.22));
#19392 = SURFACE_CURVE('',#19393,(#19397,#19404),.PCURVE_S1.);
#19393 = LINE('',#19394,#19395);
#19394 = CARTESIAN_POINT('',(162.56,-298.45,299.72));
#19395 = VECTOR('',#19396,1.);
#19396 = DIRECTION('',(0.,0.,1.));
#19397 = PCURVE('',#19337,#19398);
#19398 = DEFINITIONAL_REPRESENTATION('',(#19399),#19403);
#19399 = LINE('',#19400,#19401);
#19400 = CARTESIAN_POINT('',(0.,-25.4));
#19401 = VECTOR('',#19402,1.);
#19402 = DIRECTION('',(1.,0.));
#19403 = ( GEOMETRIC_REPRESENTATION_CONTEXT(2) 
PARAMETRIC_REPRESENTATION_CONTEXT() REPRESENTATION_CONTEXT('2D SPACE',''
  ) );
#19404 = PCURVE('',#19405,#19410);
#19405 = PLANE('',#19406);
#19406 = AXIS2_PLACEMENT_3D('',#19407,#19408,#19409);
#19407 = CARTESIAN_POINT('',(162.56,-298.45,299.72));
#19408 = DIRECTION('',(-0.,1.,0.));
#19409 = DIRECTION('',(0.,0.,1.));
#19410 = DEFINITIONAL_REPRESENTATION('',(#19411),#19415);
#19411 = LINE('',#19412,#19413);
#19412 = CARTESIAN_POINT('',(0.,0.));
#19413 = VECTOR('',#19414,1.);
#19414 = DIRECTION('',(1.,0.));
#19415 = ( GEOMETRIC_REPRESENTATION_CONTEXT(2) 
PARAMETRIC_REPRESENTATION_CONTEXT() REPRESENTATION_CONTEXT('2D SPACE',''
  ) );
#19416 = ORIENTED_EDGE('',*,*,#19417,.F.);
#19417 = EDGE_CURVE('',#19329,#19390,#19418,.T.);
#19418 = SURFACE_CURVE('',#19419,(#19423,#19430),.PCURVE_S1.);
#19419 = LINE('',#19420,#19421);
#19420 = CARTESIAN_POINT('',(162.56,-323.85,363.22));
#19421 = VECTOR('',#19422,1.);
#19422 = DIRECTION('',(-0.,1.,0.));
#19423 = PCURVE('',#19337,#19424);
#19424 = DEFINITIONAL_REPRESENTATION('',(#19425),#19429);
#19425 = LINE('',#19426,#19427);
#19426 = CARTESIAN_POINT('',(63.5,0.));
#19427 = VECTOR('',#19428,1.);
#19428 = DIRECTION('',(0.,-1.));
#19429 = ( GEOMETRIC_REPRESENTATION_CONTEXT(2) 
PARAMETRIC_REPRESENTATION_CONTEXT() REPRESENTATION_CONTEXT('2D SPACE',''
  ) );
#19430 = PCURVE('',#19431,#19436);
#19431 = PLANE('',#19432);
#19432 = AXIS2_PLACEMENT_3D('',#19433,#19434,#19435);
#19433 = CARTESIAN_POINT('',(162.56,-323.85,363.22));
#19434 = DIRECTION('',(0.,0.,1.));
#19435 = DIRECTION('',(1.,0.,-0.));
#19436 = DEFINITIONAL_REPRESENTATION('',(#19437),#19441);
#19437 = LINE('',#19438,#19439);
#19438 = CARTESIAN_POINT('',(0.,0.));
#19439 = VECTOR('',#19440,1.);
#19440 = DIRECTION('',(0.,1.));
#19441 = ( GEOMETRIC_REPRESENTATION_CONTEXT(2) 
PARAMETRIC_REPRESENTATION_CONTEXT() REPRESENTATION_CONTEXT('2D SPACE',''
  ) );
#19442 = ADVANCED_FACE('',(#19443),#19457,.T.);
#19443 = FACE_BOUND('',#19444,.T.);
#19444 = EDGE_LOOP('',(#19445,#19475,#19498,#19521));
#19445 = ORIENTED_EDGE('',*,*,#19446,.F.);
#19446 = EDGE_CURVE('',#19447,#19449,#19451,.T.);
#19447 = VERTEX_POINT('',#19448);
#19448 = CARTESIAN_POINT('',(251.46,-323.85,299.72));
#19449 = VERTEX_POINT('',#19450);
#19450 = CARTESIAN_POINT('',(251.46,-323.85,363.22));
#19451 = SURFACE_CURVE('',#19452,(#19456,#19468),.PCURVE_S1.);
#19452 = LINE('',#19453,#19454);
#19453 = CARTESIAN_POINT('',(251.46,-323.85,299.72));
#19454 = VECTOR('',#19455,1.);
#19455 = DIRECTION('',(0.,0.,1.));
#19456 = PCURVE('',#19457,#19462);
#19457 = PLANE('',#19458);
#19458 = AXIS2_PLACEMENT_3D('',#19459,#19460,#19461);
#19459 = CARTESIAN_POINT('',(251.46,-323.85,299.72));
#19460 = DIRECTION('',(1.,0.,-0.));
#19461 = DIRECTION('',(0.,0.,1.));
#19462 = DEFINITIONAL_REPRESENTATION('',(#19463),#19467);
#19463 = LINE('',#19464,#19465);
#19464 = CARTESIAN_POINT('',(0.,0.));
#19465 = VECTOR('',#19466,1.);
#19466 = DIRECTION('',(1.,0.));
#19467 = ( GEOMETRIC_REPRESENTATION_CONTEXT(2) 
PARAMETRIC_REPRESENTATION_CONTEXT() REPRESENTATION_CONTEXT('2D SPACE',''
  ) );
#19468 = PCURVE('',#19349,#19469);
#19469 = DEFINITIONAL_REPRESENTATION('',(#19470),#19474);
#19470 = LINE('',#19471,#19472);
#19471 = CARTESIAN_POINT('',(0.,88.9));
#19472 = VECTOR('',#19473,1.);
#19473 = DIRECTION('',(1.,0.));
#19474 = ( GEOMETRIC_REPRESENTATION_CONTEXT(2) 
PARAMETRIC_REPRESENTATION_CONTEXT() REPRESENTATION_CONTEXT('2D SPACE',''
  ) );
#19475 = ORIENTED_EDGE('',*,*,#19476,.T.);
#19476 = EDGE_CURVE('',#19447,#19477,#19479,.T.);
#19477 = VERTEX_POINT('',#19478);
#19478 = CARTESIAN_POINT('',(251.46,-298.45,299.72));
#19479 = SURFACE_CURVE('',#19480,(#19484,#19491),.PCURVE_S1.);
#19480 = LINE('',#19481,#19482);
#19481 = CARTESIAN_POINT('',(251.46,-323.85,299.72));
#19482 = VECTOR('',#19483,1.);
#19483 = DIRECTION('',(-0.,1.,0.));
#19484 = PCURVE('',#19457,#19485);
#19485 = DEFINITIONAL_REPRESENTATION('',(#19486),#19490);
#19486 = LINE('',#19487,#19488);
#19487 = CARTESIAN_POINT('',(0.,0.));
#19488 = VECTOR('',#19489,1.);
#19489 = DIRECTION('',(0.,-1.));
#19490 = ( GEOMETRIC_REPRESENTATION_CONTEXT(2) 
PARAMETRIC_REPRESENTATION_CONTEXT() REPRESENTATION_CONTEXT('2D SPACE',''
  ) );
#19491 = PCURVE('',#19377,#19492);
#19492 = DEFINITIONAL_REPRESENTATION('',(#19493),#19497);
#19493 = LINE('',#19494,#19495);
#19494 = CARTESIAN_POINT('',(88.9,0.));
#19495 = VECTOR('',#19496,1.);
#19496 = DIRECTION('',(0.,1.));
#19497 = ( GEOMETRIC_REPRESENTATION_CONTEXT(2) 
PARAMETRIC_REPRESENTATION_CONTEXT() REPRESENTATION_CONTEXT('2D SPACE',''
  ) );
#19498 = ORIENTED_EDGE('',*,*,#19499,.T.);
#19499 = EDGE_CURVE('',#19477,#19500,#19502,.T.);
#19500 = VERTEX_POINT('',#19501);
#19501 = CARTESIAN_POINT('',(251.46,-298.45,363.22));
#19502 = SURFACE_CURVE('',#19503,(#19507,#19514),.PCURVE_S1.);
#19503 = LINE('',#19504,#19505);
#19504 = CARTESIAN_POINT('',(251.46,-298.45,299.72));
#19505 = VECTOR('',#19506,1.);
#19506 = DIRECTION('',(0.,0.,1.));
#19507 = PCURVE('',#19457,#19508);
#19508 = DEFINITIONAL_REPRESENTATION('',(#19509),#19513);
#19509 = LINE('',#19510,#19511);
#19510 = CARTESIAN_POINT('',(0.,-25.4));
#19511 = VECTOR('',#19512,1.);
#19512 = DIRECTION('',(1.,0.));
#19513 = ( GEOMETRIC_REPRESENTATION_CONTEXT(2) 
PARAMETRIC_REPRESENTATION_CONTEXT() REPRESENTATION_CONTEXT('2D SPACE',''
  ) );
#19514 = PCURVE('',#19405,#19515);
#19515 = DEFINITIONAL_REPRESENTATION('',(#19516),#19520);
#19516 = LINE('',#19517,#19518);
#19517 = CARTESIAN_POINT('',(0.,88.9));
#19518 = VECTOR('',#19519,1.);
#19519 = DIRECTION('',(1.,0.));
#19520 = ( GEOMETRIC_REPRESENTATION_CONTEXT(2) 
PARAMETRIC_REPRESENTATION_CONTEXT() REPRESENTATION_CONTEXT('2D SPACE',''
  ) );
#19521 = ORIENTED_EDGE('',*,*,#19522,.F.);
#19522 = EDGE_CURVE('',#19449,#19500,#19523,.T.);
#19523 = SURFACE_CURVE('',#19524,(#19528,#19535),.PCURVE_S1.);
#19524 = LINE('',#19525,#19526);
#19525 = CARTESIAN_POINT('',(251.46,-323.85,363.22));
#19526 = VECTOR('',#19527,1.);
#19527 = DIRECTION('',(-0.,1.,0.));
#19528 = PCURVE('',#19457,#19529);
#19529 = DEFINITIONAL_REPRESENTATION('',(#19530),#19534);
#19530 = LINE('',#19531,#19532);
#19531 = CARTESIAN_POINT('',(63.5,0.));
#19532 = VECTOR('',#19533,1.);
#19533 = DIRECTION('',(0.,-1.));
#19534 = ( GEOMETRIC_REPRESENTATION_CONTEXT(2) 
PARAMETRIC_REPRESENTATION_CONTEXT() REPRESENTATION_CONTEXT('2D SPACE',''
  ) );
#19535 = PCURVE('',#19431,#19536);
#19536 = DEFINITIONAL_REPRESENTATION('',(#19537),#19541);
#19537 = LINE('',#19538,#19539);
#19538 = CARTESIAN_POINT('',(88.9,0.));
#19539 = VECTOR('',#19540,1.);
#19540 = DIRECTION('',(0.,1.));
#19541 = ( GEOMETRIC_REPRESENTATION_CONTEXT(2) 
PARAMETRIC_REPRESENTATION_CONTEXT() REPRESENTATION_CONTEXT('2D SPACE',''
  ) );
#19542 = ADVANCED_FACE('',(#19543),#19349,.F.);
#19543 = FACE_BOUND('',#19544,.F.);
#19544 = EDGE_LOOP('',(#19545,#19566,#19567,#19588));
#19545 = ORIENTED_EDGE('',*,*,#19546,.F.);
#19546 = EDGE_CURVE('',#19327,#19447,#19547,.T.);
#19547 = SURFACE_CURVE('',#19548,(#19552,#19559),.PCURVE_S1.);
#19548 = LINE('',#19549,#19550);
#19549 = CARTESIAN_POINT('',(162.56,-323.85,299.72));
#19550 = VECTOR('',#19551,1.);
#19551 = DIRECTION('',(1.,0.,-0.));
#19552 = PCURVE('',#19349,#19553);
#19553 = DEFINITIONAL_REPRESENTATION('',(#19554),#19558);
#19554 = LINE('',#19555,#19556);
#19555 = CARTESIAN_POINT('',(0.,0.));
#19556 = VECTOR('',#19557,1.);
#19557 = DIRECTION('',(0.,1.));
#19558 = ( GEOMETRIC_REPRESENTATION_CONTEXT(2) 
PARAMETRIC_REPRESENTATION_CONTEXT() REPRESENTATION_CONTEXT('2D SPACE',''
  ) );
#19559 = PCURVE('',#19377,#19560);
#19560 = DEFINITIONAL_REPRESENTATION('',(#19561),#19565);
#19561 = LINE('',#19562,#19563);
#19562 = CARTESIAN_POINT('',(0.,0.));
#19563 = VECTOR('',#19564,1.);
#19564 = DIRECTION('',(1.,0.));
#19565 = ( GEOMETRIC_REPRESENTATION_CONTEXT(2) 
PARAMETRIC_REPRESENTATION_CONTEXT() REPRESENTATION_CONTEXT('2D SPACE',''
  ) );
#19566 = ORIENTED_EDGE('',*,*,#19326,.T.);
#19567 = ORIENTED_EDGE('',*,*,#19568,.T.);
#19568 = EDGE_CURVE('',#19329,#19449,#19569,.T.);
#19569 = SURFACE_CURVE('',#19570,(#19574,#19581),.PCURVE_S1.);
#19570 = LINE('',#19571,#19572);
#19571 = CARTESIAN_POINT('',(162.56,-323.85,363.22));
#19572 = VECTOR('',#19573,1.);
#19573 = DIRECTION('',(1.,0.,-0.));
#19574 = PCURVE('',#19349,#19575);
#19575 = DEFINITIONAL_REPRESENTATION('',(#19576),#19580);
#19576 = LINE('',#19577,#19578);
#19577 = CARTESIAN_POINT('',(63.5,0.));
#19578 = VECTOR('',#19579,1.);
#19579 = DIRECTION('',(0.,1.));
#19580 = ( GEOMETRIC_REPRESENTATION_CONTEXT(2) 
PARAMETRIC_REPRESENTATION_CONTEXT() REPRESENTATION_CONTEXT('2D SPACE',''
  ) );
#19581 = PCURVE('',#19431,#19582);
#19582 = DEFINITIONAL_REPRESENTATION('',(#19583),#19587);
#19583 = LINE('',#19584,#19585);
#19584 = CARTESIAN_POINT('',(0.,0.));
#19585 = VECTOR('',#19586,1.);
#19586 = DIRECTION('',(1.,0.));
#19587 = ( GEOMETRIC_REPRESENTATION_CONTEXT(2) 
PARAMETRIC_REPRESENTATION_CONTEXT() REPRESENTATION_CONTEXT('2D SPACE',''
  ) );
#19588 = ORIENTED_EDGE('',*,*,#19446,.F.);
#19589 = ADVANCED_FACE('',(#19590),#19405,.T.);
#19590 = FACE_BOUND('',#19591,.T.);
#19591 = EDGE_LOOP('',(#19592,#19613,#19614,#19635));
#19592 = ORIENTED_EDGE('',*,*,#19593,.F.);
#19593 = EDGE_CURVE('',#19362,#19477,#19594,.T.);
#19594 = SURFACE_CURVE('',#19595,(#19599,#19606),.PCURVE_S1.);
#19595 = LINE('',#19596,#19597);
#19596 = CARTESIAN_POINT('',(162.56,-298.45,299.72));
#19597 = VECTOR('',#19598,1.);
#19598 = DIRECTION('',(1.,0.,-0.));
#19599 = PCURVE('',#19405,#19600);
#19600 = DEFINITIONAL_REPRESENTATION('',(#19601),#19605);
#19601 = LINE('',#19602,#19603);
#19602 = CARTESIAN_POINT('',(0.,0.));
#19603 = VECTOR('',#19604,1.);
#19604 = DIRECTION('',(0.,1.));
#19605 = ( GEOMETRIC_REPRESENTATION_CONTEXT(2) 
PARAMETRIC_REPRESENTATION_CONTEXT() REPRESENTATION_CONTEXT('2D SPACE',''
  ) );
#19606 = PCURVE('',#19377,#19607);
#19607 = DEFINITIONAL_REPRESENTATION('',(#19608),#19612);
#19608 = LINE('',#19609,#19610);
#19609 = CARTESIAN_POINT('',(0.,25.4));
#19610 = VECTOR('',#19611,1.);
#19611 = DIRECTION('',(1.,0.));
#19612 = ( GEOMETRIC_REPRESENTATION_CONTEXT(2) 
PARAMETRIC_REPRESENTATION_CONTEXT() REPRESENTATION_CONTEXT('2D SPACE',''
  ) );
#19613 = ORIENTED_EDGE('',*,*,#19389,.T.);
#19614 = ORIENTED_EDGE('',*,*,#19615,.T.);
#19615 = EDGE_CURVE('',#19390,#19500,#19616,.T.);
#19616 = SURFACE_CURVE('',#19617,(#19621,#19628),.PCURVE_S1.);
#19617 = LINE('',#19618,#19619);
#19618 = CARTESIAN_POINT('',(162.56,-298.45,363.22));
#19619 = VECTOR('',#19620,1.);
#19620 = DIRECTION('',(1.,0.,-0.));
#19621 = PCURVE('',#19405,#19622);
#19622 = DEFINITIONAL_REPRESENTATION('',(#19623),#19627);
#19623 = LINE('',#19624,#19625);
#19624 = CARTESIAN_POINT('',(63.5,0.));
#19625 = VECTOR('',#19626,1.);
#19626 = DIRECTION('',(0.,1.));
#19627 = ( GEOMETRIC_REPRESENTATION_CONTEXT(2) 
PARAMETRIC_REPRESENTATION_CONTEXT() REPRESENTATION_CONTEXT('2D SPACE',''
  ) );
#19628 = PCURVE('',#19431,#19629);
#19629 = DEFINITIONAL_REPRESENTATION('',(#19630),#19634);
#19630 = LINE('',#19631,#19632);
#19631 = CARTESIAN_POINT('',(0.,25.4));
#19632 = VECTOR('',#19633,1.);
#19633 = DIRECTION('',(1.,0.));
#19634 = ( GEOMETRIC_REPRESENTATION_CONTEXT(2) 
PARAMETRIC_REPRESENTATION_CONTEXT() REPRESENTATION_CONTEXT('2D SPACE',''
  ) );
#19635 = ORIENTED_EDGE('',*,*,#19499,.F.);
#19636 = ADVANCED_FACE('',(#19637),#19377,.F.);
#19637 = FACE_BOUND('',#19638,.F.);
#19638 = EDGE_LOOP('',(#19639,#19640,#19641,#19642));
#19639 = ORIENTED_EDGE('',*,*,#19361,.F.);
#19640 = ORIENTED_EDGE('',*,*,#19546,.T.);
#19641 = ORIENTED_EDGE('',*,*,#19476,.T.);
#19642 = ORIENTED_EDGE('',*,*,#19593,.F.);
#19643 = ADVANCED_FACE('',(#19644),#19431,.T.);
#19644 = FACE_BOUND('',#19645,.T.);
#19645 = EDGE_LOOP('',(#19646,#19647,#19648,#19649));
#19646 = ORIENTED_EDGE('',*,*,#19417,.F.);
#19647 = ORIENTED_EDGE('',*,*,#19568,.T.);
#19648 = ORIENTED_EDGE('',*,*,#19522,.T.);
#19649 = ORIENTED_EDGE('',*,*,#19615,.F.);
#19650 = ( GEOMETRIC_REPRESENTATION_CONTEXT(3) 
GLOBAL_UNCERTAINTY_ASSIGNED_CONTEXT((#19654)) 
GLOBAL_UNIT_ASSIGNED_CONTEXT((#19651,#19652,#19653)) 
REPRESENTATION_CONTEXT('Context #1',
  '3D Context with UNIT and UNCERTAINTY') );
#19651 = ( LENGTH_UNIT() NAMED_UNIT(*) SI_UNIT(.MILLI.,.METRE.) );
#19652 = ( NAMED_UNIT(*) PLANE_ANGLE_UNIT() SI_UNIT($,.RADIAN.) );
#19653 = ( NAMED_UNIT(*) SI_UNIT($,.STERADIAN.) SOLID_ANGLE_UNIT() );
#19654 = UNCERTAINTY_MEASURE_WITH_UNIT(LENGTH_MEASURE(1.E-07),#19651,
  'distance_accuracy_value','confusion accuracy');
#19655 = CONTEXT_DEPENDENT_SHAPE_REPRESENTATION(#19656,#19658);
#19656 = ( REPRESENTATION_RELATIONSHIP('','',#19319,#10) 
REPRESENTATION_RELATIONSHIP_WITH_TRANSFORMATION(#19657) 
SHAPE_REPRESENTATION_RELATIONSHIP() );
#19657 = ITEM_DEFINED_TRANSFORMATION('','',#11,#43);
#19658 = PRODUCT_DEFINITION_SHAPE('Placement','Placement of an item',
  #19659);
#19659 = NEXT_ASSEMBLY_USAGE_OCCURRENCE('35',
  'ENVELOPE VH-109 radio (PLACEHOLDER size)','',#5,#19314,$);
#19660 = PRODUCT_RELATED_PRODUCT_CATEGORY('part',$,(#19316));
#19661 = SHAPE_DEFINITION_REPRESENTATION(#19662,#19668);
#19662 = PRODUCT_DEFINITION_SHAPE('','',#19663);
#19663 = PRODUCT_DEFINITION('design','',#19664,#19667);
#19664 = PRODUCT_DEFINITION_FORMATION('','',#19665);
#19665 = PRODUCT('ENVELOPE 120A main breaker (PLACEHOLDER size)',
  'ENVELOPE 120A main breaker (PLACEHOLDER size)','',(#19666));
#19666 = PRODUCT_CONTEXT('',#2,'mechanical');
#19667 = PRODUCT_DEFINITION_CONTEXT('part definition',#2,'design');
#19668 = ADVANCED_BREP_SHAPE_REPRESENTATION('',(#11,#19669),#19999);
#19669 = MANIFOLD_SOLID_BREP('',#19670);
#19670 = CLOSED_SHELL('',(#19671,#19791,#19891,#19938,#19985,#19992));
#19671 = ADVANCED_FACE('',(#19672),#19686,.F.);
#19672 = FACE_BOUND('',#19673,.F.);
#19673 = EDGE_LOOP('',(#19674,#19709,#19737,#19765));
#19674 = ORIENTED_EDGE('',*,*,#19675,.F.);
#19675 = EDGE_CURVE('',#19676,#19678,#19680,.T.);
#19676 = VERTEX_POINT('',#19677);
#19677 = CARTESIAN_POINT('',(228.6,-323.85,220.98));
#19678 = VERTEX_POINT('',#19679);
#19679 = CARTESIAN_POINT('',(228.6,-323.85,266.7));
#19680 = SURFACE_CURVE('',#19681,(#19685,#19697),.PCURVE_S1.);
#19681 = LINE('',#19682,#19683);
#19682 = CARTESIAN_POINT('',(228.6,-323.85,220.98));
#19683 = VECTOR('',#19684,1.);
#19684 = DIRECTION('',(0.,0.,1.));
#19685 = PCURVE('',#19686,#19691);
#19686 = PLANE('',#19687);
#19687 = AXIS2_PLACEMENT_3D('',#19688,#19689,#19690);
#19688 = CARTESIAN_POINT('',(228.6,-323.85,220.98));
#19689 = DIRECTION('',(1.,0.,-0.));
#19690 = DIRECTION('',(0.,0.,1.));
#19691 = DEFINITIONAL_REPRESENTATION('',(#19692),#19696);
#19692 = LINE('',#19693,#19694);
#19693 = CARTESIAN_POINT('',(0.,0.));
#19694 = VECTOR('',#19695,1.);
#19695 = DIRECTION('',(1.,0.));
#19696 = ( GEOMETRIC_REPRESENTATION_CONTEXT(2) 
PARAMETRIC_REPRESENTATION_CONTEXT() REPRESENTATION_CONTEXT('2D SPACE',''
  ) );
#19697 = PCURVE('',#19698,#19703);
#19698 = PLANE('',#19699);
#19699 = AXIS2_PLACEMENT_3D('',#19700,#19701,#19702);
#19700 = CARTESIAN_POINT('',(228.6,-323.85,220.98));
#19701 = DIRECTION('',(-0.,1.,0.));
#19702 = DIRECTION('',(0.,0.,1.));
#19703 = DEFINITIONAL_REPRESENTATION('',(#19704),#19708);
#19704 = LINE('',#19705,#19706);
#19705 = CARTESIAN_POINT('',(0.,0.));
#19706 = VECTOR('',#19707,1.);
#19707 = DIRECTION('',(1.,0.));
#19708 = ( GEOMETRIC_REPRESENTATION_CONTEXT(2) 
PARAMETRIC_REPRESENTATION_CONTEXT() REPRESENTATION_CONTEXT('2D SPACE',''
  ) );
#19709 = ORIENTED_EDGE('',*,*,#19710,.T.);
#19710 = EDGE_CURVE('',#19676,#19711,#19713,.T.);
#19711 = VERTEX_POINT('',#19712);
#19712 = CARTESIAN_POINT('',(228.6,-293.37,220.98));
#19713 = SURFACE_CURVE('',#19714,(#19718,#19725),.PCURVE_S1.);
#19714 = LINE('',#19715,#19716);
#19715 = CARTESIAN_POINT('',(228.6,-323.85,220.98));
#19716 = VECTOR('',#19717,1.);
#19717 = DIRECTION('',(-0.,1.,0.));
#19718 = PCURVE('',#19686,#19719);
#19719 = DEFINITIONAL_REPRESENTATION('',(#19720),#19724);
#19720 = LINE('',#19721,#19722);
#19721 = CARTESIAN_POINT('',(0.,0.));
#19722 = VECTOR('',#19723,1.);
#19723 = DIRECTION('',(0.,-1.));
#19724 = ( GEOMETRIC_REPRESENTATION_CONTEXT(2) 
PARAMETRIC_REPRESENTATION_CONTEXT() REPRESENTATION_CONTEXT('2D SPACE',''
  ) );
#19725 = PCURVE('',#19726,#19731);
#19726 = PLANE('',#19727);
#19727 = AXIS2_PLACEMENT_3D('',#19728,#19729,#19730);
#19728 = CARTESIAN_POINT('',(228.6,-323.85,220.98));
#19729 = DIRECTION('',(0.,0.,1.));
#19730 = DIRECTION('',(1.,0.,-0.));
#19731 = DEFINITIONAL_REPRESENTATION('',(#19732),#19736);
#19732 = LINE('',#19733,#19734);
#19733 = CARTESIAN_POINT('',(0.,0.));
#19734 = VECTOR('',#19735,1.);
#19735 = DIRECTION('',(0.,1.));
#19736 = ( GEOMETRIC_REPRESENTATION_CONTEXT(2) 
PARAMETRIC_REPRESENTATION_CONTEXT() REPRESENTATION_CONTEXT('2D SPACE',''
  ) );
#19737 = ORIENTED_EDGE('',*,*,#19738,.T.);
#19738 = EDGE_CURVE('',#19711,#19739,#19741,.T.);
#19739 = VERTEX_POINT('',#19740);
#19740 = CARTESIAN_POINT('',(228.6,-293.37,266.7));
#19741 = SURFACE_CURVE('',#19742,(#19746,#19753),.PCURVE_S1.);
#19742 = LINE('',#19743,#19744);
#19743 = CARTESIAN_POINT('',(228.6,-293.37,220.98));
#19744 = VECTOR('',#19745,1.);
#19745 = DIRECTION('',(0.,0.,1.));
#19746 = PCURVE('',#19686,#19747);
#19747 = DEFINITIONAL_REPRESENTATION('',(#19748),#19752);
#19748 = LINE('',#19749,#19750);
#19749 = CARTESIAN_POINT('',(0.,-30.48));
#19750 = VECTOR('',#19751,1.);
#19751 = DIRECTION('',(1.,0.));
#19752 = ( GEOMETRIC_REPRESENTATION_CONTEXT(2) 
PARAMETRIC_REPRESENTATION_CONTEXT() REPRESENTATION_CONTEXT('2D SPACE',''
  ) );
#19753 = PCURVE('',#19754,#19759);
#19754 = PLANE('',#19755);
#19755 = AXIS2_PLACEMENT_3D('',#19756,#19757,#19758);
#19756 = CARTESIAN_POINT('',(228.6,-293.37,220.98));
#19757 = DIRECTION('',(-0.,1.,0.));
#19758 = DIRECTION('',(0.,0.,1.));
#19759 = DEFINITIONAL_REPRESENTATION('',(#19760),#19764);
#19760 = LINE('',#19761,#19762);
#19761 = CARTESIAN_POINT('',(0.,0.));
#19762 = VECTOR('',#19763,1.);
#19763 = DIRECTION('',(1.,0.));
#19764 = ( GEOMETRIC_REPRESENTATION_CONTEXT(2) 
PARAMETRIC_REPRESENTATION_CONTEXT() REPRESENTATION_CONTEXT('2D SPACE',''
  ) );
#19765 = ORIENTED_EDGE('',*,*,#19766,.F.);
#19766 = EDGE_CURVE('',#19678,#19739,#19767,.T.);
#19767 = SURFACE_CURVE('',#19768,(#19772,#19779),.PCURVE_S1.);
#19768 = LINE('',#19769,#19770);
#19769 = CARTESIAN_POINT('',(228.6,-323.85,266.7));
#19770 = VECTOR('',#19771,1.);
#19771 = DIRECTION('',(-0.,1.,0.));
#19772 = PCURVE('',#19686,#19773);
#19773 = DEFINITIONAL_REPRESENTATION('',(#19774),#19778);
#19774 = LINE('',#19775,#19776);
#19775 = CARTESIAN_POINT('',(45.72,0.));
#19776 = VECTOR('',#19777,1.);
#19777 = DIRECTION('',(0.,-1.));
#19778 = ( GEOMETRIC_REPRESENTATION_CONTEXT(2) 
PARAMETRIC_REPRESENTATION_CONTEXT() REPRESENTATION_CONTEXT('2D SPACE',''
  ) );
#19779 = PCURVE('',#19780,#19785);
#19780 = PLANE('',#19781);
#19781 = AXIS2_PLACEMENT_3D('',#19782,#19783,#19784);
#19782 = CARTESIAN_POINT('',(228.6,-323.85,266.7));
#19783 = DIRECTION('',(0.,0.,1.));
#19784 = DIRECTION('',(1.,0.,-0.));
#19785 = DEFINITIONAL_REPRESENTATION('',(#19786),#19790);
#19786 = LINE('',#19787,#19788);
#19787 = CARTESIAN_POINT('',(0.,0.));
#19788 = VECTOR('',#19789,1.);
#19789 = DIRECTION('',(0.,1.));
#19790 = ( GEOMETRIC_REPRESENTATION_CONTEXT(2) 
PARAMETRIC_REPRESENTATION_CONTEXT() REPRESENTATION_CONTEXT('2D SPACE',''
  ) );
#19791 = ADVANCED_FACE('',(#19792),#19806,.T.);
#19792 = FACE_BOUND('',#19793,.T.);
#19793 = EDGE_LOOP('',(#19794,#19824,#19847,#19870));
#19794 = ORIENTED_EDGE('',*,*,#19795,.F.);
#19795 = EDGE_CURVE('',#19796,#19798,#19800,.T.);
#19796 = VERTEX_POINT('',#19797);
#19797 = CARTESIAN_POINT('',(299.72,-323.85,220.98));
#19798 = VERTEX_POINT('',#19799);
#19799 = CARTESIAN_POINT('',(299.72,-323.85,266.7));
#19800 = SURFACE_CURVE('',#19801,(#19805,#19817),.PCURVE_S1.);
#19801 = LINE('',#19802,#19803);
#19802 = CARTESIAN_POINT('',(299.72,-323.85,220.98));
#19803 = VECTOR('',#19804,1.);
#19804 = DIRECTION('',(0.,0.,1.));
#19805 = PCURVE('',#19806,#19811);
#19806 = PLANE('',#19807);
#19807 = AXIS2_PLACEMENT_3D('',#19808,#19809,#19810);
#19808 = CARTESIAN_POINT('',(299.72,-323.85,220.98));
#19809 = DIRECTION('',(1.,0.,-0.));
#19810 = DIRECTION('',(0.,0.,1.));
#19811 = DEFINITIONAL_REPRESENTATION('',(#19812),#19816);
#19812 = LINE('',#19813,#19814);
#19813 = CARTESIAN_POINT('',(0.,0.));
#19814 = VECTOR('',#19815,1.);
#19815 = DIRECTION('',(1.,0.));
#19816 = ( GEOMETRIC_REPRESENTATION_CONTEXT(2) 
PARAMETRIC_REPRESENTATION_CONTEXT() REPRESENTATION_CONTEXT('2D SPACE',''
  ) );
#19817 = PCURVE('',#19698,#19818);
#19818 = DEFINITIONAL_REPRESENTATION('',(#19819),#19823);
#19819 = LINE('',#19820,#19821);
#19820 = CARTESIAN_POINT('',(0.,71.12));
#19821 = VECTOR('',#19822,1.);
#19822 = DIRECTION('',(1.,0.));
#19823 = ( GEOMETRIC_REPRESENTATION_CONTEXT(2) 
PARAMETRIC_REPRESENTATION_CONTEXT() REPRESENTATION_CONTEXT('2D SPACE',''
  ) );
#19824 = ORIENTED_EDGE('',*,*,#19825,.T.);
#19825 = EDGE_CURVE('',#19796,#19826,#19828,.T.);
#19826 = VERTEX_POINT('',#19827);
#19827 = CARTESIAN_POINT('',(299.72,-293.37,220.98));
#19828 = SURFACE_CURVE('',#19829,(#19833,#19840),.PCURVE_S1.);
#19829 = LINE('',#19830,#19831);
#19830 = CARTESIAN_POINT('',(299.72,-323.85,220.98));
#19831 = VECTOR('',#19832,1.);
#19832 = DIRECTION('',(-0.,1.,0.));
#19833 = PCURVE('',#19806,#19834);
#19834 = DEFINITIONAL_REPRESENTATION('',(#19835),#19839);
#19835 = LINE('',#19836,#19837);
#19836 = CARTESIAN_POINT('',(0.,0.));
#19837 = VECTOR('',#19838,1.);
#19838 = DIRECTION('',(0.,-1.));
#19839 = ( GEOMETRIC_REPRESENTATION_CONTEXT(2) 
PARAMETRIC_REPRESENTATION_CONTEXT() REPRESENTATION_CONTEXT('2D SPACE',''
  ) );
#19840 = PCURVE('',#19726,#19841);
#19841 = DEFINITIONAL_REPRESENTATION('',(#19842),#19846);
#19842 = LINE('',#19843,#19844);
#19843 = CARTESIAN_POINT('',(71.12,0.));
#19844 = VECTOR('',#19845,1.);
#19845 = DIRECTION('',(0.,1.));
#19846 = ( GEOMETRIC_REPRESENTATION_CONTEXT(2) 
PARAMETRIC_REPRESENTATION_CONTEXT() REPRESENTATION_CONTEXT('2D SPACE',''
  ) );
#19847 = ORIENTED_EDGE('',*,*,#19848,.T.);
#19848 = EDGE_CURVE('',#19826,#19849,#19851,.T.);
#19849 = VERTEX_POINT('',#19850);
#19850 = CARTESIAN_POINT('',(299.72,-293.37,266.7));
#19851 = SURFACE_CURVE('',#19852,(#19856,#19863),.PCURVE_S1.);
#19852 = LINE('',#19853,#19854);
#19853 = CARTESIAN_POINT('',(299.72,-293.37,220.98));
#19854 = VECTOR('',#19855,1.);
#19855 = DIRECTION('',(0.,0.,1.));
#19856 = PCURVE('',#19806,#19857);
#19857 = DEFINITIONAL_REPRESENTATION('',(#19858),#19862);
#19858 = LINE('',#19859,#19860);
#19859 = CARTESIAN_POINT('',(0.,-30.48));
#19860 = VECTOR('',#19861,1.);
#19861 = DIRECTION('',(1.,0.));
#19862 = ( GEOMETRIC_REPRESENTATION_CONTEXT(2) 
PARAMETRIC_REPRESENTATION_CONTEXT() REPRESENTATION_CONTEXT('2D SPACE',''
  ) );
#19863 = PCURVE('',#19754,#19864);
#19864 = DEFINITIONAL_REPRESENTATION('',(#19865),#19869);
#19865 = LINE('',#19866,#19867);
#19866 = CARTESIAN_POINT('',(0.,71.12));
#19867 = VECTOR('',#19868,1.);
#19868 = DIRECTION('',(1.,0.));
#19869 = ( GEOMETRIC_REPRESENTATION_CONTEXT(2) 
PARAMETRIC_REPRESENTATION_CONTEXT() REPRESENTATION_CONTEXT('2D SPACE',''
  ) );
#19870 = ORIENTED_EDGE('',*,*,#19871,.F.);
#19871 = EDGE_CURVE('',#19798,#19849,#19872,.T.);
#19872 = SURFACE_CURVE('',#19873,(#19877,#19884),.PCURVE_S1.);
#19873 = LINE('',#19874,#19875);
#19874 = CARTESIAN_POINT('',(299.72,-323.85,266.7));
#19875 = VECTOR('',#19876,1.);
#19876 = DIRECTION('',(-0.,1.,0.));
#19877 = PCURVE('',#19806,#19878);
#19878 = DEFINITIONAL_REPRESENTATION('',(#19879),#19883);
#19879 = LINE('',#19880,#19881);
#19880 = CARTESIAN_POINT('',(45.72,0.));
#19881 = VECTOR('',#19882,1.);
#19882 = DIRECTION('',(0.,-1.));
#19883 = ( GEOMETRIC_REPRESENTATION_CONTEXT(2) 
PARAMETRIC_REPRESENTATION_CONTEXT() REPRESENTATION_CONTEXT('2D SPACE',''
  ) );
#19884 = PCURVE('',#19780,#19885);
#19885 = DEFINITIONAL_REPRESENTATION('',(#19886),#19890);
#19886 = LINE('',#19887,#19888);
#19887 = CARTESIAN_POINT('',(71.12,0.));
#19888 = VECTOR('',#19889,1.);
#19889 = DIRECTION('',(0.,1.));
#19890 = ( GEOMETRIC_REPRESENTATION_CONTEXT(2) 
PARAMETRIC_REPRESENTATION_CONTEXT() REPRESENTATION_CONTEXT('2D SPACE',''
  ) );
#19891 = ADVANCED_FACE('',(#19892),#19698,.F.);
#19892 = FACE_BOUND('',#19893,.F.);
#19893 = EDGE_LOOP('',(#19894,#19915,#19916,#19937));
#19894 = ORIENTED_EDGE('',*,*,#19895,.F.);
#19895 = EDGE_CURVE('',#19676,#19796,#19896,.T.);
#19896 = SURFACE_CURVE('',#19897,(#19901,#19908),.PCURVE_S1.);
#19897 = LINE('',#19898,#19899);
#19898 = CARTESIAN_POINT('',(228.6,-323.85,220.98));
#19899 = VECTOR('',#19900,1.);
#19900 = DIRECTION('',(1.,0.,-0.));
#19901 = PCURVE('',#19698,#19902);
#19902 = DEFINITIONAL_REPRESENTATION('',(#19903),#19907);
#19903 = LINE('',#19904,#19905);
#19904 = CARTESIAN_POINT('',(0.,0.));
#19905 = VECTOR('',#19906,1.);
#19906 = DIRECTION('',(0.,1.));
#19907 = ( GEOMETRIC_REPRESENTATION_CONTEXT(2) 
PARAMETRIC_REPRESENTATION_CONTEXT() REPRESENTATION_CONTEXT('2D SPACE',''
  ) );
#19908 = PCURVE('',#19726,#19909);
#19909 = DEFINITIONAL_REPRESENTATION('',(#19910),#19914);
#19910 = LINE('',#19911,#19912);
#19911 = CARTESIAN_POINT('',(0.,0.));
#19912 = VECTOR('',#19913,1.);
#19913 = DIRECTION('',(1.,0.));
#19914 = ( GEOMETRIC_REPRESENTATION_CONTEXT(2) 
PARAMETRIC_REPRESENTATION_CONTEXT() REPRESENTATION_CONTEXT('2D SPACE',''
  ) );
#19915 = ORIENTED_EDGE('',*,*,#19675,.T.);
#19916 = ORIENTED_EDGE('',*,*,#19917,.T.);
#19917 = EDGE_CURVE('',#19678,#19798,#19918,.T.);
#19918 = SURFACE_CURVE('',#19919,(#19923,#19930),.PCURVE_S1.);
#19919 = LINE('',#19920,#19921);
#19920 = CARTESIAN_POINT('',(228.6,-323.85,266.7));
#19921 = VECTOR('',#19922,1.);
#19922 = DIRECTION('',(1.,0.,-0.));
#19923 = PCURVE('',#19698,#19924);
#19924 = DEFINITIONAL_REPRESENTATION('',(#19925),#19929);
#19925 = LINE('',#19926,#19927);
#19926 = CARTESIAN_POINT('',(45.72,0.));
#19927 = VECTOR('',#19928,1.);
#19928 = DIRECTION('',(0.,1.));
#19929 = ( GEOMETRIC_REPRESENTATION_CONTEXT(2) 
PARAMETRIC_REPRESENTATION_CONTEXT() REPRESENTATION_CONTEXT('2D SPACE',''
  ) );
#19930 = PCURVE('',#19780,#19931);
#19931 = DEFINITIONAL_REPRESENTATION('',(#19932),#19936);
#19932 = LINE('',#19933,#19934);
#19933 = CARTESIAN_POINT('',(0.,0.));
#19934 = VECTOR('',#19935,1.);
#19935 = DIRECTION('',(1.,0.));
#19936 = ( GEOMETRIC_REPRESENTATION_CONTEXT(2) 
PARAMETRIC_REPRESENTATION_CONTEXT() REPRESENTATION_CONTEXT('2D SPACE',''
  ) );
#19937 = ORIENTED_EDGE('',*,*,#19795,.F.);
#19938 = ADVANCED_FACE('',(#19939),#19754,.T.);
#19939 = FACE_BOUND('',#19940,.T.);
#19940 = EDGE_LOOP('',(#19941,#19962,#19963,#19984));
#19941 = ORIENTED_EDGE('',*,*,#19942,.F.);
#19942 = EDGE_CURVE('',#19711,#19826,#19943,.T.);
#19943 = SURFACE_CURVE('',#19944,(#19948,#19955),.PCURVE_S1.);
#19944 = LINE('',#19945,#19946);
#19945 = CARTESIAN_POINT('',(228.6,-293.37,220.98));
#19946 = VECTOR('',#19947,1.);
#19947 = DIRECTION('',(1.,0.,-0.));
#19948 = PCURVE('',#19754,#19949);
#19949 = DEFINITIONAL_REPRESENTATION('',(#19950),#19954);
#19950 = LINE('',#19951,#19952);
#19951 = CARTESIAN_POINT('',(0.,0.));
#19952 = VECTOR('',#19953,1.);
#19953 = DIRECTION('',(0.,1.));
#19954 = ( GEOMETRIC_REPRESENTATION_CONTEXT(2) 
PARAMETRIC_REPRESENTATION_CONTEXT() REPRESENTATION_CONTEXT('2D SPACE',''
  ) );
#19955 = PCURVE('',#19726,#19956);
#19956 = DEFINITIONAL_REPRESENTATION('',(#19957),#19961);
#19957 = LINE('',#19958,#19959);
#19958 = CARTESIAN_POINT('',(0.,30.48));
#19959 = VECTOR('',#19960,1.);
#19960 = DIRECTION('',(1.,0.));
#19961 = ( GEOMETRIC_REPRESENTATION_CONTEXT(2) 
PARAMETRIC_REPRESENTATION_CONTEXT() REPRESENTATION_CONTEXT('2D SPACE',''
  ) );
#19962 = ORIENTED_EDGE('',*,*,#19738,.T.);
#19963 = ORIENTED_EDGE('',*,*,#19964,.T.);
#19964 = EDGE_CURVE('',#19739,#19849,#19965,.T.);
#19965 = SURFACE_CURVE('',#19966,(#19970,#19977),.PCURVE_S1.);
#19966 = LINE('',#19967,#19968);
#19967 = CARTESIAN_POINT('',(228.6,-293.37,266.7));
#19968 = VECTOR('',#19969,1.);
#19969 = DIRECTION('',(1.,0.,-0.));
#19970 = PCURVE('',#19754,#19971);
#19971 = DEFINITIONAL_REPRESENTATION('',(#19972),#19976);
#19972 = LINE('',#19973,#19974);
#19973 = CARTESIAN_POINT('',(45.72,0.));
#19974 = VECTOR('',#19975,1.);
#19975 = DIRECTION('',(0.,1.));
#19976 = ( GEOMETRIC_REPRESENTATION_CONTEXT(2) 
PARAMETRIC_REPRESENTATION_CONTEXT() REPRESENTATION_CONTEXT('2D SPACE',''
  ) );
#19977 = PCURVE('',#19780,#19978);
#19978 = DEFINITIONAL_REPRESENTATION('',(#19979),#19983);
#19979 = LINE('',#19980,#19981);
#19980 = CARTESIAN_POINT('',(0.,30.48));
#19981 = VECTOR('',#19982,1.);
#19982 = DIRECTION('',(1.,0.));
#19983 = ( GEOMETRIC_REPRESENTATION_CONTEXT(2) 
PARAMETRIC_REPRESENTATION_CONTEXT() REPRESENTATION_CONTEXT('2D SPACE',''
  ) );
#19984 = ORIENTED_EDGE('',*,*,#19848,.F.);
#19985 = ADVANCED_FACE('',(#19986),#19726,.F.);
#19986 = FACE_BOUND('',#19987,.F.);
#19987 = EDGE_LOOP('',(#19988,#19989,#19990,#19991));
#19988 = ORIENTED_EDGE('',*,*,#19710,.F.);
#19989 = ORIENTED_EDGE('',*,*,#19895,.T.);
#19990 = ORIENTED_EDGE('',*,*,#19825,.T.);
#19991 = ORIENTED_EDGE('',*,*,#19942,.F.);
#19992 = ADVANCED_FACE('',(#19993),#19780,.T.);
#19993 = FACE_BOUND('',#19994,.T.);
#19994 = EDGE_LOOP('',(#19995,#19996,#19997,#19998));
#19995 = ORIENTED_EDGE('',*,*,#19766,.F.);
#19996 = ORIENTED_EDGE('',*,*,#19917,.T.);
#19997 = ORIENTED_EDGE('',*,*,#19871,.T.);
#19998 = ORIENTED_EDGE('',*,*,#19964,.F.);
#19999 = ( GEOMETRIC_REPRESENTATION_CONTEXT(3) 
GLOBAL_UNCERTAINTY_ASSIGNED_CONTEXT((#20003)) 
GLOBAL_UNIT_ASSIGNED_CONTEXT((#20000,#20001,#20002)) 
REPRESENTATION_CONTEXT('Context #1',
  '3D Context with UNIT and UNCERTAINTY') );
#20000 = ( LENGTH_UNIT() NAMED_UNIT(*) SI_UNIT(.MILLI.,.METRE.) );
#20001 = ( NAMED_UNIT(*) PLANE_ANGLE_UNIT() SI_UNIT($,.RADIAN.) );
#20002 = ( NAMED_UNIT(*) SI_UNIT($,.STERADIAN.) SOLID_ANGLE_UNIT() );
#20003 = UNCERTAINTY_MEASURE_WITH_UNIT(LENGTH_MEASURE(1.E-07),#20000,
  'distance_accuracy_value','confusion accuracy');
#20004 = CONTEXT_DEPENDENT_SHAPE_REPRESENTATION(#20005,#20007);
#20005 = ( REPRESENTATION_RELATIONSHIP('','',#19668,#10) 
REPRESENTATION_RELATIONSHIP_WITH_TRANSFORMATION(#20006) 
SHAPE_REPRESENTATION_RELATIONSHIP() );
#20006 = ITEM_DEFINED_TRANSFORMATION('','',#11,#47);
#20007 = PRODUCT_DEFINITION_SHAPE('Placement','Placement of an item',
  #20008);
#20008 = NEXT_ASSEMBLY_USAGE_OCCURRENCE('36',
  'ENVELOPE 120A main breaker (PLACEHOLDER size)','',#5,#19663,$);
#20009 = PRODUCT_RELATED_PRODUCT_CATEGORY('part',$,(#19665));
ENDSEC;
END-ISO-10303-21;
